Date,Close,High,Low,Open,Volume
2021-09-29,139.31227111816406,140.89236770909372,138.53197117688373,138.9611368887371,74602000
2021-09-30,138.01499938964844,140.8240726910163,137.80041657451724,140.12180436567434,89056700
2021-10-01,139.13670349121094,139.40005789714257,135.68389579904266,138.40517505038864,94639600
2021-10-04,135.71311950683594,138.70751560218017,134.8645515046284,138.26858674850567,98322000
2021-10-05,137.63461303710938,138.73678711480215,135.9277136552574,136.0545166576062,80861100
2021-10-06,138.502685546875,138.6489852474294,134.96208396365105,136.03499804431914,83221100
2021-10-07,139.7609100341797,140.66801284222436,139.2049562794912,139.53657886179528,61732700
2021-10-08,139.3805389404297,140.62901288949595,139.04891630336158,140.48271316225515,58773200
2021-10-11,139.29275512695312,141.2434974770439,138.31738395190774,138.76606124094116,64452200
2021-10-12,138.0247802734375,139.72193160685052,137.56635459515326,139.70242001460875,73035900
2021-10-13,137.43954467773438,137.91746698955632,135.77165355544514,137.76141892529833,78762700
2021-10-14,140.21934509277344,140.3363997461316,138.024760100328,138.60998871817293,69907100
2021-10-15,141.2727508544922,141.3312707409973,139.97550546602724,140.22911148485912,67940300
2021-10-18,142.94061279296875,143.22346381420707,139.63410593501254,139.91695695625089,85589200
2021-10-19,145.09620666503906,145.49611240776287,142.94064476173952,143.38930715549284,76378900
2021-10-20,145.58389282226562,146.0618300447265,144.47197030405582,145.03768735830047,58418800
2021-10-21,145.7984619140625,145.9545248556128,144.22811391179323,145.1449650896746,61421000
2021-10-22,145.0279541015625,146.48124774454206,144.97918256227808,146.00332535531382,58883400
2021-10-25,144.9791717529297,145.69118854784608,143.98428898104416,145.0181800516583,50720600
2021-10-26,145.64244079589844,147.1249943659197,145.34006320959406,145.65218915043056,60893400
2021-10-27,145.18402099609375,146.0423376021523,144.83288673993832,145.68145499107032,56094900
2021-10-28,148.81234741210938,149.39756103040457,146.03253435552523,146.13007740006395,100077900
2021-10-29,146.110595703125,146.2471470636249,142.804088225394,143.59413644564216,124953200
2021-11-01,145.2913360595703,146.01310139910805,144.15990161874348,145.3205960120928,74588300
2021-11-02,146.3251953125,147.8370236875447,144.98892661408803,144.99868985144568,69122000
2021-11-03,147.75900268554688,148.2271767394299,146.1301344105293,146.68608830895576,54511500
2021-11-04,147.2420196533203,148.67580139860405,146.92989377476803,147.84674493928904,60394600
2021-11-05,147.7694854736328,148.66813471450217,146.57779487265975,148.36533077411934,65463900
2021-11-08,146.948974609375,148.0527572213007,146.67547332752292,147.8964665160418,55020900
2021-11-09,147.31040954589844,147.9160175036458,146.57781350486675,146.71456416967115,56787900
2021-11-10,144.4874725341797,146.64619541359409,144.41910465453822,146.53874739869644,65187100
2021-11-11,144.43862915039062,145.96242651484354,144.25303577054234,145.5033467129879,41000000
2021-11-12,146.5094451904297,146.9099196974308,144.0576809080353,144.9856329096499,63804000
2021-11-15,146.5192108154297,148.35558969382197,145.96243066007273,146.88062009926887,59222800
2021-11-16,147.49600219726562,147.97463697406297,145.87451939068316,146.4606021824879,59256200
2021-11-17,149.92825317382812,151.40320809343083,147.48626594651472,147.4960285297294,88807000
2021-11-18,154.20657348632812,154.98801222203343,149.49843081431837,150.14311888912806,137827700
2021-11-19,156.8243865966797,157.28348128204507,152.89766786630707,153.9916731226482,117305600
2021-11-22,157.28347778320312,161.8548695638248,157.26393771700205,157.9281509208038,117467900
2021-11-23,157.66441345214844,158.0453627342285,155.36894027506222,157.3811346832133,96041900
2021-11-24,158.18209838867188,158.3774543011539,155.93546813337693,157.01971058805793,69463600
2021-11-26,153.1711883544922,156.72672078738918,152.73163368073872,155.867151508964,76959800
2021-11-29,156.52154541015625,157.44949714116228,155.10518155763626,155.6717241177042,88748200
2021-11-30,161.46417236328125,161.67906839694083,156.2090119296681,156.2773947152438,174048100
2021-12-01,160.9464569091797,166.34813007275002,160.71202083002768,163.59356203535145,152052500
2021-12-02,159.9598846435547,160.38967666927002,154.13819694441963,155.0563862894109,136739200
2021-12-03,158.08444213867188,161.13205157338396,156.01364225594332,160.21386222018816,118023100
2021-12-06,161.4837188720703,163.98431110380426,160.46784396248754,160.47760654451426,107497000
2021-12-07,167.2076873779297,167.59841414884357,164.43359437560147,165.15642772326544,120405400
2021-12-08,171.01719665527344,171.87678065417452,166.73883163036436,168.1356556285786,116998900
2021-12-09,170.50927734375,172.6484600825667,169.8841293433167,170.85116144440897,108923700
2021-12-10,175.28579711914062,175.46162790674452,170.63625994665398,171.14419733842757,115402700
2021-12-13,171.6619110107422,177.90362873179458,171.45677755961725,176.91705651666257,153237000
2021-12-14,170.2846221923828,173.6154957034132,168.21382219359762,171.18327152968024,139380400
2021-12-15,175.1392822265625,175.33463817394934,168.31148231582245,171.0465102933484,131063300
2021-12-16,168.2626190185547,176.93655914468357,166.78766465581225,175.11972073731067,150185800
2021-12-17,167.16864013671875,169.44457351876034,165.75229083845704,165.98671202152144,195432700
2021-12-20,165.81089782714844,166.62163920449956,163.5740445559153,164.375008447403,107499100
2021-12-21,168.9757080078125,169.1808265329912,165.1955026634982,167.57888393978646,91185900
2021-12-22,171.564208984375,171.77910499631244,168.15519034473417,169.02453697313442,92135300
2021-12-23,172.18934631347656,172.74612637491737,171.20278915942293,171.76933180091095,68356600
2021-12-27,176.1453857421875,176.2332936859138,172.96104046356876,172.9805656257053,74919600
2021-12-28,175.12953186035156,177.1222015844957,174.38717318344425,175.97935346537145,79144300
2021-12-29,175.21743774414062,176.4384311169709,174.00620695259946,175.16859502828655,62348900
2021-12-30,174.0648193359375,176.379833000267,173.95737131856603,175.30535282655248,59773000
2021-12-31,173.44943237304688,175.0709001571645,173.14661351296067,173.9573548573712,64062300
2022-01-03,177.78639221191406,178.6362137085352,173.58618706197944,173.70339765267045,104487900
2022-01-04,175.53001403808594,178.69483440178558,174.9634712930882,178.3920304132724,99310400
2022-01-05,170.86093139648438,175.9891036993743,170.58743006603996,175.44210103848545,94537600
2022-01-06,168.0086669921875,171.23209207239668,167.65702034880644,168.6924202141222,96904000
2022-01-07,168.17471313476562,170.09899955917385,167.06116796216358,168.8780063916408,86709100
2022-01-10,168.19419860839844,168.49700243091408,164.26748168278027,165.15636799736916,106765600
2022-01-11,171.01719665527344,171.1148671703379,166.85605711502512,168.3212489833143,76138300
2022-01-12,171.4567413330078,173.06844633316717,170.76322556870227,172.03304652412405,74805200
2022-01-13,168.19419860839844,172.5213898354132,167.80347197878396,171.70088627026817,84505800
2022-01-14,169.05386352539062,169.74737940608347,167.11979931497876,167.36399798657283,80440800
2022-01-18,165.85977172851562,168.53618013042404,165.47882232581372,167.5300826077829,90956700
2022-01-19,162.37257385253906,167.1100339648471,162.08930995625335,166.05509393247632,94815000
2022-01-20,160.69248962402344,165.74251639966073,160.3701455866801,163.10517370877471,91420500
2022-01-21,158.6412353515625,162.4702688967568,158.53378733529433,160.60458738914824,122848900
2022-01-24,157.86953735351562,158.53376542721094,151.11012055841888,156.30667494751387,162294600
2022-01-25,156.07225036621094,158.98309429431202,153.37630245676536,155.29081165334586,115798400
2022-01-26,155.98431396484375,160.57524507136318,154.15771304423117,159.70589857439398,108275300
2022-01-27,155.5252227783203,160.0380086364196,154.60703355591713,158.68026486629398,121954600
2022-01-28,166.37742614746094,166.39696621279427,159.02216399560837,161.86463986114418,179935700
2022-01-31,170.72415161132812,170.9390476064095,165.57644011866424,166.2113655240236,115541600
2022-02-01,170.55812072753906,170.78277933201363,168.31148996868112,169.9720379540269,86213900
2022-02-02,171.75955200195312,171.79863213102016,169.30780301992357,170.69484950775998,84914300
2022-02-03,168.88783264160156,172.1503389427803,168.12593381020304,170.4311703757622,89418100
2022-02-04,168.6041717529297,170.27662529840396,166.93171820745542,167.90975737649003,82465400
2022-02-07,167.8902130126953,170.1299162190593,167.19579861278513,169.0638570704662,77251200
2022-02-08,170.99058532714844,171.49916986063508,167.66524328351184,167.95865801143464,74829200
2022-02-09,172.4087371826172,172.77060688626915,171.05903840340724,172.18379236064646,71285000
2022-02-10,168.34010314941406,171.6263154743887,167.78262856301606,170.31574652168356,90865900
2022-02-11,164.9365234375,169.27901969811438,164.34969397169522,168.545490327705,98670700
2022-02-14,165.17123413085938,165.85585845870224,162.90217644579033,163.69438566255786,86185500
2022-02-15,168.99539184570312,169.15188170406051,166.51117876998032,167.21536820889426,62527400
2022-02-16,168.76068115234375,169.53332561896576,166.3155829464961,168.07605663944543,61177400
2022-02-17,165.17123413085938,168.13469116142224,164.77023455180458,167.27401205002488,69589300
2022-02-18,163.62596130371094,166.79479876362558,162.54033719370844,166.0906242687398,82772700
2022-02-22,160.71141052246094,163.02935867994262,158.58905229899906,161.35690506054718,91162800
2022-02-23,156.5547332763672,162.50119815168253,156.241753586249,161.90459367562613,90009200
2022-02-24,159.16610717773438,159.27369208830245,148.66196063900136,149.22922517438823,141147500
2022-02-25,161.229736328125,161.49379611504713,157.33713033388693,160.2419073795577,91974200
2022-02-28,161.4938201904297,161.78723492110947,158.86289248069977,159.479061922758,95056600
2022-03-01,159.61598205566406,162.94132403155473,158.41299811175085,161.08304074169718,83474400
2022-03-02,162.9022216796875,163.68465609606667,159.37149924746353,160.77987821220702,79724800
2022-03-03,162.57945251464844,165.20060533866413,161.91439302006907,164.77026570160976,76678400
2022-03-04,159.58663940429688,161.91437725608384,158.54014531943216,160.87765818976635,83737200
2022-03-07,155.8016357421875,161.3960207362876,155.54733601828758,159.7724722055909,96418800
2022-03-08,153.98248291015625,159.30301816152476,152.37849933499598,155.33218168421902,131148300
2022-03-09,159.37149047851562,159.82139509337992,155.90923815043413,157.9337716080875,91454900
2022-03-10,155.0387725830078,156.86770104560523,152.55454474714313,156.68187121650197,105342000
2022-03-11,151.3319854736328,155.78206635482195,151.1070406596988,155.43974670100266,96970100
2022-03-14,147.3122100830078,150.73534613403064,146.80364061476897,148.12398413737876,108732100
2022-03-15,151.68408203125,152.1535515492418,147.0775261791108,147.58609577139651,92964300
2022-03-16,156.08526611328125,156.48626575095446,151.06793536575267,153.60105321090987,102300200
2022-03-17,157.0926513671875,157.46431103838808,154.16832371335292,155.12679794973494,75615400
2022-03-18,160.37884521484375,160.86786475806085,156.25151907619613,156.98504839102176,123511700
2022-03-21,161.74810791015625,162.6968070121453,159.4301451412394,159.9191646814939,95811400
2022-03-22,165.11257934570312,165.6993938917205,161.28844262082922,161.87525716684658,81532000
2022-03-23,166.4720458984375,168.84867380689857,163.9682532045546,164.30079784879288,98062700
2022-03-24,170.2472686767578,170.31572365157868,166.47203725633872,167.30336151454603,90131400
2022-03-25,170.88299560546875,171.43069512284325,168.95625735233114,170.061446329407,80546200
2022-03-28,171.7436981201172,171.87083307439428,168.22275085370143,168.38901573521346,90371900
2022-03-29,175.0299072265625,175.07879724912362,172.46743429498167,172.80975399507543,100589400
2022-03-30,173.8660430908203,175.66563174403498,172.81953392128133,174.62891251824163,92633200
2022-03-31,170.77540588378906,174.120297776475,170.5700111087268,173.93446796182153,103049300
2022-04-01,170.48199462890625,171.0394840841696,168.16404671715162,170.20814487239906,78751300
2022-04-04,174.52130126953125,174.5702062097959,170.60914482743888,170.7362946873885,76468400
2022-04-05,171.21551513671875,174.38436705774205,170.589570736433,173.6019328264619,73401800
2022-04-06,168.05645751953125,169.81693085468368,166.39379406221198,168.57481703992445,89058800
2022-04-07,168.35964965820312,169.55285855113002,166.11994669119974,167.4011755212215,77594700
2022-04-08,166.3546905517578,168.00757925318007,165.48423622614246,168.00757925318007,76575500
2022-04-11,162.1099853515625,165.31795249524248,161.8654755697351,165.00498773482366,72246700
2022-04-12,163.9780731201172,166.13953162244414,162.98046885243798,164.33016786613953,79265200
2022-04-13,166.65786743164062,167.28381189911025,163.10759541750994,163.7139749230824,70618900
2022-04-14,161.66009521484375,167.50878046321276,161.4155854111937,166.87304601950618,75329400
2022-04-18,161.44493103027344,162.94132974863555,159.977872292766,160.32017704396847,69023900
2022-04-19,163.72372436523438,164.13451388243473,160.31037777023087,161.39600166868107,67723800
2022-04-20,163.55746459960938,165.1712379709988,162.45229063171516,165.0538631380032,67929800
2022-04-21,162.76527404785156,167.7630547165198,162.266479452362,165.20059691129774,87227800
2022-04-22,158.23690795898438,164.18338629543857,157.9532832428045,162.8043627806477,84882400
2022-04-25,159.30299377441406,159.58661851207708,154.9800632753819,157.58163561913904,96046400
2022-04-26,153.3565673828125,158.77489861463468,153.27832244686797,158.68687865808295,95623200
2022-04-27,153.13160705566406,156.2808795981602,151.967738002025,152.48609759207858,88063200
2022-04-28,160.04632568359375,160.9070049099631,155.43975472715812,155.7527344180899,130216800
2022-04-29,154.1878662109375,162.55010393809633,153.79665651995063,158.28585264208988,131747600
2022-05-02,154.49105834960938,154.75511815394006,149.9040527150275,153.26850950984627,123055300
2022-05-03,155.9777069091797,157.18070602041826,152.88711399336617,154.67691281994897,88966500
2022-05-04,162.3740692138672,162.82395888042848,155.76251479077115,156.1635144371754,108256500
2022-05-05,153.3271942138672,160.47665766238154,151.5471558846843,160.25171284753384,130525300
2022-05-06,154.05198669433594,156.16765847712838,151.01560506464577,152.80804796848787,116124600
2022-05-09,148.9391326904297,152.63176175523802,148.38083908771665,151.75022430191655,131577900
2022-05-10,151.33883666992188,153.52307898712107,149.7912627423493,152.32811702969943,115366700
2022-05-11,143.49327087402344,152.2595803376125,142.81742986905113,150.34960463592216,142689800
2022-05-12,139.6340789794922,143.19937058277358,135.95125505327687,139.83977549024235,182602000
2022-05-13,144.0907440185547,145.0604308345469,140.17283922837782,141.62245981596948,113990900
2022-05-16,142.5529327392578,144.49230601105745,141.22084476017127,142.56273706460962,86643800
2022-05-17,146.177001953125,146.6961230315545,143.66953086740642,145.80479629477273,78336300
2022-05-18,137.92984008789062,144.33560760113403,137.0287088681347,143.83608013972986,109742900
2022-05-19,134.5310516357422,138.7525913397019,133.7964445425997,137.00912503429328,136095600
2022-05-20,134.76611328125,137.81228455615957,129.88832647827988,136.2353274341848,137426100
2022-05-23,140.17282104492188,140.31973647724712,134.82487512400195,134.9620011760451,117726300
2022-05-24,137.4792938232422,139.05625126128453,134.51148183512868,137.92005516834,104132700
2022-05-25,137.63600158691406,138.87992561613757,135.50073567160547,135.5888849437953,92482700
2022-05-26,140.8291015625,141.37760590054086,134.32537951243148,134.5702485880299,90601500
2022-05-27,146.56881713867188,146.6079896103765,142.27870662441157,142.4060433122878,90978500
2022-05-31,145.7852325439453,147.56788638378129,143.82628016379354,146.01052282850958,103718400
2022-06-01,145.6579132080078,148.62572491730577,144.6490389655957,146.8234773391278,74286600
2022-06-02,148.10659790039062,148.16536407915592,143.8458705924634,144.79596367082308,72348100
2022-06-03,142.39625549316406,144.93309527765794,141.49513917786348,143.88504856420633,88570300
2022-06-06,143.1406707763672,145.52080603843785,141.92611474243267,144.01240411533595,71598400
2022-06-07,145.6579132080078,145.94195473174813,141.14252729935507,141.3873963509184,67808200
2022-06-08,144.92330932617188,146.7940975636926,144.43357121198528,145.53057980516448,53950200
2022-06-09,139.7124786376953,144.91349464755012,139.60473566244548,144.06135517233236,69473000
2022-06-10,134.31558227539062,137.87107088214006,134.24701176433422,137.40092646925825,91437900
2022-06-13,129.1732940673828,132.42514647480579,128.74232225475177,130.1429657001856,122207100
2022-06-14,130.0352325439453,131.14204524198857,128.7815044194442,130.39764883857168,84784300
2022-06-15,132.65045166015625,134.52125474775525,129.4475753177957,131.5338494146611,91533000
2022-06-16,127.39068603515625,129.67286762283086,126.39161601772796,129.36923235910814,108123900
2022-06-17,128.8599090576172,130.34871732723784,127.14582540730095,127.4004988291183,134520300
2022-06-21,133.0814208984375,134.24699991857628,130.58376865027734,130.68170729877417,81000500
2022-06-22,132.5720672607422,134.93259278933536,131.16161959240785,132.02354820979977,73409200
2022-06-23,135.43218994140625,135.74561458048865,132.84637315008302,134.01195231906672,72433800
2022-06-24,138.7526092529297,138.99747831559026,136.90139973704072,137.02872148660157,89116800
2022-06-27,138.7526092529297,140.5450525850796,138.0767682486871,139.77125797752416,70207900
2022-06-28,134.61920166015625,140.47646473111445,134.50166930718802,139.21294709984699,67083400
2022-06-29,136.37246704101562,137.7829151592785,133.8650103621575,134.63880492913648,66242400
2022-06-30,133.9139404296875,135.53006961627574,131.02448963925815,134.43306143850023,98964500
2022-07-01,136.07861328125,136.1863562547321,132.87573705664798,133.2479278277153,71051600
2022-07-05,138.65463256835938,138.70360936186282,134.1196535002059,134.94242477245444,73353800
2022-07-06,139.98672485351562,141.16209320483665,138.18449238511542,138.44895512148898,74064300
2022-07-07,143.3463592529297,143.5422515193908,140.3393599057939,140.3491492881493,66253700
2022-07-08,144.02218627929688,144.52172874952925,142.0240612352335,142.2787196887486,64547800
2022-07-11,141.8966827392578,143.6303594367227,140.82905749070648,142.68026652507825,63141600
2022-07-12,142.8663787841797,145.40321819395862,142.07300556646354,142.768425199881,77588800
2022-07-13,142.5039825439453,143.44427122627144,139.2031379384123,140.0552923046931,71185600
2022-07-14,145.42283630371094,145.89298070687983,140.30996921418316,141.1229362743088,78140700
2022-07-15,147.0879364013672,147.76377735798872,145.1583671279135,146.7059412883577,76259900
2022-07-18,144.0515594482422,148.45920196700573,143.6891431225671,147.64623499784832,81420900
2022-07-19,147.90090942382812,148.1261847699647,143.89485526545627,144.88412086859606,82982400
2022-07-20,149.89901733398438,150.56506886066487,147.2838179131366,148.01842499581136,64823400
2022-07-21,152.16165161132812,152.37713759641647,148.82163378808133,151.32909076479385,65086600
2022-07-22,150.92745971679688,153.0725146399616,150.26142318216912,152.20078156045275,66675400
2022-07-25,149.8108367919922,151.85793784801606,149.1545897286283,150.8490788607654,53623900
2022-07-26,148.48858642578125,149.94799628582763,147.70500253719806,149.13502930916428,55138700
2022-07-27,153.5720672607422,154.10099277980115,149.0371026048061,149.4484808165071,78620700
2022-07-28,154.12057495117188,154.40461645264705,151.24091273921562,153.7581586202447,81378700
2022-07-29,159.17465209960938,160.2716754702952,156.22643448443253,157.93072824104914,101786900
2022-08-01,158.19520568847656,160.2325181068246,157.58793518866128,157.70546755749734,67829400
2022-08-02,156.72596740722656,159.07671904499605,156.35377664743476,156.81413161603723,59907000
2022-08-03,162.72036743164062,163.1709180629882,157.45078129075776,157.53893055181024,82507500
2022-08-04,162.40695190429688,163.7586338892835,161.05526991931026,162.6028441618955,55474100
2022-08-05,162.18133544921875,162.67175374212067,159.87636348602825,160.08234575425365,56697000
2022-08-08,161.7105255126953,164.59418751238474,161.0533667864172,163.18178041324063,60276900
2022-08-09,161.7595977783203,162.64235984823435,160.12160217379457,160.87685067478762,63135500
2022-08-10,165.99679565429688,166.0948703368816,163.70162657940335,164.46667794890814,70170500
2022-08-11,165.2611846923828,167.71327649760102,164.9669306824805,166.8010905635419,57149200
2022-08-12,168.80198669433594,168.87063747457046,166.1537158722437,166.5656804191666,68039400
2022-08-15,169.87109375,170.0672580774187,168.06635799154176,168.2330984181666,54091700
2022-08-16,169.7141571044922,170.38113378052608,168.37041574061854,169.4689479524639,56377100
2022-08-17,171.2050323486328,172.77436193637106,169.2629800618565,169.45914438952641,79542000
2022-08-18,170.81271362304688,171.54834118381174,169.8024529702403,170.4203849105247,62290100
2022-08-19,168.23312377929688,170.4105825645676,168.02714147630917,169.71418188591318,70346300
2022-08-22,164.3588104248047,166.6049198473659,163.9370428679026,166.43817940694694,69026800
2022-08-23,164.02529907226562,165.4769480040651,163.4564120530002,163.87817957003261,54147100
2022-08-24,164.31954956054688,164.88843656775538,163.0640799468379,164.1135822617859,53841500
2022-08-25,166.7716522216797,166.8795448504242,165.12385385508654,165.54560642521002,51218200
2022-08-26,160.48451232910156,167.77213753118554,160.42566451575846,167.3013400580589,78961000
2022-08-29,158.28744506835938,159.77830620497173,156.7573420791942,158.0618418321346,73314000
2022-08-30,155.8647918701172,159.44484048815386,154.69759359071182,159.02308781449068,77906200
2022-08-31,154.20712280273438,157.5027341926007,154.12865408316875,157.23790413486398,87991100
2022-09-01,154.9329833984375,155.38415993328115,151.70602203096658,153.6382716729597,74229900
2022-09-02,152.82415771484375,157.286967514474,152.00025851175562,156.6886565527691,76957800
2022-09-06,151.5686798095703,154.07961913097643,150.74478065092995,153.47150522336744,73714800
2022-09-07,152.97129821777344,153.6676838931478,150.66632598771957,151.85314497915547,87449600
2022-09-08,151.50003051757812,153.36361410419434,149.75412756943635,151.6765739248584,84923800
2022-09-09,154.3542938232422,154.79568238893683,151.7845060067485,152.4907097522004,68028800
2022-09-12,160.29811096191406,161.11220709833708,156.24726616785827,156.53170218353472,104956000
2022-09-13,150.89190673828125,157.46350930410847,150.43091231518306,156.8357744463717,122656600
2022-09-14,152.33375549316406,154.08946168271527,150.66633598686377,151.82371618505977,87965400
2022-09-15,149.45005798339844,152.26506901475514,148.47903939265456,151.68636408491093,90481100
2022-09-16,147.81207275390625,148.44962552428208,145.5267216779744,148.31230899881908,162278800
2022-09-19,151.51962280273438,151.5980915210163,146.24273245408108,146.44869974399057,81474200
2022-09-20,153.89328002929688,155.05067517637016,150.14649142825516,150.46035140561636,107689800
2022-09-21,150.77423095703125,155.6980357811973,150.65653533272163,154.32485530993193,101696800
2022-09-22,149.81300354003906,151.50984684718208,148.0180705759549,149.4599017279835,86652500
2022-09-23,147.54727172851562,148.5673503753869,145.71311171309017,148.29271727039426,96029900
2022-09-26,147.88072204589844,150.82323152103234,146.77237202102398,146.79199294144382,93339400
2022-09-27,148.85179138183594,151.75507497309587,147.07647912072952,149.81302224747262,84442700
2022-09-28,146.9685516357422,147.75322390412563,142.06436866631904,144.81071412247172,146691400
2022-09-29,139.74961853027344,143.9083718149734,137.98410935439225,143.30025780798485,128138200
2022-09-30,135.55162048339844,140.35772899315157,135.35545614892226,138.5725991267457,124925300
2022-10-03,139.7201690673828,140.32829792951577,135.05139229305564,135.5614315097669,114311700
2022-10-04,143.30026245117188,143.41795807791704,141.4955113649154,142.25075989142124,87830100
2022-10-05,143.59451293945312,144.55574385560058,140.26947652199397,141.30917618434017,79471000
2022-10-06,142.64308166503906,144.7126478104947,142.43711432828448,143.0158044200555,68402200
2022-10-07,137.40541076660156,140.3577388347644,136.7776758724346,139.80845770678545,85925600
2022-10-10,137.7290802001953,139.17091126885134,135.91454138275128,137.7290802001953,74899000
2022-10-11,136.3166961669922,138.64128959242282,135.57126557653487,137.2190642395612,77033700
2022-10-12,135.68898010253906,137.67027493258615,135.5124366353625,136.46384967439388,70433700
2022-10-13,140.24984741210938,140.8383404618952,131.7950247428473,132.4031536839207,113224000
2022-10-14,135.72817993164062,141.75051634248345,135.5418185741853,141.54453406151188,88598000
2022-10-17,139.6809539794922,140.16155437004147,137.5819641011487,138.36663643162046,85250900
2022-10-18,140.99526977539062,143.88873492707052,137.91544326382163,142.7019309504816,99136600
2022-10-19,141.1031494140625,142.17225768233465,138.78837451258266,138.97473585531196,61758300
2022-10-20,140.64215087890625,143.09424222902763,139.9163264513743,140.2792461483292,64522000
2022-10-21,144.44781494140625,145.0167019837592,139.916339525803,140.13212478208789,86548600
2022-10-24,146.5860595703125,147.35111109163424,143.20217553886908,144.36937374781388,75981900
2022-10-25,149.42066955566406,149.5678040506047,146.49778017936205,147.2137868289863,74732300
2022-10-26,146.4879608154297,149.07736899312695,145.20305222207165,148.06710843299678,88194300
2022-10-27,142.02517700195312,146.19373355952823,141.36801811707775,145.23251764978033,109180200
2022-10-28,152.75547790527344,154.48174471225758,144.98725482427943,145.3599625074013,164762400
2022-10-31,150.40150451660156,151.2842665764986,149.0087181195706,150.22496108445085,97943200
2022-11-01,147.76304626464844,152.47106552613408,146.27218522217615,152.10816072803473,80379300
2022-11-02,142.250732421875,149.2539052221096,142.22130852087065,146.09561013902547,93604600
2022-11-03,136.21859741210938,140.06347524662803,136.0910838596121,139.3376507448135,97918500
2022-11-04,135.95333862304688,140.16810151754257,132.0234836201314,139.59827074317496,140814800
2022-11-07,136.48385620117188,136.70981865595215,133.29084915754692,134.70559929239224,83374600
2022-11-08,137.0536651611328,138.94981261597127,135.07891882338652,137.94771058910516,89908500
2022-11-09,132.5048828125,136.12035725287217,132.2297941583769,136.07123106652006,74917800
2022-11-10,144.29446411132812,144.29446411132812,137.05371017047622,138.7632027049217,118854000
2022-11-11,147.07479858398438,147.37935990276293,141.83826577346156,143.26284999283982,93979700
2022-11-14,145.6797637939453,147.6446918353972,144.84466337984375,146.35766636684002,73374100
2022-11-15,147.4088897705078,150.8966399168543,145.9548472696822,149.55066905406906,89868300
2022-11-16,146.18075561523438,147.2418181251695,144.70706018330316,146.51480463978803,64218300
2022-11-17,148.0769500732422,148.8236171893066,143.5870831617381,143.8621718356149,80389400
2022-11-18,148.63694763183594,150.0222252429551,147.3401031595605,149.6390649453273,74829600
2022-11-21,145.41444396972656,147.73305885560603,145.12953609848137,147.52674987775407,58724100
2022-11-22,147.5464324951172,147.78222924583375,144.35342457798163,145.53239334035396,51804100
2022-11-23,148.4208221435547,149.16748927839564,146.72114887646376,146.82922050043365,58301400
2022-11-25,145.51271057128906,146.2692118769101,144.54006603549058,145.7092003283938,35195900
2022-11-28,141.69090270996094,144.06846284178744,140.86563687733454,142.59476743015247,69246000
2022-11-29,138.69439697265625,142.2705641956943,137.88878454429147,141.75967888062996,83763800
2022-11-30,145.43411254882812,146.11201495746124,138.0852876520207,138.92037287256267,111380900
2022-12-01,145.70921325683594,146.51484082101652,144.0390276864429,145.61097586517099,71250400
2022-12-02,145.21792602539062,145.4045964870408,143.09580128958288,143.4003775640245,65447400
2022-12-05,144.0586700439453,148.27343309869434,143.21375058654476,145.17867816271277,68826400
2022-12-06,140.40390014648438,144.71691547188212,139.43125562304482,144.49095300364328,64727200
2022-12-07,138.4684295654297,140.85580904494128,137.54491133359693,139.69650913090823,69721100
2022-12-08,140.14845275878906,141.0032064446931,138.62564588690643,139.86354485762612,62128300
2022-12-09,139.6670379638672,143.0172426533997,138.42912415381502,139.84387422747133,76097000
2022-12-12,141.95620727539062,141.9660265170688,138.58634846990296,140.1975885864345,70462700
2022-12-13,142.91900634765625,147.34009332894186,141.71058010364294,146.87833415604433,93886200
2022-12-14,140.69862365722656,144.0881201971517,138.6845702087708,142.80109523487565,82291200
2022-12-15,134.10629272460938,139.3133532425607,133.6445335943197,138.63545090272245,98931900
2022-12-16,132.15122985839844,135.2361662798,131.38490912253005,134.2930092162133,160156900
2022-12-19,130.04872131347656,132.82909551472687,129.01714637272462,132.74067737544078,79592600
2022-12-20,129.97994995117188,130.91328746393052,127.61220884643005,129.08590439011405,77432800
2022-12-21,133.07469177246094,134.4108428696223,130.42204304769788,130.64800547841642,85928000
2022-12-22,129.9111785888672,132.20032094511618,128.0150307307424,131.99401195090732,77852100
2022-12-23,129.54769897460938,130.09787639620362,127.36662777385332,128.6241804492717,63814900
2022-12-27,127.74978637695312,129.10559142681458,126.46276099945749,129.076118707575,69007800
2022-12-28,123.8297348022461,128.73222692892008,123.66271775984323,127.39607559848972,85438400
2022-12-29,127.33714294433594,128.1918817150827,125.49011356491995,125.74554877459363,75703700
2022-12-30,127.65151977539062,127.67117324976594,125.19536766637758,126.15818552945343,77034200
2023-01-03,122.87674713134766,128.6045053870652,121.99252821247748,127.99538262842435,112117500
2023-01-04,124.14411163330078,126.40378110334795,122.88655931785308,124.66481618620305,89113600
2023-01-05,122.8276138305664,125.52938912334946,122.57217865426507,124.90061292758642,80962700
2023-01-06,127.34696197509766,128.00521096875735,122.69991206962038,123.80027430194448,87754700
2023-01-09,127.86763763427734,131.07047871721036,127.61220248294386,128.18203319703136,70790800
2023-01-10,128.4375,128.95820466182693,125.87326865028986,127.97574077291436,63896200
2023-01-11,131.1490936279297,131.1687321095965,128.17222961380043,128.94836939344688,69458900
2023-01-12,131.07049560546875,131.90558081812333,129.13504077259947,131.5322547782573,71379600
2023-01-13,132.3968048095703,132.55400260182785,129.35117628841525,129.71468306570503,57809700
2023-01-17,133.55615234375,134.88246968730516,131.77789498509242,132.46561675484807,63646600
2023-01-18,132.83892822265625,136.1792989256054,132.6620769549058,134.42069543585905,69672800
2023-01-19,132.89784240722656,133.86065244378065,131.42414715096476,131.72870843866633,58280400
2023-01-20,135.45225524902344,135.59963378756996,131.8662690124696,132.9076780568954,80223600
2023-01-23,138.6354522705078,140.806703627411,135.4817372209474,135.6978804326285,81760300
2023-01-24,140.03053283691406,140.64948968940584,137.83964325138285,137.84946249034775,66435100
2023-01-25,139.372314453125,139.93231102042415,136.37579688239575,138.41932337339787,65799300
2023-01-26,141.4355010986328,141.72040901629467,139.41161299424252,140.65934626942868,54105100
2023-01-27,143.3709716796875,144.64817794345515,140.57095813076285,140.64955705374058,70555800
2023-01-30,140.49234008789062,142.99762607371383,140.34497649686972,142.41797596075202,64015300
2023-01-31,141.7596893310547,141.80881551729502,139.78494257033407,140.19757555057984,65874500
2023-02-01,142.8796844482422,144.0389993752098,138.8417731528238,141.44529588395375,77663600
2023-02-02,148.17518615722656,148.52885870656533,145.57164829200897,146.2888426135127,118339000
2023-02-03,151.7906494140625,154.62014981197694,145.23761799882098,145.43410775063012,154357300
2023-02-06,149.06924438476562,150.41523013113607,148.13590667152536,149.89452545981646,69858300
2023-02-07,151.93801879882812,152.50784959474223,147.99834440627268,147.99834440627268,83322600
2023-02-08,149.25588989257812,151.8692470443083,148.51904208604415,151.18152542311802,64120100
2023-02-09,148.22427368164062,151.62360422246954,147.78216807435706,151.083246261921,56007100
2023-02-10,148.58834838867188,148.91305820143486,146.82706002572684,147.0632167115801,57450700
2023-02-13,151.3828582763672,151.78627208132363,148.49983612289876,148.52935383999073,62199000
2023-02-14,150.7432403564453,151.3041068890254,148.4407688328002,149.68055772689488,61707600
2023-02-15,152.83909606933594,153.00636811059493,150.42838780610393,150.6546952720313,65573800
2023-02-16,151.24510192871094,153.82308261470098,150.890874314185,151.04829713189807,68167900
2023-02-17,150.1037139892578,150.54649479465752,148.43097816102596,149.90692418842454,59144100
2023-02-21,146.09896850585938,148.87375415444836,146.0300988341385,147.79138776370112,58867200
2023-02-22,146.52206420898438,147.54538003263738,144.80012742797703,146.48269724609548,51011300
2023-02-23,147.0041961669922,147.92912460701393,144.87884561858363,147.68313363952294,48394200
2023-02-24,144.35733032226562,144.82962872471046,143.38320079150859,144.75090982195374,55469600
2023-02-27,145.5479278564453,146.7778826433076,145.08546365545737,145.3413038601465,44998500
2023-02-28,145.04612731933594,146.68934528974674,144.47542643511753,144.69189970203135,50547000
2023-03-01,142.9797821044922,144.86899086128216,142.68458995191014,144.4754113339038,55479000
2023-03-02,143.57015991210938,144.3573339453376,141.59238308918532,142.0646965175798,52238100
2023-03-03,148.60806274414062,148.68678165578146,144.96739941181147,145.66600535471582,70732300
2023-03-06,151.36312866210938,153.79352005595112,150.9990669195326,151.32376170858595,87558000
2023-03-07,149.16893005371094,151.55995507278075,148.70646582947896,151.2352451910372,56182000
2023-03-08,150.4185333251953,151.00891757952724,149.39521763366128,150.35949790258118,47204800
2023-03-09,148.1750946044922,152.0617483379844,147.8208670608722,151.09746808583355,53833600
2023-03-10,146.11863708496094,148.5195113692859,145.24290982690115,147.80122193638456,68572400
2023-03-13,148.05703735351562,150.6842189540097,145.33145336527863,145.43968998615728,84457100
2023-03-14,150.14303588867188,150.94004418166887,147.6929755826584,148.85404568502526,73695900
2023-03-15,150.53662109375,150.7924462663543,147.51584514285557,148.76548332238644,77167900
2023-03-16,153.35076904296875,153.9509875803486,149.20827470890512,149.71994010489203,76161100
2023-03-17,152.51438903808594,154.22649145558808,151.80593390078133,153.57707174404283,98944600
2023-03-20,154.8759002685547,155.28917828804447,151.67801783277878,152.58327776546486,73641400
2023-03-21,156.72573852539062,156.8438093660786,154.0296725549558,154.79717806171172,73938300
2023-03-22,155.29901123046875,159.53989288471735,155.27932775015748,156.7454392443716,75701800
2023-03-23,156.38136291503906,158.9593583364734,155.15140813839363,156.28297554136526,67622100
2023-03-24,157.68019104003906,157.76874417421377,155.3186840441415,156.31248202721346,59196500
2023-03-27,155.7417449951172,158.19181956893328,155.3383163478859,157.3751280443279,52390300
2023-03-28,155.12188720703125,155.94842821050446,153.47866946121147,155.43676283008696,45992200
2023-03-29,158.19186401367188,158.46737267599337,156.7946372221569,156.8143056879684,51305700
2023-03-30,159.75636291503906,159.86459953343115,158.68384597812414,158.93967116064357,49501700
2023-03-31,162.255615234375,162.3540176143248,159.31357325147573,159.8350728342002,68749800
2023-04-03,163.5052490234375,163.6233198649464,161.586522778444,161.6357239671043,56976200
2023-04-04,162.9739227294922,164.16451047380076,162.46225736922722,163.92836877990578,46278300
2023-04-05,161.13389587402344,162.4032175003463,159.2053353608918,162.09819114468434,51511700
2023-04-06,162.0194854736328,162.31467762112032,159.40213812085784,159.8252353547828,45390100
2023-04-10,159.43167114257812,159.43167114257812,157.51294452082058,158.8314525568901,47716900
2023-04-11,158.22140502929688,159.75638637804428,157.93604707794614,159.74655214369014,47644200
2023-04-12,157.53257751464844,159.4611377523383,157.21770195758472,158.63461193618548,50133100
2023-04-13,162.90504455566406,163.14120127307194,158.83143501847854,159.03807402297244,68445600
2023-04-14,162.56065368652344,163.6528540223282,161.19294470872245,161.95058596716467,49386500
2023-04-17,162.58038330078125,162.7378211594505,161.39962938896315,162.44262892797082,41516200
2023-04-18,163.8004608154297,164.7253892225956,162.99360326395418,163.43639900098648,49923000
2023-04-19,164.9418487548828,165.46334834295578,162.8853530999642,163.14119328481948,47720200
2023-04-20,163.97760009765625,165.17803741907238,162.905082905045,163.42658264141926,52456400
2023-04-21,162.37371826171875,163.78077935638615,161.85221862385353,162.4032359760057,58337300
2023-04-24,162.6787567138672,162.94443117624493,161.26184626664974,162.35404681853836,41949600
2023-04-25,161.14376831054688,163.6430299514636,161.10440134757968,162.54099521393778,48714100
2023-04-26,161.13389587402344,162.62952495549953,160.18929909610858,160.44512426219072,45498800
2023-04-27,165.70933532714844,165.85692388096987,162.54097091629146,162.54097091629146,64902300
2023-04-28,166.95896911621094,167.12625617335198,165.1878463008649,165.78806481489534,55275900
2023-05-01,166.87042236328125,167.71663185783257,165.9356597273935,166.56539597816914,52472900
2023-05-02,165.83724975585938,167.6182368189597,164.85328597063295,167.3623966257795,48425700
2023-05-03,164.76475524902344,168.17911124939818,164.47941231869004,166.78188428598025,65136000
2023-05-04,163.13136291503906,164.36131774887434,161.67510059572527,162.24580144031648,81235400
2023-05-05,170.78660583496094,171.504895212846,168.02165491497223,168.23812815446027,113453200
2023-05-08,170.71771240234375,171.06210572406735,169.35000337616833,169.7140651629481,55962800
2023-05-09,169.0154571533203,170.75706217667226,168.84818511789587,170.27492954930042,45326900
2023-05-10,170.7767333984375,171.23919752781075,169.14335009103814,170.24539961899495,53724500
2023-05-11,170.96371459960938,171.79024060925457,169.40904995436452,171.06211698775132,49514700
2023-05-12,170.0375213623047,171.50564580777203,168.49055408757272,171.07210045600348,45533100
2023-05-15,169.5448455810547,170.66811525184778,168.95364468701064,170.6188460048669,37266700
2023-05-16,169.5448455810547,170.5991352991019,169.27880367524853,169.46601779285794,42110300
2023-05-17,170.15573120117188,170.39219951568867,167.91903983890595,169.19011716888295,57951600
2023-05-18,172.4810791015625,172.66829318642024,170.04732606813303,170.46116060762145,65496700
2023-05-19,172.5895233154297,173.80146880445517,172.37275062180032,173.80146880445517,55809500
2023-05-22,171.64356994628906,172.1460951955022,170.9045763773169,171.42679729660153,43570900
2023-05-23,169.0423126220703,170.83561089353927,168.76642289336164,170.58927970470205,50747300
2023-05-24,169.31822204589844,169.8897122746601,168.0176010356781,168.57922839342694,45143500
2023-05-25,170.4513397216797,171.3479738482291,169.17041449607095,169.8798495430277,56058300
2023-05-26,172.85552978515625,173.19055165787438,170.56958397024448,170.77650880236848,54835000
2023-05-30,174.6980743408203,176.36327550868927,173.97879151124883,174.36306754730614,55964400
2023-05-31,174.6488494873047,176.7180379211288,174.16603484344822,174.72767728843633,99625300
2023-06-01,177.44712829589844,177.47668683522244,174.33349851829678,175.0922027756249,68901800
2023-06-02,178.2945098876953,179.11233123154489,176.62930866038764,178.37333767160567,61996900
2023-06-05,176.94464111328125,182.2358308287415,175.4272324012079,179.949884959394,121946500
2023-06-06,176.58004760742188,177.4766816655694,174.82615579439974,177.3288889732544,64848400
2023-06-07,175.21044921875,178.55069942371495,174.71778685793004,175.8213457350109,61944600
2023-06-08,177.9201202392578,178.18614713091944,174.85575927069235,175.2892895872439,50214900
2023-06-09,178.30438232421875,179.55573399442156,177.9792233362159,178.83645110058313,48900000
2023-06-12,181.09283447265625,181.19137296447727,178.31422641468646,178.60982685528654,54274900
2023-06-13,180.619873046875,181.44754220802452,179.76264534674598,180.1173628493618,54929100
2023-06-14,181.25048828125,181.68403358526143,179.34881869349235,180.67899811094975,57462900
2023-06-15,183.2802734375,183.78279874291368,181.08300318978328,181.26036948430115,65433200
2023-06-16,182.20626831054688,184.245897953939,181.56581317602513,183.98970387223915,101256200
2023-06-20,182.29490661621094,183.3689219025579,181.70372085188743,181.70372085188743,49799100
2023-06-21,181.2603759765625,182.68909408055805,179.91047063421516,182.18656875714527,49515700
2023-06-22,184.25576782226562,184.30503707731958,180.97463389589913,181.04361385994784,51245300
2023-06-23,183.94046020507812,184.8075509993679,182.29496929127177,182.8270532004463,53117000
2023-06-26,182.5511474609375,185.29034946556595,182.51172604562308,184.08825189117624,48088700
2023-06-27,185.3002166748047,185.62537572825232,182.94529053153212,183.16206323383057,50730800
2023-06-28,186.47274780273438,187.11320300977505,184.84696764032918,185.1721116449177,51216800
2023-06-29,186.80772399902344,187.2806907250245,186.16726889716722,186.3052137668684,46347300
2023-06-30,191.12344360351562,191.62595381515632,188.45320690668942,188.81778728912292,85213200
2023-07-03,189.6356201171875,191.0347795474039,188.9458807202263,190.93624105216273,31458200
2023-07-05,188.52220153808594,190.1479814937267,187.82261429340878,188.75868490984942,46920300
2023-07-06,188.99513244628906,189.20205725316632,186.42343432149448,187.0540415419299,45094300
2023-07-07,187.88172912597656,189.84253092683244,187.4481988352347,188.60102706839623,46815000
2023-07-10,185.8421173095703,187.20187038994513,184.29515010539157,186.48257243692333,59922200
2023-07-11,185.3199005126953,186.52199803845542,183.86162393721375,186.3840531601648,46638100
2023-07-12,186.98507690429688,188.88674640306317,185.7041517573503,186.89638625272656,60750200
2023-07-13,187.7437744140625,188.38424453327508,186.99493300399138,187.7043680387378,41342300
2023-07-14,187.89158630371094,188.37438582770977,186.8471444335954,187.4383302857117,41616200
2023-07-17,191.14315795898438,191.46831693797242,188.9951421376018,189.08381775872684,50520200
2023-07-18,190.88697814941406,191.47817907078496,189.5962050071137,190.5125649317522,48288200
2023-07-19,192.23690795898438,195.320964896157,189.822849750849,190.26625801592914,80507300
2023-07-20,190.2957763671875,193.58675746858663,189.6750169550875,192.22700448393437,59581200
2023-07-21,189.1232452392578,192.10877819186132,188.4236580132484,191.25155042374644,71951700
2023-07-24,189.92137145996094,192.04967681854123,189.42870901778204,190.57168949200457,45377800
2023-07-25,190.77857971191406,191.58655325087184,190.08885537064708,190.49284214012596,37283200
2023-07-26,191.6457061767578,192.7689760383015,190.4830299318555,190.8278846495574,47471900
2023-07-27,190.3844757080078,194.30606454519102,189.72430983845956,193.14338839624878,47460200
2023-07-28,192.9561309814453,193.74439372054138,191.29092989175592,191.81315076149906,48291400
2023-07-31,193.56703186035156,193.60645326737566,192.39449307660055,193.18275583360523,38824100
2023-08-01,192.73941040039062,193.8429695122176,192.41425136889904,193.36016991822595,35175100
2023-08-02,189.7538604736328,192.31569604997566,189.03457754647138,192.17775117305615,50389300
2023-08-03,188.36456298828125,189.54694988427917,187.89161123685508,188.75870197685728,61235200
2023-08-04,179.31927490234375,184.6301752435833,179.25029494609427,182.79747042079737,115956800
2023-08-07,176.225341796875,180.44253062568194,174.74735463626894,179.45720585194456,97576100
2023-08-08,177.16143798828125,177.6245419410217,174.97401528572274,177.05305163689803,67823000
2023-08-09,175.57504272460938,178.2748232727554,174.41235154839882,178.21570618554995,60378500
2023-08-10,175.35826110839844,178.09746293161143,174.99369573264087,176.8460961883882,54686900
2023-08-11,175.4174346923828,176.23636037713308,174.19399178686675,174.953720563952,52036700
2023-08-14,177.065185546875,177.29211207450308,174.9438673937282,175.59506357405235,43675600
2023-08-15,175.08200073242188,177.08491002448199,174.68734458769583,176.4929258073929,43622600
2023-08-16,174.21376037597656,176.15745776554937,174.14468726786023,174.7662850202376,46964900
2023-08-17,171.67807006835938,175.14122571711877,171.1650049538571,174.7761679719839,66062900
2023-08-18,172.16152954101562,172.76339001893962,169.66529224450343,170.00075151281027,61172200
2023-08-21,173.49349975585938,173.77963828216437,171.42153223598535,172.73378585948967,46311900
2023-08-22,174.8649139404297,175.30890581271296,173.89799596554266,174.69718434668556,42038900
2023-08-23,178.70301818847656,179.12728783194132,175.9502562936072,176.1377232252428,52722800
2023-08-24,174.0262908935547,178.68330576322634,173.66121814414575,178.25903609639087,54945800
2023-08-25,176.22653198242188,176.7593193055493,173.47376987845638,175.01294998434398,51449600
2023-08-28,177.78543090820312,178.1800870283186,176.1673167274641,177.6867593505913,43820700
2023-08-29,181.66299438476562,182.43258442181371,177.10465107991652,177.3019791564373,53003900
2023-08-30,185.1458740234375,185.34321714142652,182.27471834075723,182.47204640358012,60813900
2023-08-31,185.36293029785156,186.59624944883035,184.9781353249528,185.33333184264131,60794500
2023-09-01,186.93174743652344,187.38560051082152,185.76748618147488,186.96134589549212,45766500
2023-09-05,187.16851806640625,187.44478036173828,185.10641198511868,185.76746926717502,45280000
2023-09-06,180.4691619873047,186.32989809435446,179.04837565163587,185.88589107308178,81755800
2023-09-07,175.19053649902344,175.8318715643951,171.22417743783686,172.84229174782251,112488800
2023-09-08,175.80223083496094,177.83475336123297,175.4174358773743,175.96997548136457,65551300
2023-09-11,176.9665069580078,177.89396541040293,174.97345890425444,177.6670388917848,58953100
2023-09-12,173.9473419189453,177.72623373133553,172.487096210491,177.09477490699047,90370200
2023-09-13,171.88525390625,174.93401565723292,171.65831231126361,174.15454941477398,84267900
2023-09-14,173.39480590820312,173.75000241444866,171.2636268707299,171.67802028548886,60895800
2023-09-15,172.67454528808594,174.14466716160445,171.50043808217407,174.12492983939754,109259500
2023-09-18,175.59507751464844,176.98626535892447,173.81909463420754,174.12495542511192,67257600
2023-09-19,176.6803741455078,177.23289871202428,174.7662604292434,175.1510553991506,51826900
2023-09-20,173.14816284179688,177.3019736755132,173.0593524132158,176.8678428874874,58436200
2023-09-21,171.6089630126953,173.94734650075085,171.53990496478352,172.22069958579337,63149100
2023-09-22,172.45750427246094,174.71695374662696,171.7273888544839,172.33911043282527,56725400
2023-09-25,173.7302703857422,174.6083930174941,171.82601779128095,171.87535356826675,46172700
2023-09-26,169.66529846191406,172.86205287379087,169.36929877984454,172.48713399466078,64588900
2023-09-27,168.15565490722656,170.730825832551,166.79408083596385,170.31643241476104,66921800
2023-09-28,168.41221618652344,169.7343308371659,165.38317681816312,167.08022534636603,56294400
2023-09-29,168.92527770996094,170.76045735672912,168.06687727418498,169.7244661753788,51861100
2023-10-02,171.43136596679688,171.9740294168616,168.6489906711008,168.93512915166482,52164500
2023-10-03,170.099365234375,171.31296207551728,168.54046313149794,169.96123409658216,49594600
2023-10-04,171.3425750732422,171.88523853747708,168.68846972057472,168.80686354725646,53020300
2023-10-05,172.5758819580078,173.10866919518492,170.3756298015613,171.47081778563683,48527900
2023-10-06,175.12147521972656,175.61480292776608,170.8689777300858,171.48071432556827,57266700
2023-10-09,176.60147094726562,176.66066786762835,173.45403753652568,174.45055415802327,42390800
2023-10-10,176.00942993164062,177.32168322438636,175.57529921161475,175.72330653262233,43698000
2023-10-11,177.40066528320312,177.45000107017458,175.23002615297557,175.82201043112758,47551100
2023-10-12,178.29852294921875,179.90676118500224,176.6507950071692,177.6670640281674,56743100
2023-10-13,176.4633026123047,179.50218762206515,175.76277074017605,178.99899884980246,51427100
2023-10-16,176.3350372314453,176.6902337432856,174.15452238414363,174.39132507709223,52517000
2023-10-17,174.78599548339844,176.03905203817294,172.467364361049,174.29266779074965,57549400
2023-10-18,173.49349975585938,175.21028574818484,172.77324545527233,173.2369747453516,54764400
2023-10-19,173.11856079101562,175.46679037407037,172.85215962113486,173.69080766680926,59302900
2023-10-20,170.57296752929688,173.07906528544774,170.33616484514565,172.970532603774,64244000
2023-10-23,170.6913604736328,171.6878768692555,167.662321590194,168.62925458750877,55980100
2023-10-24,171.12551879882812,171.35244533043914,169.16206908920728,170.74072378645857,43816600
2023-10-25,168.81674194335938,170.75057806188605,168.3727349771656,169.58633193718455,57157000
2023-10-26,164.66290283203125,169.09299056011605,163.45918215856796,168.0964590692853,70625300
2023-10-27,165.9751739501953,166.70530437202822,164.60372353518264,164.6826577744484,58499100
2023-10-30,168.01751708984375,168.88577853365425,166.61646843152695,166.76447575317525,51131000
2023-10-31,168.49111938476562,168.619374328328,165.65940861123508,167.09007075196132,44846000
2023-11-01,171.64842224121094,171.9049471971035,167.84979334743332,168.71805482147735,56934900
2023-11-02,175.20037841796875,175.40756758774253,173.11853525669227,173.17773216234193,77334800
2023-11-03,174.2926788330078,174.46042350768224,171.0367278993792,171.91485064572058,79829200
2023-11-06,176.83822631835938,177.03555436857033,173.858538133294,174.02626772873157,63841300
2023-11-07,179.39369201660156,180.00541354681909,176.58171810512866,176.7889073081916,70530000
2023-11-08,180.44940185546875,181.00192645947115,179.16674685036813,179.91661457451394,49340300
2023-11-09,179.97581481933594,181.6629871195562,179.3838155582821,180.51847829944086,53763500
2023-11-10,184.1548614501953,184.3228271167955,181.31943456996746,181.75413731292954,66133400
2023-11-13,182.5741424560547,183.7893232540613,181.9912524470517,183.58186108306094,43627500
2023-11-14,185.18234252929688,185.8442707665973,184.05607409829287,185.43920547847273,60108400
2023-11-15,185.74545288085938,187.21751156501972,185.5182274044454,185.5873915048758,53790500
2023-11-16,187.42498779296875,188.6599317940755,186.37774261703024,187.2866746678448,54412900
2023-11-17,187.40525817871094,188.08694980194565,186.29875297867935,187.95851077872672,50922700
2023-11-20,189.14401245117188,189.59847845797387,187.5929306882813,187.60280481288592,46505100
2023-11-21,188.34376525878906,189.21317059662826,187.4546116723618,189.10449492939836,38134500
2023-11-22,189.00570678710938,190.60618938615343,188.53149251239262,189.18354656200316,39617700
2023-11-24,187.68186950683594,188.60066069963858,186.97054048498805,188.57102324664504,24048300
2023-11-27,187.50401306152344,188.37341847212542,186.62473352580105,187.6324520630897,40552600
2023-11-28,188.10667419433594,188.77849160556613,187.11871894105684,187.49414676130317,38415400
2023-11-29,187.08909606933594,189.77633577367203,186.6939199672285,188.60066651864972,43014200
2023-11-30,187.66209411621094,188.02764780463457,185.92329832735996,187.55341843722022,48794400
2023-12-01,188.93655395507812,189.2526917735191,186.95075439627809,188.0375111237308,45704800
2023-12-04,187.14834594726562,187.7608884211111,185.19219887595256,187.69172432124148,43389500
2023-12-05,191.09030151367188,192.05849343193452,187.8893210956394,187.91897362196437,66628400
2023-12-06,190.0035400390625,192.41413792119363,189.79606282635905,192.10787423934497,41089700
2023-12-07,191.93008422851562,192.65128739108172,191.25826677194576,191.29779342674496,47477700
2023-12-08,193.35272216796875,193.62934842275146,191.33728508312288,191.86090014217592,53406400
2023-12-11,190.8531951904297,191.15947399253523,189.11439931154695,190.78404615931,60943700
2023-12-12,192.36476135253906,192.3746354774224,189.41076991243543,190.75438957156285,52696900
2023-12-13,195.5756378173828,195.6151493963814,192.50309623143957,192.74019585543422,70404200
2023-12-14,195.72381591796875,197.21562292408947,193.79730618821,195.63490356313392,66831600
2023-12-15,195.1903076171875,196.01029713155143,194.6271659416612,195.1507809689053,128538400
2023-12-18,193.5305633544922,194.26165570440122,192.04863040265064,193.7281513997374,55751900
2023-12-19,194.56793212890625,194.57780625556214,193.53057597994234,193.7973281496765,40714100
2023-12-20,192.4833221435547,195.2989855460905,192.4833221435547,194.5283816611859,52242800
2023-12-21,192.33511352539062,194.70621508029078,191.16933361068988,193.73802319308166,46482500
2023-12-22,191.26815795898438,193.05635469466722,190.64574127695036,192.8291141147171,37149600
2023-12-26,190.72476196289062,191.55464074590694,190.5074106042434,191.27801448490152,28919300
2023-12-27,190.8235321044922,191.16932243864449,188.78834689776542,190.17149315937536,48087700
2023-12-28,191.2483673095703,192.3153607227681,190.8433020640508,191.80161980345068,34049900
2023-12-29,190.2110595703125,192.05853141826742,189.42069220367281,191.56455369849306,42672100
2024-01-02,183.4040069580078,186.17028459685415,181.6750853181039,184.89581391743906,82488700
2024-01-03,182.03073120117188,183.64110287378972,181.22060076525406,182.00109375351622,58414500
2024-01-04,179.7189178466797,180.88469764157387,178.70132528842504,179.95601742530297,71983600
2024-01-05,178.99771118164062,180.5586821654936,177.99988188294327,179.79796753554595,62379700
2024-01-08,183.32496643066406,183.36449308108033,179.3138706884217,179.89676064456035,59144500
2024-01-09,182.91001892089844,182.91989304556353,180.52904335165846,181.7047124117811,42841800
2024-01-10,183.94737243652344,184.15483457675245,181.70471001714742,182.129538572139,46792900
2024-01-11,183.35458374023438,184.79700482198106,181.40831098352746,184.29313807202234,49128400
2024-01-12,183.68063354492188,184.49076406507768,182.95943045197853,183.81894667336306,40477800
2024-01-16,181.41824340820312,182.04064501968628,178.75075193755313,179.96594785640553,65603000
2024-01-17,180.47964477539062,180.72663357001974,178.12832170152117,179.08663943068214,47317400
2024-01-18,186.3579864501953,186.86183815424235,183.59170899023258,183.84857190455077,78005800
2024-01-19,189.25270080566406,189.63800274105876,186.5457131326349,187.0495648712278,68903000
2024-01-22,191.55465698242188,192.97731505960866,189.94428498185601,189.9838116367789,60133900
2024-01-23,192.82908630371094,193.39222799671276,191.49535584528522,192.67102493067515,42355600
2024-01-24,192.1573028564453,194.01466361551059,191.99922639290756,193.06621990928542,53631300
2024-01-25,191.83128356933594,193.90599578100486,190.78405333725613,192.86863967517039,54822100
2024-01-26,190.1023406982422,192.41415228379137,189.6281264159501,191.93006387634745,44594000
2024-01-29,189.42063903808594,189.8849791703456,187.2965414692382,189.6972652775173,47145600
2024-01-30,185.7751007080078,189.4898221386195,185.21197404804863,188.6401800108733,55859400
2024-01-31,182.178955078125,184.84644650359252,182.12956937209933,184.78715652135838,55467800
2024-02-01,184.6093292236328,184.69824158324056,181.6059517240919,181.77390231724044,64885400
2024-02-02,183.61146545410156,185.0736348136651,177.09095561888776,177.69360884630905,102551700
2024-02-05,185.41941833496094,186.97051518171523,183.60158444736317,185.88375846902116,69668800
2024-02-06,187.01992797851562,187.02980210381148,184.5204024536245,184.60931480628852,43490800
2024-02-07,187.12860107421875,188.74884702540382,186.33823388644547,188.3437817688575,53439000
2024-02-08,186.05174255371094,187.25703410679802,185.09342474162452,187.1088468471974,40962000
2024-02-09,186.8134307861328,187.94113632063826,185.97259122428568,186.61557552858977,45155200
2024-02-12,185.13172912597656,186.63534135369167,184.7756108376818,186.38803740610462,41781900
2024-02-13,183.04454040527344,184.20193652458948,181.53104098061684,183.7666790257424,56529500
2024-02-14,182.1641082763672,183.5292310959524,180.472557481369,183.3215042025078,54630500
2024-02-15,181.8772430419922,182.50045391335385,179.39431647047905,181.57058851615943,65434500
2024-02-16,180.34396362304688,182.8565806751117,179.71086599707365,181.44199396902647,49752500
2024-02-20,179.60205078125,180.46266385305907,178.0588762686663,179.82956623009554,53665600
2024-02-21,180.3538818359375,180.91772714904744,178.71177953067104,179.97797489770463,41371400
2024-02-22,182.38172912597656,182.9653779737103,180.49233824441416,181.50132758611662,52292200
2024-02-23,180.55169677734375,183.04451006700117,180.2648157032703,183.0148347964746,45119700
2024-02-26,179.20635986328125,180.78909628027105,178.7018500832812,180.27471486922383,40867400
2024-02-27,180.66049194335938,181.9365737231629,177.62359209867634,179.14699293032547,54318900
2024-02-28,179.4635467529297,181.14521076395337,178.1874648834917,180.54178846123017,48953900
2024-02-29,178.80076599121094,180.6011460945577,177.59392143922238,179.31516246277232,136682600
2024-03-01,177.72251892089844,178.5831318593588,175.46710804516843,177.61370457626955,73563100
2024-03-04,173.2117156982422,174.99229230011673,171.9158301484072,174.25038035125658,81510100
2024-03-05,168.285400390625,170.1846930657021,167.7907924514621,168.91849794898403,95132400
2024-03-06,167.29617309570312,169.39332087872134,166.8609157238647,169.21525418377138,68587700
2024-03-07,167.177490234375,168.88882954707424,166.67299554984157,167.32586658446218,71765100
2024-03-08,168.88885498046875,171.8268279085278,167.118164861082,167.1775154100546,76267000
2024-03-11,170.88706970214844,172.49949666610803,170.19462149789052,171.07502316349817,60139500
2024-03-12,171.3618621826172,172.15323790323208,169.16580172767317,171.28272310113206,59825400
2024-03-13,169.28453063964844,171.3223130850131,168.91851047344855,170.90684419661972,52488700
2024-03-14,171.13436889648438,172.43023944819464,170.19461671040915,171.0453430786352,72913500
2024-03-15,170.75843811035156,170.75843811035156,168.4535633292171,169.32407812222547,121752700
2024-03-18,171.84658813476562,175.79356502758816,171.64874797271588,173.67664359575858,75604200
2024-03-19,174.18113708496094,174.70542030322298,171.16402557801365,172.45989598897214,55215200
2024-03-20,176.74317932128906,176.74317932128906,173.2017850632652,173.82499582678088,53423100
2024-03-21,169.5219268798828,175.57593855649498,168.99764365136926,175.14068113790177,106181300
2024-03-22,170.42208862304688,171.18378897881232,168.22602844508845,169.90769220539175,71160100
2024-03-25,169.00755310058594,170.085794876263,167.6226416976105,168.73057383883838,54288300
2024-03-26,167.87985229492188,169.57140318495337,167.75124938607289,168.16671829054096,57388400
2024-03-27,171.44100952148438,171.72789059246503,168.27552158079686,168.5722893771007,60273300
2024-03-28,169.6307373046875,170.37264922530974,168.67119667981044,169.89782982249778,65672700
2024-04-01,168.19639587402344,169.40324060587884,167.6523240532299,169.3438900607447,46240500
2024-04-02,167.0192108154297,167.51381877100314,166.41578850586058,167.25662806803024,49329500
2024-04-03,167.82044982910156,168.83934086761522,166.76199680113655,166.969723660667,47691700
2024-04-04,166.99945068359375,170.0660111961713,166.99945068359375,168.45358430225178,53704400
2024-04-05,167.751220703125,168.55248310289795,167.12800990586356,167.76110742740823,42104800
2024-04-08,166.63340759277344,167.37531948329715,166.425680716199,167.20715459942008,37425500
2024-04-09,167.84024047851562,168.24582257310013,166.5344834909376,166.8806999592474,42373800
2024-04-10,165.9706573486328,167.26652787853376,165.30788444762385,166.97966188332379,49709300
2024-04-11,173.15234375,173.5678277091418,166.34654865134516,166.5246002673459,91070300
2024-04-12,174.64608764648438,176.43656618963917,172.33132583138607,172.38077455594663,101670900
2024-04-15,170.82769775390625,174.72521085075485,170.63974431610336,173.46890241983837,73531800
2024-04-16,167.55340576171875,171.88616144450353,166.45537543168857,169.89784277952464,73711200
2024-04-17,166.1882781982422,168.80969440593617,166.1882781982422,167.78091646807817,50901200
2024-04-18,165.23861694335938,166.8213684176903,164.75391081370103,166.21794611620325,43122900
2024-04-19,163.22064208984375,164.60553846988037,162.3105651694999,164.41760010663418,68149400
2024-04-22,164.05154418945312,165.45622881020677,162.9930911354229,163.7350029833429,48116400
2024-04-23,165.10011291503906,165.24850434331734,163.1414698344962,163.5668404824781,49537800
2024-04-24,167.197265625,167.4742448528629,164.41757152765254,164.7439994721628,48251800
2024-04-25,168.05789184570312,168.77012851479734,166.33665071301928,167.70177351115603,50558300
2024-04-26,167.47425842285156,169.49225225997063,167.35554224826544,168.04800546826704,44838400
2024-04-29,171.62896728515625,174.13168243053624,171.2332869429431,171.5003643815301,68169400
2024-04-30,168.4931182861328,173.10286724293962,168.16667528163094,171.46076549698512,65934800
2024-05-01,167.47425842285156,170.84748833564953,167.28630498280754,167.75123767315736,50383100
2024-05-02,171.1640167236328,171.5498103000238,169.04709541575278,170.64962025703286,94214900
2024-05-03,181.40243530273438,184.98339240032777,180.69019857365393,184.63716076188317,163224100
2024-05-06,179.75042724609375,182.21356516877455,178.47433028646978,180.38352481626606,78569700
2024-05-07,180.43299865722656,182.90603874350563,179.36465862288415,181.47167851231154,77305800
2024-05-08,180.76931762695312,181.09576068278213,179.4932206728727,180.87813197889614,45057100
2024-05-09,182.57957458496094,182.6686003878229,180.14609698041687,180.59124108896245,48983000
2024-05-10,181.3215789794922,183.34230991411323,180.4102677646858,183.15410154420678,50759500
2024-05-13,184.52108764648438,185.33335221774516,182.8767582325011,183.68902280376187,72044800
2024-05-14,185.66021728515625,186.52201273815805,184.53098214319476,185.7394637127145,52393600
2024-05-15,187.92857360839844,188.84978484549154,185.6007573941714,186.13566691836786,70400000
2024-05-16,188.04747009277344,189.29558246787192,187.86917696187996,188.6715262803227,52845200
2024-05-17,188.07717895507812,189.00830557822601,187.39369174809892,187.72057759120682,41282900
2024-05-20,189.23614501953125,190.10784067213936,187.22531400566533,187.54229973923614,44361300
2024-05-21,190.53378295898438,190.91018461353585,189.11727756366656,189.28567056183377,42309400
2024-05-22,189.09744262695312,190.99932654838926,188.47340160760692,190.45451683728567,34648500
2024-05-23,185.1154022216797,189.1964945447871,184.86776283091424,189.17667916140735,51005900
2024-05-24,188.18612670898438,188.7804673088457,186.26444256610336,187.0370913918068,36327000
2024-05-28,188.19606018066406,191.17763337385156,187.31446444482384,189.70169698060212,52280100
2024-05-29,188.49319458007812,190.4346940804733,187.72056087959155,187.81962268312432,53068000
2024-05-30,189.48377990722656,190.36537567482878,188.8300232981759,188.9587855239753,49889100
2024-05-31,190.43470764160156,190.7516933437122,188.11680637508078,189.63235836586054,75158300
2024-06-03,192.19789123535156,193.14883318833753,190.7021546904014,191.07855630297723,50080500
2024-06-04,192.51487731933594,193.47571940906454,191.2073340206378,192.80213237542046,47471400
2024-06-05,194.02052307128906,195.04079624688396,193.02996541617088,193.5549597642067,54156800
2024-06-06,192.64364624023438,194.64457691185422,192.33657578915964,193.8422276391208,41181800
2024-06-07,195.03089904785156,195.08042995429523,192.3068654552658,192.8120444256859,53103900
2024-06-10,191.29647827148438,195.4370168860641,190.3356361933404,195.04078477848907,97010200
2024-06-11,205.1940155029297,205.2039307530545,191.80168667352532,191.82148694435384,172373300
2024-06-12,211.05813598632812,218.12080209568063,204.94638168818946,205.41194501546696,198134300
2024-06-13,212.21707153320312,214.70336573665497,209.60200000148347,212.71235034689784,97862700
2024-06-14,210.4835968017578,213.13828400218216,209.3048308005582,211.83075578674166,70122700
2024-06-17,214.62411499023438,216.88258512602053,210.71141546378874,211.35527186274084,93728300
2024-06-18,212.26658630371094,216.5656178731208,210.98877362098574,215.5354294813442,79943300
2024-06-20,207.70010375976562,212.21705896960654,206.87795427864972,211.90997342693947,86172500
2024-06-21,205.53079223632812,209.88923942625428,205.15437552925596,208.40340309586463,241805100
2024-06-24,206.17465209960938,210.69159220230495,204.63928484253907,205.75861973380415,80727000
2024-06-25,207.09588623046875,209.38407188516823,206.64022308060072,207.1751175381149,55549700
2024-06-26,211.23641967773438,212.83121810497767,208.6510635966682,209.5029437835443,66213200
2024-06-27,212.0784149169922,213.70292898101007,210.34493889866226,212.66284034706985,49772700
2024-06-28,208.6312713623047,214.02982326645972,208.31430073755797,213.73265291439517,82542700
2024-07-01,214.70338439941406,215.45620282037203,209.91898882948186,210.08738182701015,60402900
2024-07-02,218.1901397705078,218.29910171758146,213.068958487467,214.10903193760322,58046200
2024-07-03,219.45803833007812,219.45803833007812,216.96182895702523,217.92267103394255,37369800
2024-07-05,224.20281982421875,224.3117817727132,219.55710192478037,219.55710192478037,60412400
2024-07-08,225.66885375976562,225.69856928044194,221.14199799041046,224.9457357840812,59085900
2024-07-09,226.5207061767578,227.23390886254342,224.23252052432466,225.77778797195694,48076100
2024-07-10,230.78013610839844,230.87919792745691,227.08536000113173,227.13489091066097,62627700
2024-07-11,225.42123413085938,230.19571462003094,223.6382271602243,229.20515687131274,64710600
2024-07-12,228.36314392089844,230.44332094014862,226.5207061684713,226.7584454352943,53046500
2024-07-15,232.1867218017578,234.99000194235262,230.88909361652622,234.2470836578572,62631300
2024-07-16,232.60275268554688,234.03905824310993,230.1362587163494,232.781045805997,43234300
2024-07-17,226.71884155273438,229.2744821236097,224.49998695797876,227.2834515580279,57345900
2024-07-18,222.063232421875,228.26413370193544,220.1712785785942,228.10564083206222,66034600
2024-07-19,222.19198608398438,224.65848009632384,221.1717129043359,222.6971801635164,49151500
2024-07-22,221.84532165527344,225.6292444230493,220.98352612966187,224.86651071890955,48201800
2024-07-23,222.88534545898438,224.7971293607533,220.57734458918785,222.25138924131514,39960300
2024-07-24,216.47647094726562,222.67737176080064,215.07979609138368,221.88492258576645,61777600
2024-07-25,215.4363555908203,218.7646293872906,212.5934452947531,216.86274569098651,51391200
2024-07-26,215.90196228027344,217.41751434744816,213.97036267942912,216.6349653026102,41601300
2024-07-29,216.17929077148438,217.22927938341869,213.7127969665886,214.91137828370984,36311800
2024-07-30,216.73402404785156,218.24957609355639,214.07932159795172,217.1203409396055,41643800
2024-07-31,219.98304748535156,221.70662325926872,218.54674189777583,219.34909118598728,50036300
2024-08-01,216.29818725585938,222.36039574716864,214.97084352071977,222.2514337919132,62501000
2024-08-02,217.78399658203125,223.46980270062375,215.65430376795194,217.08069402896655,105568600
2024-08-05,207.29400634765625,211.4840610296135,194.14930192882554,197.21012147966275,119548600
2024-08-06,205.2732391357422,208.00718767754023,199.1714160471065,203.3614702980554,69660500
2024-08-07,207.8388214111328,211.62274392073394,204.4412006806638,204.94637966039352,63516400
2024-08-08,211.2958526611328,212.17744837655164,206.8581585633277,211.097744151489,47161100
2024-08-09,214.1981964111328,214.7330909034816,209.96851092003678,210.09728825409005,42201600
2024-08-12,215.7253875732422,217.68895741700473,213.81140595998042,214.27750808872153,38028100
2024-08-13,219.43438720703125,220.04923895369578,217.19312608520667,217.19312608520667,44155300
2024-08-14,219.88067626953125,221.1798064675701,217.87742936780526,218.74022238953546,41960600
2024-08-15,222.85577392578125,223.48055242779947,220.9120269929499,222.73677426147512,46414000
2024-08-16,224.17471313476562,224.94824111633486,221.79461423345728,222.06237857544772,44340200
2024-08-19,224.0160369873047,224.1152134494971,221.18967426906008,223.84744910734045,40687800
2024-08-20,224.6309051513672,225.28543353253482,223.57970115675508,223.8970537532744,30299000
2024-08-21,224.5218505859375,226.08874521756795,223.18305884166446,224.64086539349128,34765500
2024-08-22,222.66734313964844,226.4457337259973,222.04256465043304,225.90029338876204,43695300
2024-08-23,224.9581756591797,226.32673228874265,222.46900358067504,223.78797197411373,38677300
2024-08-26,225.29534912109375,225.39452559231563,222.0326490158817,224.87883517993083,30602200
2024-08-27,226.1383056640625,226.95151036486342,223.02435510684418,224.12514736512034,35934600
2024-08-28,224.61109924316406,227.95313769677003,223.80780609600177,226.02922904592305,38052200
2024-08-29,227.88369750976562,230.98773644426686,226.98125820388418,228.19113851748892,51906300
2024-08-30,227.1002655029297,228.4886453526855,225.59287085733376,228.28039594132485,52990800
2024-09-03,220.9219512939453,227.10026429068756,219.335218503661,226.65400042223428,50190600
2024-09-04,219.01788330078125,219.94016096302124,215.67582978550038,219.82116129878526,43840200
2024-09-05,220.53518676757812,223.60946073514918,219.6823205428289,219.79140861107143,36615400
2024-09-06,218.98812866210938,223.37145940933704,217.94683622588397,222.09215251756703,48423000
2024-09-09,219.077392578125,219.4344067184307,214.91223769602945,218.98814282610013,67180000
2024-09-10,218.2840118408203,219.6426417511051,214.9320468059923,217.10388142289187,51591000
2024-09-11,220.8128662109375,221.2392917639212,216.08243282408242,219.6228241682371,44587100
2024-09-12,220.9219512939453,221.69547936785247,217.9964268983011,220.6541869199912,37455600
2024-09-13,220.6541748046875,222.18139254741286,220.06907298412548,221.72521710949164,36766600
2024-09-16,214.52545166015625,215.41797935337752,212.14535259122513,214.7436126542421,59357400
2024-09-17,214.99156188964844,215.10064996456288,212.72056577105593,213.96019610771708,45519300
2024-09-18,218.8592071533203,220.86245391858552,215.7353297749969,215.7452565018275,59894900
2024-09-19,226.97132873535156,227.91345980340301,222.7665127356472,223.12352684243388,66781300
2024-09-20,226.30690002441406,231.15633305592988,225.7317097608303,228.06222073119503,318679900
2024-09-23,224.5912628173828,227.54653724680347,223.93673438033483,225.45404067299683,54146000
2024-09-24,225.48377990722656,227.44736512534206,223.85738561877668,226.75316007712865,43556100
2024-09-25,224.4920654296875,225.40443143928672,222.16156973744518,223.06400902085235,42308700
2024-09-26,225.63255310058594,226.60441901953834,223.54005654723983,225.4143769570366,36636700
2024-09-27,225.90029907226562,227.6159582791164,225.41437368594384,226.56475422029098,34026000
2024-09-30,231.0670623779297,231.0670623779297,227.7448474882838,228.1316114938428,54541900
2024-10-01,224.3334197998047,227.74486962890148,221.88390914906273,227.6159583693189,63285000
2024-10-02,224.898681640625,225.48378349827837,221.16987922367838,224.0160654907427,32880600
2024-10-03,223.79791259765625,224.92845491979037,221.46741651957464,223.27231051741362,34044200
2024-10-04,224.91851806640625,226.10856009308668,222.27066963907552,226.00938361911108,37245100
2024-10-07,219.8509063720703,223.81772316941647,219.49389225502094,222.63759275105315,39505400
2024-10-08,223.89706420898438,224.10531361949606,221.3979653574062,222.43925780658088,31855700
2024-10-09,227.63577270507812,227.84403724277382,222.96485445261254,223.36153007501719,33591100
2024-10-10,227.13990783691406,227.59609839600836,225.2854259515482,225.8903660776275,28183500
2024-10-11,225.66229248046875,227.5068628874906,225.4540279414576,227.39777482080956,31759200
2024-10-14,229.38116455078125,229.80759005626183,226.703566469934,226.80272780199272,39882100
2024-10-15,231.91001892089844,235.51982138099225,230.44228590022638,231.672004479983,64751400
2024-10-16,229.85719299316406,230.19436878170097,227.93328446814013,229.67869350471682,34082200
2024-10-17,230.22413635253906,231.91004568892726,228.6076687095473,231.49351658619665,32993800
2024-10-18,233.05047607421875,234.2206797118992,232.0686835146529,234.2206797118992,46431500
2024-10-21,234.51820373535156,234.88514457730523,232.5050454306036,232.5050454306036,36254500
2024-10-22,233.90335083007812,234.26036494372266,230.67040061866737,231.94969236544068,38846600
2024-10-23,228.8456573486328,233.18932661738793,225.87054472777703,232.13812257917175,52287000
2024-10-24,228.65724182128906,228.90516786821388,226.51515714412935,228.07212485007065,31109500
2024-10-25,229.49024963378906,231.2852316353655,227.66551771976023,227.83410560105818,38802300
2024-10-28,231.46372985839844,232.78269812140084,230.620790456467,231.38440684709022,36087100
2024-10-29,231.73150634765625,232.38603471678388,230.39271482775456,231.1662428522856,35417200
2024-10-30,228.19113159179688,231.53316974412917,227.64569128136466,230.68030356750913,47070900
2024-10-31,224.035888671875,227.92336713292326,223.5003599556127,227.43742665071557,64370100
2024-11-01,221.06077575683594,223.4805363045207,218.44267740554844,219.1368672842602,65276700
2024-11-04,220.16822814941406,220.94175615916865,217.88732075932978,219.15670083339904,44944500
2024-11-05,221.59628295898438,222.0921350198155,219.30544885909725,219.9599772111233,28111300
2024-11-06,220.87237548828125,224.19459083458287,219.35506917081855,220.76328741365683,54561100
2024-11-07,225.5928497314453,225.98954046008802,222.70700223311508,222.76650205936048,42137700
2024-11-08,225.32481384277344,227.01256271730918,224.77877343219782,225.53329235935942,38328800
2024-11-11,222.614501953125,224.07391236142266,219.90417483008153,223.37895863100835,42005600
2024-11-12,222.614501953125,223.9647042645822,221.7507748273854,222.93220374351736,40398300
2024-11-13,223.49807739257812,225.0170530189228,221.15507983350162,222.39607398240116,48566200
2024-11-14,226.57574462890625,227.22105551450989,223.3789425502784,223.398802697962,44923900
2024-11-15,223.37893676757812,225.28510187679902,222.65420045885568,224.76884409236825,47923700
2024-11-18,226.377197265625,228.08480645929455,223.5477244921184,223.6271499370396,44633700
2024-11-19,226.6352996826172,228.50175961033486,225.02697621656037,225.34466282087314,36211800
2024-11-20,227.35009765625,228.2733899080337,224.2625040209905,226.4168677573381,35169600
2024-11-21,226.87356567382812,228.50174921258224,224.08381355701644,227.2309725554499,42108300
2024-11-22,228.21383666992188,229.05771868234922,226.4168797117104,226.4168797117104,38168300
2024-11-25,231.19224548339844,231.56951255942457,228.08480637706975,229.79241557012372,90152800
2024-11-26,233.36647033691406,233.87280565588551,231.64893863936055,231.64893863936055,45986200
2024-11-27,233.2373809814453,233.99191506726265,232.12545514826604,232.78070364946953,33498400
2024-11-29,235.62010192871094,236.0966394139658,232.28430923421996,233.11825362062933,28481400
2024-12-02,237.86383056640625,239.0551819380818,235.45134517492735,235.5605532676808,48137100
2024-12-03,240.90174865722656,241.01095673492534,237.17876666593097,238.0822139315433,38861000
2024-12-04,241.25917053222656,242.35125137710352,239.51185632927692,241.12017980186528,44383900
2024-12-05,241.28897094726562,242.77816394602775,240.38553870781277,242.23213863223197,40033900
2024-12-06,241.09039306640625,242.86750503393802,240.33587413565135,241.15989600483465,36870600
2024-12-09,244.9722442626953,245.4587194212017,240.00826768189094,240.08769312504634,44649200
2024-12-10,245.98489379882812,246.42172615122828,243.5723933612922,245.11122909402775,36914800
2024-12-11,244.71412658691406,248.99307203962232,244.48577275361333,246.17353693536344,45205800
2024-12-12,246.17352294921875,246.9479020514793,243.9099357862414,245.11122473397327,32777500
2024-12-13,246.34230041503906,247.4939314395242,244.46591792091505,246.03453629863122,33155300
2024-12-16,249.2313232421875,249.56888515433104,245.86574781090837,246.2033097230519,51694800
2024-12-17,251.65374755859375,252.00123197197036,247.98040799068028,248.27824960945253,51356400
2024-12-18,246.26287841796875,252.4479889260113,245.95511429725673,250.34326772719038,56774100
2024-12-19,247.99032592773438,250.184410158509,245.3097817058068,245.71683140567848,60882300
2024-12-20,252.65647888183594,253.16279902630112,243.919877297432,246.2529371403228,147495300
2024-12-23,253.43084716796875,253.80809906094288,251.62395254537785,252.93444954402884,40858800
2024-12-24,256.3397216796875,256.34962902881983,253.45066898797964,253.64924013847912,23234700
2024-12-26,257.15380859375,258.2260444048055,255.77383898408218,256.32980188696064,27237100
2024-12-27,253.74855041503906,256.8361595932908,251.23677948504655,255.9724022209019,42355300
2024-12-30,250.38294982910156,251.67358663649517,248.94339979921563,250.41273247360002,35557500
2024-12-31,248.61582946777344,251.45522500015895,247.63295653965136,250.6212804756738,39480700
2025-01-02,242.0931396484375,247.3053149666319,240.07776640397734,247.1365264348607,55740700
2025-01-03,241.60665893554688,242.42074318433572,240.14724866814672,241.60665893554688,40244100
2025-01-06,243.23484802246094,245.54806288478193,241.4478134561986,242.5498168429892,45045600
2025-01-07,240.46493530273438,243.78086767976055,239.6111308132576,241.22937670987722,40856000
2025-01-08,240.95140075683594,241.95413364050106,238.32049944087447,240.17702168463396,37628900
2025-01-10,235.14358520507812,238.42973539672147,231.3213170399406,238.28080700459313,61710900
2025-01-13,232.7112274169922,232.97928640713008,228.06495238182922,231.84750029737077,49630700
2025-01-14,231.59930419921875,234.41883943252472,230.79514236813586,233.05871461446375,39435300
2025-01-15,236.1562042236328,237.2383625727966,232.74098609709984,232.94947976770305,39832000
2025-01-16,226.6154327392578,236.29518618874627,226.38709407905125,235.63995285298606,71759100
2025-01-17,228.3230438232422,230.61639839146835,226.83385097126646,230.44762501944012,68488300
2025-01-21,221.03591918945312,222.80309340530198,217.79941234276583,222.38612124582832,98070400
2025-01-22,222.21737670898438,222.5052806842356,218.2064751614249,218.2064751614249,64126500
2025-01-23,222.04859924316406,225.394314538592,220.69839703644928,223.1208199792776,60234800
2025-01-24,221.1749267578125,224.00439930767484,219.81480209957203,223.160517277336,54697900
2025-01-27,228.20394897460938,230.47744375244469,222.36630723318075,222.40602753214387,94863400
2025-01-28,236.54339599609375,238.4594987479956,229.147074251248,229.18679454547646,75707600
2025-01-29,237.63546752929688,238.1318651456976,232.3240069742682,232.43321505583046,45486100
2025-01-30,235.87820434570312,239.05514590762664,235.50095247665905,236.95042496326212,55658300
2025-01-31,234.29966735839844,245.40904807772534,231.7581140684966,245.40904807772534,100959800
2025-02-03,226.36724853515625,230.15973381299622,224.0738938399255,228.33299411580026,73063300
2025-02-04,231.1227569580078,231.45038123633566,225.01705656002386,225.61273982041166,45067300
2025-02-05,230.79510498046875,230.99366099381652,226.62536810475493,226.88348940722173,39620300
2025-02-06,231.53970336914062,232.11552641696264,228.76979621063217,229.62360070928509,29925300
2025-02-07,225.98997497558594,232.3140755170278,225.6226304523949,230.92416830424466,39707200
2025-02-10,226.25833129882812,229.1803610121675,225.81108525741098,228.16660736242451,33115600
2025-02-11,231.1979217529297,233.79196667406026,226.7353801285285,226.80494431220234,53718400
2025-02-12,235.42196655273438,235.51142789245534,229.26980470124647,229.78663009476247,45243300
2025-02-13,240.05348205566406,240.85852795215618,234.1299251101732,235.4617298072221,53614100
2025-02-14,243.10475158691406,244.04894114679902,239.51681912694215,239.77522427175464,40896200
2025-02-18,242.97552490234375,243.6811760890431,240.3615975750387,242.65747382373942,48822500
2025-02-19,243.37307739257812,244.50610783818917,241.67353930691675,243.16436963880025,32204200
2025-02-20,244.32720947265625,245.2713989598738,242.7966152101895,243.44265077076676,32316900
2025-02-21,244.0489044189453,247.1697083342209,243.72091995824803,244.44645306890683,53197400
2025-02-24,245.58944702148438,247.33868242018207,242.92582237394555,243.43269920852308,51326400
2025-02-25,245.52980041503906,248.47171215983582,243.41283173998391,246.48393846255715,48013300
2025-02-26,238.89064025878906,243.48239258336395,237.66816369812489,242.83637220684057,44433600
2025-02-27,235.84934997558594,240.9778097055873,235.61081167459415,237.94645181292123,41153600
2025-02-28,240.36158752441406,240.61005923211764,228.7927454203557,235.5014815283524,56833400
2025-03-03,236.5748748779297,242.5381957053339,234.66661403302143,240.31188380351972,47184000
2025-03-04,234.4877166748047,238.60242278275774,233.24535811530478,236.25684921580154,53798100
2025-03-05,234.29888916015625,235.1039350742086,227.82867612475383,233.98083809185871,47227600
2025-03-06,233.8914031982422,236.4059358119138,231.73467047090975,233.00684447444675,45170400
2025-03-07,237.6085205078125,239.8944479764648,233.3248557337566,233.67272217403436,46273600
2025-03-10,226.08937072753906,234.71631625547707,222.84930513729455,234.10009611136832,72071200
2025-03-11,219.48995971679688,224.4593937721428,216.1206840338927,222.4418047589131,76137400
2025-03-12,215.653564453125,220.39440897367027,213.5962265598192,218.7942505386503,62547500
2025-03-13,208.39817810058594,215.5144112677834,207.14588618522245,214.6298526174969,61368300
2025-03-14,212.18490600585938,212.64208545758027,208.2988048386841,209.9585940343847,60107600
2025-03-17,212.69178771972656,213.9043309003415,208.68642489319868,212.00600336087763,48073400
2025-03-18,211.38978576660156,213.83473880015984,210.19712464056028,212.85080057479257,42432400
2025-03-19,213.92420959472656,217.4226803637017,212.443312738742,212.91044076829724,54385400
2025-03-20,212.7911834716797,216.16045933121794,210.92267131595005,212.6818553101102,48862900
2025-03-21,216.9356689453125,217.50217651661012,209.98839498228966,210.26668206389348,94127800
2025-03-24,219.38063049316406,220.1260455978378,217.24377992596973,219.64898417718916,44299500
2025-03-25,222.38218688964844,222.73005335992565,218.73462390108503,219.4204082670252,34493600
2025-03-26,220.1757354736328,223.64440576884627,219.12221792138408,222.1436270366165,34466100
2025-03-27,222.4815673828125,223.61459773398053,219.21167130142226,220.03659916949772,37094800
2025-03-28,216.5679168701172,222.44179120535847,216.34926057176412,220.31487416588553,39818600
2025-03-31,220.7720947265625,224.24075018814546,214.90815310911736,215.6833836525119,65299300
2025-04-01,221.82559204101562,222.31258685550372,217.56180927777046,218.46624988397502,36412700
2025-04-02,222.5213165283203,223.8133724100327,219.66886624627372,219.9670353213626,35905900
2025-04-03,201.94789123535156,206.22160814156834,200.01974813123203,204.28351646204925,103419000
2025-04-04,187.22840881347656,198.65810753704542,186.19475800144227,192.70471987275084,125910900
2025-04-07,180.35072326660156,192.96313526897592,173.55252535537636,176.1167553732534,160466300
2025-04-08,171.365966796875,189.17641711488596,168.175598539417,185.55866963100107,120859500
2025-04-09,197.6343994140625,199.38363475051753,170.83920418374143,170.89883496621582,184395900
2025-04-10,189.2559356689453,193.5892830219747,181.88129692496375,187.9141974958541,121880000
2025-04-11,196.9386749267578,198.32017705332044,184.92258644836306,184.96235041538483,87435900
2025-04-14,201.28195190429688,211.63825017625834,199.93026529720834,210.14742002868311,101352900
2025-04-15,200.90428161621094,202.26590170954893,198.57859009217825,200.6259945192588,51343900
2025-04-16,193.0823974609375,199.47308245703653,191.19400339685228,197.1473909296092,59732400
2025-04-17,195.77581787109375,197.61451451967758,193.2314700862815,195.99447418061752,52164700
2025-04-21,191.97918701171875,192.6152739871965,188.64966000796989,192.08851517151226,46742500
2025-04-22,198.5189666748047,200.3576482646354,194.77200897005906,194.92108593270402,52976400
2025-04-23,203.3492431640625,206.7284521815966,201.56024391015845,204.74067860292737,52929200
2025-04-24,207.09619140625,207.55338601533765,201.69939326414854,203.63746952607698,47311000
2025-04-25,208.00062561035156,208.46775361357263,204.9394524859384,205.10841141990002,38222300
2025-04-28,208.85536193847656,210.2070485309222,206.19175271644127,208.71621839949725,38743100
2025-04-29,209.91885375976562,210.94255602883885,207.096203506044,207.41425458581946,36827600
2025-04-30,211.20094299316406,212.2743425468257,205.40658118436113,208.02050829648644,52286500
2025-05-01,212.0159454345703,213.2483553954001,207.62295230903422,207.80185982414434,57365700
2025-05-02,204.09466552734375,205.72463931330321,200.92416412992952,204.83013207172814,101010600
2025-05-05,197.6741485595703,202.85230555244996,196.99831280299983,201.85841873478097,69018500
2025-05-06,197.2964630126953,199.42338015596502,195.81558138809015,196.9983091053983,51216500
2025-05-07,195.05029296875,198.2207944248892,192.0686324392914,197.9524407308952,68536700
2025-05-08,196.28271484375,198.82706269335065,193.48988012199126,196.51130456752412,50478900
2025-05-09,197.31634521484375,199.31405222350435,196.3323918231404,197.7834732241415,36453900
2025-05-12,209.776123046875,210.2538252478288,205.75556156059073,209.95526516858178,63775800
2025-05-13,211.90582275390625,212.37356332026266,207.99473291206186,209.41784747983854,51909300
2025-05-14,211.3087158203125,212.9109724892217,209.56713314477625,211.40822571910564,49325800
2025-05-15,210.43296813964844,211.93571508448807,208.53215118256114,209.9353730316401,45029500
2025-05-16,210.24386596679688,211.54757782116647,208.7610423595207,211.33858120774948,54737900
2025-05-19,207.7758026123047,208.47243269467637,203.2775387890809,206.90999202317107,46140500
2025-05-20,205.8650360107422,207.46729276724128,204.04383620537516,206.67113760639387,42496600
2025-05-21,201.1179656982422,206.04415370597744,199.74461367242378,204.18315305948536,59211800
2025-05-22,200.39149475097656,201.77480849030061,198.7394754118135,199.7446272097534,46742400
2025-05-23,194.33078002929688,196.74908474491085,192.52948833207407,192.73846975457602,78432900
2025-05-27,199.24703979492188,199.77448939448533,196.4803970243206,197.34622283817185,56288500
2025-05-28,199.4560089111328,201.75489573800118,198.9385057789635,199.6251894151235,45339700
2025-05-29,198.98826599121094,202.8297005493605,197.55518975609246,202.60081106845576,51396800
2025-05-30,199.88394165039062,200.98860329086406,195.83351057352263,198.4110493394953,70819900
2025-06-02,200.7298583984375,201.15779807678393,199.15745607510846,199.31669015009302,35423300
2025-06-03,202.2923126220703,202.78990771325485,199.99342573046133,200.38154929416936,46381600
2025-06-04,201.844482421875,205.24803106286797,201.12794426741362,201.93404589483336,43604000
2025-06-05,199.6649932861328,203.765171611367,199.1872911078447,202.521183994692,55126100
2025-06-06,202.93917846679688,204.7106157617459,201.07817770068002,202.0236053289331,46607700
2025-06-09,200.48106384277344,205.0091823144686,199.05794913802782,203.40692547634254,72862600
2025-06-10,201.6951904296875,203.36711781582227,199.60530017876516,199.63515466910712,54672600
2025-06-11,197.8238983154297,203.51638723180633,197.45568281643992,202.5211970741936,60989900
2025-06-12,198.2418670654297,198.71955406677787,196.410720905765,198.12244911144163,43904600
2025-06-13,195.50509643554688,199.4062398916536,194.758703844025,198.7693188209708,51447300
2025-06-16,197.4656219482422,197.73432753277095,195.61456771612566,196.35101387226533,43020700
2025-06-17,194.69900512695312,197.4357781067605,194.27108064091922,196.25149936947125,38856200
2025-06-18,195.6344757080078,196.6197193940347,194.13174409281177,194.9975546383106,45394700
2025-06-20,200.03323364257812,200.72986375748766,195.9131467510872,197.28651411005004,96813500
2025-06-23,200.53082275390625,201.3269779408771,198.00304635957568,200.6602023375907,55814300
2025-06-24,199.3365936279297,202.46149014710028,199.23706853700068,201.61557243039425,54064000
2025-06-25,200.5905303955078,202.690382284235,199.65504919597097,200.48105886821313,39525700
2025-06-26,200.03323364257812,201.66534499125092,198.5006473897771,200.461158146952,50799100
2025-06-27,200.1128387451172,202.24254507531293,199.03803155248616,200.91894034324127,73188600
2025-06-30,204.1831512451172,206.39247448465787,198.30157410241034,201.03834688076608,91912800
2025-07-01,206.82041931152344,209.17901505124104,205.1484920031366,205.6759415551798,78788900
2025-07-02,211.41819763183594,212.3138626915596,207.13887695509675,207.90517762155153,67941800
2025-07-03,212.52285766601562,213.61755770997246,210.7912213537831,211.12958235725722,34955800
2025-07-07,208.940185546875,215.18997897032483,207.7957228576545,211.65705062020388,50229000
2025-07-08,208.9998779296875,210.41304612040562,207.4473837253886,209.08945658408672,42848900
2025-07-09,210.1244659423828,210.31355451699514,206.22332203726856,208.52220905408606,48749400
2025-07-10,211.3883514404297,212.45319704499605,209.0197939340788,209.49748097232364,44443600
2025-07-11,210.1443634033203,211.10969909895366,208.8506131239295,209.55720483784353,39765800
2025-07-14,207.61656188964844,209.89555581124029,206.54175471753558,208.92025854176603,38840100
2025-07-15,208.10421752929688,210.87084499335577,207.9151289669034,208.21368905566166,42296300
2025-07-16,209.149169921875,211.37838618562168,207.63647661047767,209.28849593835915,47490500
2025-07-17,209.0098419189453,210.78127919114968,208.58190225319882,209.5571995447156,48068100
2025-07-18,210.1642608642578,210.77132749863404,208.6913836081342,209.85575432940058,48974600
2025-07-21,211.4580078125,214.74213848423943,210.61210526026528,211.07984586548804,51377400
2025-07-22,213.36874389648438,213.91610146940232,211.2091832773312,212.1148098811231,46404100
2025-07-23,213.11997985839844,214.11517007989065,211.38835859165647,213.96589762082587,46989300
2025-07-24,212.73184204101562,214.65256693634578,212.50295255730364,212.87116805528336,46022600
2025-07-25,212.85128784179688,214.20474714033003,212.37358560556336,213.66733592091674,40268800
2025-07-28,213.0204620361328,213.81661722083774,212.03521828670327,213.00055398053098,37858000
2025-07-29,210.2538299560547,213.7767964509494,209.80599741985404,213.14982178903043,51411700
2025-07-30,208.0445098876953,211.36844143995228,206.72090512781878,210.88079278566187,45512500
2025-07-31,206.57164001464844,208.83071086700429,206.1636083824018,207.4872131893059,80698400
2025-08-01,201.40658569335938,212.5527122409286,200.53081350952442,209.85574027592583,104434500
2025-08-04,202.37193298339844,206.88014336875773,200.70995198839026,203.52634207300898,75109300
2025-08-05,201.94398498535156,204.35234334482283,201.18764593221573,202.42167200915333,44155100
2025-08-06,212.22430419921875,214.3440641251077,204.60114383647723,204.6409599471833,108483100
2025-08-07,218.9716796875,219.78774287041324,215.5382768294147,217.8272171299369,90224800
2025-08-08,228.24688720703125,229.88894502591432,218.19545972697713,219.76786212559261,113854000
2025-08-11,226.34388732910156,228.71513292468896,223.9327956372812,227.08116933177635,61806100
2025-08-12,228.8048095703125,229.95058632959714,226.2343181614284,227.17084589508121,55626200
2025-08-13,232.47125244140625,234.1351043372746,229.58191650034667,230.2195756343437,69878500
2025-08-14,231.92327880859375,234.25466305951576,230.0003892485326,233.1985666998313,51916300
2025-08-15,230.73765563964844,233.417757832359,228.49593650929467,233.1387895567921,56038700
2025-08-18,230.0402374267578,232.26202593201924,229.26310933608104,230.8472538899505,37476200
2025-08-19,229.71144104003906,232.01293684851592,228.50590285589897,230.4287923573085,39402600
2025-08-20,225.17819213867188,229.6217843388592,224.93908515924198,229.13358225147155,42263900
2025-08-21,224.072265625,225.6863136691638,222.95639256938466,225.43723377620466,30621200
2025-08-22,226.9217529296875,228.2468598588307,224.58041092619504,225.33760837029214,42477800
2025-08-25,226.323974609375,228.45609804536198,225.3973894325087,225.6464693442017,30983100
2025-08-26,228.46604919433594,228.6453946309622,223.86305742355088,226.03502689374838,54575100
2025-08-27,229.6417236328125,230.05020313892598,227.41991984776428,227.7686378094015,31259500
2025-08-28,231.70408630371094,232.55096405412047,228.4959359400532,229.9704999102399,38074700
2025-08-29,231.28562927246094,232.52107103838586,230.51845893056873,231.65426265633033,39418400
2025-09-02,228.87454223632812,230.00038826150748,226.1346633063032,228.4062708029861,44075600
2025-09-03,237.59234619140625,237.9709525201245,233.49747185558658,236.33698891571112,66427800
2025-09-04,238.89749145507812,239.01704493171877,235.86868682669095,237.5723846793371,47549400
2025-09-05,238.80784606933594,240.43185187342493,237.61226559630578,239.1167027112504,54870400
2025-09-08,237.0045166015625,239.2661511981365,235.47017586985078,238.41928864081726,48999500
2025-09-09,233.48751831054688,237.90120710535396,232.5011563745861,236.12775932745953,66313900
2025-09-10,225.955322265625,231.56460664903227,225.118417424808,231.33545739080094,83440800
2025-09-11,229.18341064453125,229.60186307827533,225.81584532196928,226.04500979013486,50208600
2025-09-12,233.20855712890625,233.6469250222829,228.17713965402348,228.3764005514914,55824200
2025-09-15,235.828857421875,237.31337916896246,234.16500543557729,236.12775635652346,42699500
2025-09-16,237.2735137939453,240.33222235518573,235.45026224943368,236.30708253667353,63421100
2025-09-17,238.11044311523438,239.21635855568803,236.85507060288438,238.09051246512186,46508000
2025-09-18,237.0045166015625,240.31228984200703,235.77903252032195,239.08682096339746,44249600
2025-09-19,244.59646606445312,245.3935247988757,239.32594197772087,240.34217704154452,163741300
2025-09-22,255.13751220703125,255.69547916115815,247.2068166293636,247.38616206443075,105517400
2025-09-23,253.4936065673828,256.3929004583055,252.64674396870498,254.93828225227924,60275200
2025-09-24,251.38140869140625,254.79879299943292,250.11607847800005,254.2807025242173,42303700
2025-09-25,255.9246063232422,256.22352044118514,250.7836088309123,252.27808820484515,55202100
2025-09-26,254.5198211669922,256.65194458214916,252.84599627139946,253.1648258525147,46076300
2025-09-29,253.4936065673828,254.06151607705354,252.07883445903423,253.6231329894407,40127700
2025-09-30,253.69287109375,254.97811672142575,252.17846100632588,253.92202035086734,37704300
2025-10-01,254.5098419189453,257.83756097799323,253.9917514638179,254.10134722927504,48713900
2025-10-02,256.18365478515625,257.229778167004,253.21461153357077,255.63566078088252,42630200
2025-10-03,257.07037353515625,258.2858846694617,253.01536064819075,253.73271197999827,49155600
2025-10-06,255.74530029296875,258.1165459888059,254.11133663097664,257.0405037108186,44664100
2025-10-07,255.53607177734375,256.45266881763376,254.48991791397023,255.86484387966763,31955800
2025-10-08,257.1102294921875,257.56852798749276,255.16739414069707,255.5758888188916,36496900
2025-10-09,253.10501098632812,257.0504430809132,252.20832947523735,256.86113993459566,38322000
2025-10-10,244.3673095703125,255.436420799504,243.10197943699816,254.00171816056968,61999100
2025-10-13,246.74851989746094,248.7710475029622,244.6562426215344,248.46219085423505,38142900
2025-10-14,246.8581085205078,247.93413549962378,243.79940008876653,245.69241642712313,35478000
2025-10-15,248.42233276367188,250.89321639065437,246.559219921403,248.57178982967116,33893600
2025-10-16,246.53927612304688,248.1234206007849,244.2278226113223,247.33633482463924,39777000
2025-10-17,251.36146545410156,252.44746537322095,246.35995200283696,247.10719170360767,49147000
2025-10-20,261.27484130859375,263.4069798400544,254.68918336894043,254.94822099113512,90483000
2025-10-21,261.8028869628906,264.3136317818121,260.86634411857244,260.9161783410852,46695900
2025-10-22,257.49884033203125,261.882640960004,254.48993535873984,261.68336485657886,45015300
2025-10-23,258.6246337890625,259.6608147081683,257.0604350924048,258.98332466328685,32754900
2025-10-24,261.85272216796875,263.15789839957887,258.22610426270086,260.2287163700197,38253700
2025-10-27,267.8206481933594,268.1295048126629,263.6759553344934,263.9051197703755,44888200
2025-10-28,268.00994873046875,268.896687690681,267.16307106420925,267.9999758056659,41534800
2025-10-29,268.7073974609375,270.4110953948544,266.1269030442272,268.28892986747474,51086700
2025-10-30,270.401123046875,273.1310593223432,267.49188695276854,270.98894793982623,69886500
2025-10-31,269.3749084472656,276.29934139392066,268.1693703205502,275.97053891965146,86167100
2025-11-03,268.0597839355469,269.8531775103368,265.2701011373342,269.42476736726525,50194600
2025-11-04,269.0461730957031,270.49081837885313,266.6350661079627,267.3424445625432,49274800
2025-11-05,269.1457824707031,270.70003856307255,265.94757476828966,267.6213843438783,43683100
2025-11-06,268.7771301269531,272.3937751745226,266.90407480138714,266.90407480138714,51204000
2025-11-07,267.48193359375,271.2878818962731,265.7881780523408,268.80702532983145,48227400
2025-11-10,268.6985778808594,272.98692304032335,266.733924572705,268.2298525605972,41312400
2025-11-11,274.5028076171875,275.16101963639426,269.0675899882029,269.07757258136417,46208300
2025-11-12,272.7276916503906,274.9815668240292,270.96250711171905,274.2535373864602,48398000
2025-11-13,272.20904541015625,275.9488654308047,271.3513641926929,273.3658696206449,49602800
2025-11-14,271.6705322265625,275.21088338895913,268.8681625557137,270.31420819279356,47431300
2025-11-17,266.73394775390625,269.7557213346742,265.00866346949266,268.09027174019775,45018300
2025-11-18,266.7139892578125,269.97510130800674,264.59974924229334,269.25705465795,45677300
2025-11-19,267.83099365234375,271.47107967039307,264.77930243197466,264.80921977983166,40424500
2025-11-20,265.5272521972656,274.68232536305425,265.1981613886433,270.09480618650156,45823600
2025-11-21,270.75299072265625,272.5879921198442,264.9488130991126,265.2280517805383,59030800
2025-11-24,275.1710205078125,276.24807542504453,270.164627965921,270.164627965921,65585800
2025-11-25,276.2181396484375,279.6188865292943,274.5028075356392,274.52274228722064,46914200
2025-11-26,276.7966003417969,278.7712367451818,275.8791146523587,276.2082055022192,33431400
2025-11-28,278.0930480957031,278.242634823177,275.2407959413455,276.50736791500816,20135600
2025-12-01,282.3315124511719,282.65065109438723,275.3904143522869,277.2553332443013,46587700
2025-12-02,285.4131164550781,286.619823290159,281.86278279875575,282.231773534172,53669500
2025-12-03,283.378662109375,287.8365294074879,282.5309633672564,285.4231155973949,43538700
2025-12-04,279.9380187988281,283.95707766942763,277.83373081751637,283.3287830094401,43989100
2025-12-05,278.0232238769531,280.37683325787106,277.2951945750906,279.77845592816414,47265800
2025-12-08,277.1356506347656,278.9108174051644,275.4003533668138,277.374989388386,38211800
2025-12-09,276.4275817871094,279.2698514894354,276.16830825817004,277.40493251311347,32193300
2025-12-10,278.0232238769531,278.9905919368044,275.68957968235776,276.9960211276047,33038300
2025-12-11,277.2752685546875,278.8310314000742,273.0667227973629,278.34237127554803,33248000
2025-12-12,277.5245666503906,278.4620173164318,276.06853855760204,277.14559334691864,39532900
2025-12-15,273.3658752441406,279.3894873363706,272.0993337942639,279.3894873363706,50409100
2025-12-16,273.8645324707031,274.752131096348,271.0522107383373,272.07941349564567,37648600
2025-12-17,271.10205078125,275.41033087528734,270.9026119684932,274.2634587890498,50138700
2025-12-18,271.4511413574219,272.88723490520505,266.22537510199504,272.8672697170699,51630700
2025-12-19,272.9271240234375,273.8545921928022,269.1673383776201,271.4112306527045,144632000
2025-12-22,270.23443603515625,273.13654030849926,269.7756932559407,272.1192896847017,36571800
2025-12-23,271.62066650390625,271.7603010837797,268.8282792538215,270.1048034873943,29642000
2025-12-24,273.06671142578125,274.6823088952694,271.46109654935304,271.60070067851706,17910600
2025-12-26,272.6578674316406,274.6225212124231,272.1193247047194,273.4158142002898,21521800
2025-12-29,273.0168762207031,273.61522314661676,271.6107000753325,271.9497734782625,23715200
2025-12-30,272.33868408203125,273.3359694836473,271.54086793463244,272.06942798009953,22139600
2025-12-31,271.12200927734375,272.9370761103812,271.0123224859311,272.3187639976345,27293600
2026-01-02,270.27435302734375,277.0857995993762,268.26979943372277,271.52095990203577,37838100
2026-01-05,266.5345458984375,270.7730094869922,265.41759095171795,269.9053759278346,45647200
2026-01-06,261.6478271484375,266.8237416838396,261.4084883511094,266.27524679504927,52352100
2026-01-07,259.6233215332031,262.96423405428067,259.10474402829175,262.485556491205,48309800
2026-01-08,258.3368225097656,258.58614386359903,255.00587765735156,256.3222864925608,50419300
2026-01-09,258.6659240722656,259.5036402038468,255.52448097015204,258.3767027680543,39997000
2026-01-12,259.54351806640625,260.5906555331263,256.1028713590674,258.45648066308013,45263800
2026-01-13,260.34136962890625,261.0993163539261,257.68861696081353,258.01770778709204,45730800
2026-01-14,259.2543029785156,261.1092696408236,256.0131254420647,258.78557762508564,40019400
2026-01-15,257.50909423828125,260.3314293980394,256.35223934409396,259.94247342351326,39388600
2026-01-16,254.83633422851562,258.1971811198186,254.23795690818102,257.1998957308392,72142800
2026-01-20,246.0303192138672,254.09835490933511,242.75922413209136,252.04394930256512,80267500
2026-01-21,246.9777374267578,250.87712721718017,244.51444112970407,248.02489020045314,54641700
2026-01-22,247.67584228515625,250.31864258405668,247.47637302553753,248.52352576906395,39708300
2026-01-23,247.36666870117188,248.73296007338791,244.0157890837153,246.64863719927277,41689000
2026-01-26,254.71669006347656,255.86356228737432,249.121917868832,250.7973501838168,55969200
2026-01-27,257.56890869140625,261.2389423700868,257.5090739976807,258.4664899667647,49648300
2026-01-28,255.74388122558594,258.1572949521919,253.81911240916085,256.9505880888889,41288000
2026-01-29,257.5788879394531,258.94516415300217,253.7193980705993,257.29964922744847,67253000
2026-01-30,258.7756652832031,261.1890792690021,251.49546251262876,254.4773517832236,92443400
2026-02-02,269.27703857421875,269.7557160843994,258.50633807413067,259.3241194003358,73913400
2026-02-03,268.7485046386719,271.1419837262723,266.88355520832346,268.4692659190308,64394700
2026-02-04,275.7394104003906,278.19275421850585,271.55083028665655,271.55083028665655,90545700
2026-02-05,275.1610412597656,278.7412924914769,272.48832346973,277.37501624935936,52977400
2026-02-06,277.364990234375,280.1474248180158,276.1782182606431,276.3677049075235,50453400
2026-02-09,274.13079833984375,277.70443813431814,271.2160169672847,277.41494619870406,44623400
2026-02-10,273.19244384765625,274.87943562430115,272.4537718732244,274.40031021957236,34376900
2026-02-11,275.00921630859375,279.6808719096702,273.9610989943363,274.2106536370846,51931300
2026-02-12,261.2637939453125,275.22886395053104,259.7165366668213,275.09909064411113,81077200
2026-02-13,255.32435607910156,261.7628783299504,254.9949421084194,261.5432690161623,56290700
2026-02-17,263.4099426269531,265.8156532326085,255.08478749757862,257.5903108294174,58469100
2026-02-18,263.8791198730469,266.3447212846438,261.9825104325609,263.13045584681157,34203300
2026-02-19,260.11578369140625,264.00886051677537,259.5867290635135,262.13220471573277,30845300
2026-02-20,264.1086730957031,264.2783836675007,257.7001265171608,258.50868117461044,42070500
2026-02-23,265.705810546875,268.95002088588865,262.91081074777924,263.0206001676805,37308200
2026-02-24,271.6552429199219,274.4003442568012,267.233111068832,267.38283777638213,47014600
2026-02-25,273.74151611328125,274.45024283739696,270.567157599074,271.29586819299504,33714300
2026-02-26,272.4637756347656,275.61811956353745,270.31758130113775,274.4602128097023,32345100
2026-02-27,263.7093811035156,272.3240124520744,262.4217010495403,272.3240124520744,72366500
2026-03-02,264.2484130859375,266.05518620599753,259.73647625260065,261.94253069595567,41827900
2026-03-03,263.2801818847656,265.08695529305965,259.6666350681776,263.0106738027697,38568900
2026-03-04,262.0523376464844,265.67587606267574,260.95432154975975,264.17854815272653,39803100
2026-03-05,259.8263244628906,261.09405110124777,256.79173142961054,260.3254337562426,49658600
2026-03-06,257.0013427734375,258.3090066542827,253.916851068475,258.16927189629365,41120000
2026-03-09,259.41705322265625,260.68477987096253,253.22808575123491,255.2345148744848,38218500
2026-03-10,260.3653564453125,262.01244158439727,256.4922936817907,257.19102845716964,30590800
2026-03-11,260.3453674316406,261.6630231774062,259.08760235948154,260.62486739620806,26218900
2026-03-12,255.30438232421875,258.48871731031414,253.72719511663234,258.1992253881205,40794000
2026-03-13,249.6744384765625,255.87336762960538,249.07551643845036,255.024890934378,36930000
2026-03-16,252.36964416503906,253.43773019062647,249.4348789230203,251.66090222791988,32074200
2026-03-17,253.77711486816406,254.67552076289968,251.7307636559193,252.5093881906664,32361600
2026-03-18,249.49476623535156,254.48585937367065,248.55643828829037,252.1799767808244,35757900
2026-03-19,248.5165252685547,251.38140795985734,246.85947863088072,248.95572868612365,34864100
2026-03-20,247.54823303222656,248.75606899357115,245.56177255944445,247.53824109812177,88331100
2026-03-23,251.04200744628906,254.14646797882926,249.83415620831627,253.51758537106093,40546100
2026-03-24,251.1917266845703,254.37604644028636,249.10545347620703,249.90403139868116,45152300
2026-03-25,252.16998291015625,254.5457480998694,251.15181088451408,253.6473574345128,28476700
2026-03-26,252.43951416015625,256.5421934269488,250.32329549316128,251.67088153367666,41796700
2026-03-27,248.35679626464844,255.03488128462607,247.6281009352486,253.4477020992108,47900000
2026-03-30,246.19065856933594,250.4230956915925,245.07264337813007,249.62453299565456,39446200
2026-03-31,253.337890625,255.02488248828539,246.65982101631488,247.46837564153284,49598100
2026-04-01,255.17462158203125,255.7236296181179,252.8787157917901,253.62737973002484,40059400
2026-04-02,255.464111328125,255.6737439434535,250.20349485503914,253.74717405681358,31289400
2026-04-06,258.3988342285156,261.6929736576745,256.003115847535,256.053045051996,29329900
2026-04-07,253.0484161376953,255.7436185540334,245.2623079794448,255.70368128016966,62148000
2026-04-08,258.43878173828125,259.2872736156141,256.0730086009651,257.98960165960847,41032800
2026-04-09,260.02593994140625,260.65482250105316,255.6138310165902,258.5386040524215,28121600
2026-04-10,260.0159912109375,261.7229364827484,258.5585701252562,259.5168819122501,31291500
2026-04-13,258.73828125,259.71651601158027,256.2027973984465,259.2673359057164,36234700
2026-04-14,258.368896484375,261.4633801130582,256.73183388682423,258.78816168339415,48370700
2026-04-15,265.95538330078125,266.08515659729386,257.35074355126085,257.7001261657452,49913500
2026-04-16,262.9307556152344,266.6840670491935,260.804545264895,266.3246925362851,43323100
2026-04-17,269.7486267089844,271.8149160854778,266.24486962975914,266.4844323486072,61436200
2026-04-20,272.5635681152344,273.7913879220191,269.80850557942483,269.84841238867654,36590200
2026-04-21,265.69586181640625,272.3140256362382,264.9272139873882,271.0163536236942,50209800
2026-04-22,272.68341064453125,273.2523721409737,266.39461467279705,267.3429346055621,43249200
2026-04-23,272.9429016113281,275.2787294551341,271.1660737405759,274.56001085217736,33399600
2026-04-24,270.5771179199219,272.5735550213531,269.16962610782736,272.2741016414235,38157100
2026-04-27,267.1332702636719,267.88193422863776,264.59781690250213,265.6159889280984,41466800
2026-04-28,270.2277526855469,272.7432830913257,268.181416710472,271.8548539018017,40018900
2026-04-29,269.688720703125,270.55716597281076,266.56429174844374,267.07336249706583,30047900
2026-04-30,270.86663818359375,275.50834883767226,267.6623648300734,270.018146234023,91848200
2026-05-01,279.6409606933594,286.7083346607987,277.87409435408995,278.36321169794013,79915400
2026-05-04,276.33685302734375,280.13010214166496,274.3703610857382,279.16182884121525,46668400
2026-05-05,283.67376708984375,284.0630869835518,276.00745521106614,276.43668191704,49311700
2026-05-06,286.9978332519531,287.5168959460148,280.5693031693742,281.4177950537395,58336100
2026-05-07,286.9279479980469,291.60959552514373,285.2709015174152,288.75467457606095,45224300
2026-05-08,292.7974853515625,294.2349225642168,289.48339230776435,289.49338424193445,52692800
2026-05-11,292.42779541015625,293.6267735875138,289.979924827367,291.72841688276577,42247300
2026-05-12,294.54595947265625,295.0155556946294,292.3078994315659,292.3078994315659,45748100
2026-05-13,298.6124572753906,300.6607090744109,293.24708951115105,293.24708951115105,52684300
2026-05-14,297.9530334472656,300.1911240450107,295.12548538387824,299.5616620172475,35324900
2026-05-15,299.9713134765625,302.93875555297063,296.26448829773227,297.643304079477,54862800
2026-05-18,297.5833435058594,300.4009207908792,294.6558756451712,299.98126929450746,34483000
2026-05-19,298.7123718261719,300.2510533099592,296.09463441963413,296.7140952726279,42243600
2026-05-20,301.98956298828125,302.5390768782648,297.82314269813475,297.9230626302997,38229800
2026-05-21,304.7271728515625,305.27671719779084,300.1411318265125,300.80056674721834,42965100
2026-05-22,308.55389404296875,311.13165741506583,305.57645096183757,305.85620846339293,43670200
2026-05-26,308.0643005371094,311.5513139598484,307.4048960873393,309.29325163060713,48000500
2026-05-27,310.5821533203125,312.9900803339556,308.0343323058515,308.0643052358437,50430900
2026-05-28,312.24072265625,312.5304508120942,309.30325358892543,310.412282475935,48220400
2026-05-29,311.7911071777344,314.7285763294451,309.2632884033746,311.5113496628706,70026800
2026-06-01,306.0460510253906,310.67206624496237,304.7571540774977,309.363197507879,48849900
2026-06-02,314.92840576171875,315.1781903378333,306.42572903356995,307.1950545511415,44534700
2026-06-03,309.9926452636719,316.6668815001487,308.5838566628498,313.9092501546009,50836700
2026-06-04,310.9618225097656,313.26982953176514,309.38316692864953,312.96009909963743,44869100
2026-06-05,307.0751647949219,314.8984348439246,306.8853260765596,312.5903972939029,65310500
2026-06-08,301.2801818847656,317.1265012321255,300.9105055796523,308.4739595974908,77949100
2026-06-09,290.29962158203125,300.4908444635933,287.5320194610898,300.0212482417878,70108800
2026-06-10,291.3287353515625,294.4960172141002,287.1323727394638,290.4894628291428,52793300
2026-06-11,295.375244140625,296.7440586571729,289.3404406054596,293.4668864344149,42572500
2026-06-12,290.879150390625,296.88398158337014,289.3704417369658,295.7749221682621,38742100
2026-06-15,296.1645812988281,297.5233947188816,291.4486474146935,293.8665449684006,45732600
2026-06-16,298.9821472167969,300.2210994929347,293.71669913987887,294.99559499590845,39874400
2026-06-17,295.6949768066406,301.8096980081642,294.10632015937927,300.59074812548096,42745100
2026-06-18,297.7532043457031,300.31099586682666,295.3652492546472,297.8530937792582,85962200
2026-06-22,296.75408935546875,302.1594314563154,296.5043047694293,297.05381866220307,44879900
2026-06-23,294.04638671875,301.3800886038737,293.9264950024863,297.2836155142734,52010900
2026-06-24,292.8274230957031,299.4417438827621,292.68755959702736,295.1054570720635,53081900
2026-06-25,274.91290283203125,288.55113481081804,273.5141152813601,287.1523472601469,107013700
2026-06-26,283.53546142578125,285.70360492137456,273.9737007161028,274.7630284991681,261775500
2026-06-29,281.4972229003906,288.12151489662153,279.6088673150861,286.4829438934296,66427000
2026-06-30,289.11065673828125,289.69017405322865,280.45814550695326,280.9277417485351,65100200
2026-07-01,294.1263427734375,296.33442991747245,288.95081360688545,293.1871503157195,50164200
2026-07-02,308.3640441894531,309.15337194761725,293.4269150966668,293.866538367699,75352800
2026-07-06,312.3905944824219,313.9292760509671,306.7354678654279,307.0951430290638,53590000
2026-07-07,310.3923034667969,315.20815732134815,309.88273318392555,315.0183186077797,42490000
2026-07-08,313.1199645996094,314.5487250421545,306.7854009831778,311.6412289475945,41323500
2026-07-09,315.947509765625,316.2572401947346,307.8944576262147,310.24243869469103,48124500
2026-07-10,315.0483093261719,316.6369356310425,311.9010296470402,314.4488202226986,34132300
2026-07-13,317.03656005859375,323.171283634363,315.5078797345754,316.7468014245228,43257800
2026-07-14,314.58868408203125,315.91755515351207,311.64124426456783,313.48965629761443,36336800
2026-07-15,327.2178039550781,328.44675508114506,317.0465830462295,317.34631234952286,60957600
2026-07-16,332.97283935546875,334.3915986652446,326.50841333986017,327.72736328456057,62970600
2026-07-17,333.452392578125,334.7013154010385,328.71648699084636,331.693929977533,63407100
2026-07-20,326.3085632324219,333.4224228207836,323.4010672140761,333.2226134619852,53468000
2026-07-21,327.45758056640625,329.3159936819017,321.94234806189104,322.85156758462244,41338900
2026-07-22,325.60919189453125,328.7164973399543,323.0613709608057,327.58746619388995,38755900
2026-07-23,321.3828430175781,323.0214140443725,319.0748358849152,321.4527900194849,40840800
2026-07-24,332.7330322265625,334.0818750563203,321.3428614810286,321.5127284115298,47489400
2026-07-27,336.61968994140625,339.277401491225,333.73216560461384,334.2517370375488,49604300
2026-07-28,339.78692626953125,342.59453283396704,335.31080637618777,339.73698155301014,51859000
2026-07-29,337.8985900878906,344.2730974331505,337.0593175600121,339.43727163464206,56090800
2026-07-30,333.1426696777344,334.4615395264105,329.30598233808786,332.8129674612056,74817800
2026-07-31,308.6438293457031,310.4222943774597,299.7415030462749,304.54735603914753,132489100
2026-08-03,303.1585693359375,311.5313230344714,302.29929450581176,309.313234694189,75052000
2026-08-04,309.1134033203125,310.1525156602479,301.0603512911937,302.46913991298527,68001000
2026-08-05,310.7320251464844,311.4414048335362,305.40663118634393,309.09342362565195,49438800
2026-08-06,312.14080810546875,316.0174696892129,308.96355554648414,314.06913775686996,46139900
2026-08-07,313.05999755859375,314.53873325457766,310.47223295908327,311.1816431226555,34437200
2026-08-10,308.260009765625,308.260009765625,304.6099853515625,306.8299865722656,44812500
2026-08-11,304.9100036621094,309.9700012207031,302.7900085449219,307.75,37476700
2026-08-12,302.25,305.6600036621094,300.57000732421875,305.1000061035156,41657800
2026-08-13,305.260009765625,306.0,302.04998779296875,304.2099914550781,40349300
2026-08-14,305.92999267578125,307.489990234375,304.29998779296875,306.0,28229400
2026-08-17,305.5899963378906,307.6600036621094,302.94000244140625,306.2099914550781,38169300
2026-08-18,310.0299987792969,311.489990234375,305.739990234375,307.5799865722656,53424500
2026-08-19,316.8299865722656,319.2799987792969,309.6000061035156,310.1400146484375,50505600
2026-08-20,311.29998779296875,320.2799987792969,310.6499938964844,317.4599914550781,40959200
2026-08-21,309.3500061035156,312.3800048828125,307.010009765625,312.04998779296875,46876800
2026-08-24,310.3399963378906,313.3599853515625,309.9700012207031,311.4700012207031,34673600
2026-08-25,309.8999938964844,313.5899963378906,308.2099914550781,310.7900085449219,25869800
2026-08-26,313.45001220703125,315.42999267578125,308.79998779296875,310.29998779296875,34024500
2026-08-27,314.5799865722656,315.3999938964844,309.3999938964844,310.54998779296875,32419200
2026-08-28,319.70001220703125,322.3699951171875,315.45001220703125,316.8500061035156,38649400
2026-08-31,316.8500061035156,321.239990234375,312.79998779296875,319.6000061035156,41242700
2026-09-01,325.1300048828125,327.29998779296875,314.7300109863281,316.9800109863281,53167400
2026-09-02,324.9599914550781,328.3999938964844,323.5299987792969,326.8699951171875,33776400
2026-09-03,328.2099914550781,330.80999755859375,324.1099853515625,324.8699951171875,37225800
2026-09-04,319.9700012207031,328.92999267578125,317.8599853515625,328.30999755859375,39606900
2026-09-08,316.2200012207031,320.70001220703125,314.8999938964844,317.1000061035156,35477100
2026-09-09,315.3399963378906,319.1499938964844,309.8999938964844,315.489990234375,65640000
2026-09-10,326.57000732421875,326.739990234375,316.510009765625,316.6700134277344,70011900
2026-09-11,332.2699890136719,336.2200012207031,326.29998779296875,327.45001220703125,50716900
2026-09-14,333.0799865722656,335.5,331.3399963378906,334.7900085449219,39269100
2026-09-15,331.3399963378906,331.7799987792969,328.3500061035156,330.1400146484375,31748200
2026-09-16,332.4100036621094,335.4800109863281,330.70001220703125,332.5299987792969,35981000
2026-09-17,337.0,338.3399963378906,330.17999267578125,334.7699890136719,36700200
2026-09-18,336.1300048828125,338.489990234375,332.5299987792969,337.9100036621094,86588200
2026-09-21,338.9800109863281,339.6400146484375,333.04998779296875,335.2799987792969,34999200
2026-09-22,339.75,345.3399963378906,338.75,340.1400146484375,40711800
2026-09-23,337.0199890136719,341.79998779296875,335.5,341.0799865722656,31658800
2026-09-24,335.9200134277344,338.9100036621094,334.29998779296875,336.7200012207031,24733100
2026-09-25,341.07000732421875,341.6700134277344,334.5299987792969,336.0400085449219,30002500
2026-09-28,338.3999938964844,342.989990234375,338.0400085449219,340.3699951171875,32820800
2026-09-29,329.3999938964844,337.0899963378906,328.70001220703125,336.9700012207031,38478000
