entry_time,exit_time,entry_price,exit_price,shares,stop_loss,take_profit,exit_reason,bars_held,entry_fee,exit_fee,gross_pnl,pnl,risk_dollars,r_multiple,sl_distance_bps,capped
2022-06-01 06:40:00,2022-06-01 07:35:00,31606.638862851498,31561.431431211,0.9015898524691799,31495.723683708642,31828.469221137213,signal,11,28.49622486940493,28.455466307781663,-40.758561623266964,-97.71025280045356,100.0,-0.9771025280045356,35.09236765862461,False
2022-06-01 09:00:00,2022-06-01 11:00:00,31604.632803265602,31550.8582696329,1.131393400734342,31516.332580122744,31781.23324955132,signal,24,35.75727298624681,35.696432833767204,-60.84015247960655,-132.29385829962058,99.90228974719955,-1.3242324939136747,27.939012515195046,False
2022-06-01 12:45:00,2022-06-01 14:10:00,31746.4106516328,31587.396684915897,0.6401466284078272,31590.555740489945,32058.12047391851,stop_loss,18,20.322357742693068,20.22056548802949,-101.7922546635795,-142.33517789430206,99.76999588889993,-1.4266330937088652,49.093711050713274,False
2022-06-02 06:00:00,2022-06-02 10:00:00,29864.6580421875,29907.5890199922,1.054491360289201,29770.178689901786,30053.61674675893,max_holding,48,31.492023883478122,31.53729422866195,45.27034518382261,-17.75897292831746,99.62766071100562,-0.17825343686259681,31.63583930954465,False
2022-06-02 11:20:00,2022-06-02 13:15:00,30012.5868955937,29864.476143711,0.7405233978771467,29878.074060450843,30281.61256587941,stop_loss,24,22.22502282700817,22.115343349761858,-109.67947724631686,-154.0198434230869,99.60990173807731,-1.546230251567557,44.81880739264299,False
2022-06-02 15:20:00,2022-06-02 18:15:00,30164.0610254921,30229.2189627813,0.41225617527881164,29922.813258063532,30646.556560349243,signal,35,12.435320429246044,12.462182191261943,26.861762015901196,1.9642593953932082,99.45588189465421,0.019750057593112425,79.97854374604503,False
2022-06-02 20:15:00,2022-06-02 22:10:00,30322.1158923984,30517.583919085842,1.0019927556038253,30222.855847255545,30520.63598268411,take_profit,24,30.38254045876282,30.57839800545581,195.85754669299212,134.89660822877346,99.4578461540496,1.356319420187654,32.735197469428314,False
2022-06-02 22:15:00,2022-06-03 00:10:00,30561.495296945297,30421.2056211954,0.7456951161747071,30427.938377231014,30828.609136373867,stop_loss,24,22.789557785928388,22.684944459871957,-104.6133260564311,-150.08782830223146,99.59274276227839,-1.50701571358951,43.70104224829356,False
2022-06-03 01:55:00,2022-06-03 03:50:00,30597.9130003515,30493.663218711,0.7418498553434806,30463.86612520864,30866.00675063722,signal,23,22.699057333123164,22.62171964769357,-77.33768542959253,-122.65846241040926,99.44265493397614,-1.233459248366277,43.80915624582628,False
2022-06-03 06:00:00,2022-06-03 06:20:00,30545.4350970859,30481.0980693516,1.7049989689199039,30487.182864514474,30661.939562228756,stop_loss,5,52.07993534574131,51.97024077979095,-109.6945659503561,-213.74474207588835,99.31999647156574,-2.1520816519267716,19.070683519903287,False
2022-06-03 08:35:00,2022-06-03 09:10:00,30489.279091046803,30383.173505262726,0.9615714612494004,30386.212126475373,30695.413020189662,stop_loss,8,29.317620648018668,29.21559254484955,-102.02810316911808,-160.56131636198631,99.10625172948984,-1.6200927142339905,33.804329798566926,False
2022-06-03 17:35:00,2022-06-03 21:35:00,29514.6542953125,29709.4193859375,0.8326438586725468,29395.82114788393,29752.32059016964,max_holding,48,24.575195639835258,24.737365596427964,162.16995659270984,112.85739535644663,98.94569041312786,1.1405994024119013,40.26242226643415,False
2022-06-03 21:40:00,2022-06-03 21:55:00,29713.7542813203,29820.70271566903,1.802198205305736,29658.788879891727,29823.685084177447,take_profit,4,53.55007463869107,53.74281691513462,192.7422764435415,85.44938488971579,99.05854780848429,0.8626149563076586,18.49830247237646,False
2022-06-03 22:00:00,2022-06-03 22:40:00,29814.6667145546,29735.295008242516,1.2977323184221126,29738.26883512603,29967.462473411742,stop_loss,9,38.69145655846153,38.58845333001203,-103.00322844950205,-180.28313833797563,99.14399719337402,-1.8183969119819217,25.624260757299396,False
2022-06-04 04:10:00,2022-06-04 07:25:00,29649.427536289,29658.3248858985,1.414105528423435,29579.444276860428,29789.39405514615,signal,39,41.9274193936563,41.94000118492741,12.581791271108107,-71.2856293074756,98.96371405503605,-0.7203208770826041,23.60357863332019,False
2022-06-04 08:20:00,2022-06-04 11:20:00,29720.1670315312,29703.2461743204,2.323920876343509,29677.612902674056,29805.275289245492,signal,36,69.06731661299146,69.02799387967366,-39.32273331780577,-177.4180438104709,98.89242842572858,-1.7940508351831768,14.318267058188717,False
2022-06-04 14:40:00,2022-06-04 17:20:00,29798.5459626406,29659.7622421485,0.6847566667200871,29654.38524806917,30086.867391783457,signal,32,20.404753006483087,20.309719928643904,-95.0330778391837,-135.7475507743107,98.71501038191809,-1.375145990960418,48.378439254106105,False
2022-06-04 18:50:00,2022-06-04 19:20:00,29771.814773789,29718.784004742392,1.9692775221862602,29721.75618036043,29871.931960646143,stop_loss,7,58.6289656287155,58.52453332724776,-104.43230146773409,-221.58580042369735,98.57926283114378,-2.2477932382518544,16.814088697287417,False
2022-06-04 21:10:00,2022-06-05 01:10:00,29764.634368820298,29719.779677804698,1.677088362456161,29705.9864888203,29881.930128820295,max_holding,48,49.9179219127112,49.842696632407375,-75.22528030382986,-174.98589884894844,98.35767703072007,-1.7790771816855238,19.703880542686225,False
2022-06-05 03:20:00,2022-06-05 04:10:00,29776.9813063906,29727.117672179615,2.093866115726584,29730.09068124774,29870.762556676316,stop_loss,11,62.34901218607519,62.244604411993826,-104.40777408136798,-229.001390679437,98.18269113187112,-2.3324008339907967,15.747272922119993,False
2022-06-05 05:40:00,2022-06-05 06:50:00,29791.7425473671,29747.13807177308,2.3529894372147147,29750.113083081385,29875.00147593853,stop_loss,15,70.09965553017497,69.99470167024975,-104.95385992523103,-245.04821712565575,97.9536897411917,-2.50167418678265,13.97349088242334,False
2022-06-05 12:10:00,2022-06-05 13:55:00,29717.2136112187,29655.849293415493,1.6731379766065086,29658.815174932985,29834.010483790134,stop_loss,22,49.720998651857855,49.61832768133276,-102.67097052509666,-202.0102968582873,97.70864152406604,-2.0674762611302024,19.651383554906754,False
2022-06-05 14:45:00,2022-06-05 16:00:00,29771.8421205234,29944.18892215935,1.1121910113156406,29684.171360523404,29947.1836405234,take_profit,16,33.11197519675451,33.30365776036301,191.68256360850054,125.26693065138302,97.50663122720775,1.2847016564390257,29.447542965290978,False
2022-06-05 16:05:00,2022-06-05 16:30:00,29944.4511767031,29829.491924328773,0.8719001743490942,29832.475171845956,30168.40318641739,stop_loss,6,26.108572201755372,26.008339209567154,-100.23299218821701,-152.34990359953952,97.63189815785913,-1.560452131671228,37.394575775114575,False
2022-06-05 17:30:00,2022-06-05 21:05:00,30059.9803064609,29917.82416226508,0.7004649508864701,29920.81624388947,30338.30843160376,stop_loss,44,21.055962629013393,20.956387232451057,-99.57539656233641,-141.58774642380087,97.47954825425957,-1.4524866903823992,46.295460327204765,False
2022-06-05 22:55:00,2022-06-05 23:20:00,30018.7574345859,29950.5769077735,0.7491844831620399,29888.832212300185,30278.60787915733,signal,5,22.48958727379688,22.438507481055215,-51.079792741664086,-96.00788749651618,97.33796050783577,-0.9863355159243086,43.28134586144513,False
2022-06-06 03:20:00,2022-06-06 07:20:00,31065.8074411171,31292.3743556094,0.6300485897421612,30911.4670391171,31374.488245117103,max_holding,48,19.572968167477363,19.715716332435473,142.74816495810725,103.4594804581944,97.24195262033926,1.063938739096799,49.681760981922736,False
2022-06-06 07:25:00,2022-06-06 11:25:00,31308.8004879921,31375.922639945402,0.983713956842421,31209.84345742067,31506.714549134955,max_holding,48,30.798904012032633,30.864933009722392,66.02899768976175,4.365160668006723,97.34541210079747,0.04484197635823623,31.606777975854662,False
2022-06-06 14:10:00,2022-06-06 15:10:00,31550.4887173984,31380.541756243114,0.5836016923785896,31383.680124255538,31884.105903684118,stop_loss,13,18.412918610845303,18.31373727670048,-99.18133414482273,-135.9079900323685,97.34977726146549,-1.3960791062453282,52.870367440893354,False
2022-06-06 18:40:00,2022-06-06 21:05:00,31255.5041438906,31441.76925023073,1.026493593192409,31160.799345033458,31444.91374160489,take_profit,30,32.08357475570249,32.27477469399594,191.1999382934443,126.84158884374585,97.21386927143311,1.3047684429635087,30.300198781357565,False
2022-06-06 21:20:00,2022-06-06 23:00:00,31489.209152054602,31399.064857492198,0.6851829244164799,31347.1438620546,31773.339732054606,signal,20,21.57586841436696,21.514103082999227,-61.76533136772853,-104.85530286509471,97.34071086027686,-1.0771988609740515,45.115547143149776,False
2022-06-07 07:35:00,2022-06-07 10:10:00,29548.1342049687,29587.6503140625,1.1564634062274612,29464.053848397274,29716.29491811155,signal,31,34.17133593034426,34.21703486446773,45.69893412346976,-22.68943667134223,97.23585555741177,-0.23334434135713977,28.455386045081717,False
2022-06-07 10:50:00,2022-06-07 11:00:00,29627.1479645546,29560.246332003655,1.5202547715519732,29563.202652268883,29755.038589126027,stop_loss,3,45.04081306059046,44.93910553448028,-101.70752611018906,-191.6874447052598,97.21316612074041,-1.9718259609730302,21.583350635781354,False
2022-06-07 13:45:00,2022-06-07 14:45:00,29629.9861393437,29863.34325721182,0.8210200466411224,29511.814263915127,29866.329890200843,take_profit,13,24.326812602099775,24.518403473895898,191.5908717961244,142.74565572012872,97.02147867603516,1.471278913371042,39.882528082475034,False
2022-06-07 14:50:00,2022-06-07 18:50:00,29929.1625379921,30154.2635680704,0.522753730200334,29743.292559992096,30300.9024939921,max_holding,48,15.645581358507465,15.763253761652836,117.67240314536987,86.26356802520957,97.16422433175529,0.887812038005606,62.10330067340139,False
2022-06-07 18:55:00,2022-06-07 19:30:00,30176.9255938203,30432.787143319085,0.7512441868872716,30047.473027534586,30435.830726391723,take_profit,8,22.670239930487224,22.86245443219616,192.21450170893303,146.68180734624966,97.25048789978051,1.5082886524683514,42.89786442400939,False
2022-06-07 19:35:00,2022-06-07 19:40:00,30460.2312645546,30754.798334285286,0.6544566239019842,30311.409835983173,30757.874121697456,take_profit,2,19.934900116674072,20.127681486642715,192.7813699686445,152.71878836532773,97.39716970712676,1.5680002696644373,48.857616108977254,False
2022-06-07 19:45:00,2022-06-07 19:50:00,30804.537176703103,31231.335606226457,0.45380286080232274,30589.57623898882,31234.45905213167,take_profit,2,13.979187096479375,14.17286944478301,193.68234830363681,165.53029176237445,97.5498884954921,1.6968783287745512,69.78223255918779,False
2022-06-07 19:55:00,2022-06-07 22:50:00,31168.8196953125,30803.2064802891,0.2859326789308061,30827.076949598217,31852.305186741072,stop_loss,36,8.912184114591975,8.807643348567828,-104.5407660241458,-122.2605934873056,97.71541878725446,-1.251190395586297,109.6425046103619,False
2022-06-08 06:05:00,2022-06-08 07:10:00,30595.365870663998,30381.205715586,0.4974215189376572,30399.167768092568,30987.762075806855,stop_loss,14,15.218793363839042,15.11226549420422,-106.5278696348228,-136.85892849286606,97.59315819376715,-1.4023414246021053,64.12673847432319,False
2022-06-08 07:50:00,2022-06-08 09:25:00,30561.792201632798,30418.6375190313,0.6709607439412334,30416.543317632797,30852.289969632802,signal,19,20.505762831784928,20.409711659447957,-96.0511723369712,-136.9666468282041,97.45629926527428,-1.405416046584976,47.526297882570006,False
2022-06-08 13:55:00,2022-06-08 14:45:00,30707.033286289,30455.596796594342,0.39179953933660633,30458.642660860427,31203.814537146143,stop_loss,11,12.031001495961867,11.932488795127087,-98.51270083478006,-122.47619112586901,97.31933261844608,-1.2584980582024115,80.8904667255762,False
2022-06-08 16:05:00,2022-06-08 16:30:00,30489.8436004921,30415.274574359402,0.9719034883924635,30389.83690477781,30689.856991920675,signal,5,29.633185355858902,29.560711459234508,-72.47389662439632,-131.6677934394897,97.19685642732021,-1.3546507395323577,32.80000285494216,False
2022-06-08 21:15:00,2022-06-09 00:15:00,30271.0678191015,30143.98559764316,0.7823577638710403,30147.000297672927,30519.202861958645,stop_loss,37,23.682804928940858,23.58338116633295,-99.42376260791012,-146.68994870318392,97.06518863388071,-1.511251878945833,40.985512030825845,False
2022-06-09 03:20:00,2022-06-09 05:10:00,30202.4086098671,30337.903534390003,1.3992519384680115,30133.144100724243,30340.937628152817,take_profit,23,42.2607787937595,42.45037032955075,189.59153579124978,104.88038666793953,96.91849868517754,1.0821503437504203,22.933438864948023,False
2022-06-09 05:15:00,2022-06-09 08:50:00,30353.7811676093,30491.78748734077,1.3756736938650198,30283.25326589501,30494.836971037876,take_profit,44,41.75689826161556,41.946749925257265,189.85166364170868,106.14801545483586,97.02337907184547,1.0940457492851658,23.235293594838875,False
2022-06-09 08:55:00,2022-06-09 11:15:00,30488.2692250703,30428.4724734375,0.8068126490231483,30367.882506784586,30729.042661641728,signal,28,24.5983212576099,24.55007648202206,-48.24477558783782,-97.39317332746978,97.12952708730029,-1.0027143778835916,39.48624219925238,False
2022-06-09 16:00:00,2022-06-09 18:40:00,30302.7330953125,30156.009487461,0.6758667246099068,30159.166131026785,30589.86702388393,stop_loss,33,20.480608963857083,20.381443359595544,-99.16560426154032,-140.02765658499294,97.03213391397283,-1.4431060200030155,47.37756288653778,False
2022-06-09 21:20:00,2022-06-09 22:15:00,30217.7324080937,30116.60493240429,0.9875309449776398,30119.6168940937,30413.9634360937,stop_loss,12,29.840945840046224,29.74107932841546,-99.8665116307654,-159.44853679922707,96.89210625738782,-1.6456297933668818,32.4695158044755,False
2022-06-10 02:30:00,2022-06-10 03:05:00,29996.5364627109,30183.695246747662,1.0172883794516803,29901.447734996615,30186.713918139474,take_profit,8,30.51512796731441,30.705522423427315,190.39445611290367,129.17380572216194,96.73265772058859,1.3353691376420083,31.69990236455885,False
2022-06-10 03:10:00,2022-06-10 06:45:00,30146.4323097968,30106.2878981172,0.7124181260887518,30010.470256082514,30418.356417225372,signal,43,21.47686481440684,21.44826520786512,-28.59960654171677,-71.52473656398874,96.86183152631078,-0.7384202367117157,45.100545337201716,False
2022-06-10 11:40:00,2022-06-10 12:30:00,30043.3341110078,29970.729036938268,1.3905114635780207,29973.726409579227,30182.549513864942,stop_loss,11,41.77560048546093,41.674642297653314,-100.95818780761532,-184.40843059072958,96.7903067897468,-1.9052365542276013,23.16910006438627,False
2022-06-10 20:15:00,2022-06-10 23:10:00,29120.607081531198,29175.173986820402,0.5681152061665453,28950.560764674057,29460.699715245482,signal,35,16.54385969581906,16.574859984467306,31.000288648246734,-2.1184310320396307,96.60589835915606,-0.021928588916629552,58.393809023640465,False
2022-06-11 00:55:00,2022-06-11 04:55:00,29228.3248832343,29346.303357171902,1.379537106127159,29158.2986552343,29368.377339234303,max_holding,48,40.32155872636148,40.48431440888266,162.75568252117645,81.94980938593233,96.60377992812401,0.8483085180197435,23.958344612547496,False
2022-06-11 05:00:00,2022-06-11 05:50:00,29365.293656742102,29302.590225521486,1.6175518249076233,29305.520777599246,29484.839415027815,stop_loss,11,47.49988434341144,47.39845829381257,-101.42604959887711,-196.32439223610112,96.68572973750994,-2.0305415573642365,20.354940032800503,False
2022-06-11 07:45:00,2022-06-11 08:10:00,29343.2816907656,29292.880011806326,2.03254984317898,29295.809592765603,29438.2258867656,stop_loss,6,59.64168259892226,59.53923867425763,-102.44392466463202,-221.6248459378119,96.48940534527385,-2.2968827006940127,16.17818296545132,False
2022-06-11 17:30:00,2022-06-11 20:40:00,28490.655420664,28500.0481471563,0.5056270579424893,28300.262562949716,28871.441136092566,signal,38,14.405646279203573,14.410395495865933,4.749216662360341,-24.066825112709164,96.26778049933604,-0.24999875335107735,66.8264225245563,False
2022-06-12 07:00:00,2022-06-12 10:05:00,27504.377115695297,27485.2472933907,0.6576877026093015,27358.040619981013,27797.05010712387,signal,37,18.08929059692149,18.076709148038656,-12.58144888283393,-48.74744862779407,96.24371367422332,-0.506500079504413,53.204802675126736,False
2022-06-12 12:35:00,2022-06-12 12:40:00,27552.0205515625,27461.303164319856,1.093485189390867,27464.049569276784,27727.962516133928,stop_loss,2,30.12772641092638,30.028528291556317,-99.19811937006597,-159.35437407254867,96.19496622559552,-1.656577057252999,31.92904931276481,False
2022-06-12 12:45:00,2022-06-12 13:20:00,27461.43336875,27416.668214984402,0.9102853451402904,27355.93281075,27672.434484750003,signal,7,24.99774035211968,24.956991288673905,-40.74906344577588,-90.70379508656947,96.03561185152297,-0.9444808372419512,38.41771716113519,False
2022-06-12 15:00:00,2022-06-12 18:35:00,27834.3280754921,27973.171153125,0.24081606050729013,27435.91233920639,28631.159548063526,signal,43,6.70295323400747,6.736388876991733,33.435642984262955,19.996300873263753,95.9449080564364,0.20841440445699935,143.13826265363062,False
2022-06-13 04:30:00,2022-06-13 04:50:00,26118.9983566718,25680.297815775844,0.2200362468363594,25682.866102386084,26991.26286524323,stop_loss,5,5.747126369527102,5.6505963490232745,-96.5300205038269,-107.92774322237729,95.96490435730968,-1.12465847744219,166.9789355357538,False
2022-06-13 12:45:00,2022-06-13 13:05:00,24077.083248578103,23724.13470412833,0.2734271760630792,23726.507354863817,24778.235036006678,stop_loss,5,6.5833288804943795,6.486823156689904,-96.50572380447566,-109.57587584165995,95.85697661408727,-1.143118421967385,145.60563258217297,False
2022-06-13 16:25:00,2022-06-13 17:40:00,23796.3774458046,23221.720563703202,0.18744895832358563,23285.585592947456,24817.961151518884,stop_loss,16,4.460606164090939,4.352887330147554,-107.71883394338644,-116.53232743762493,95.74740073824562,-1.2170808454236912,214.651097218664,False
2022-06-13 18:30:00,2022-06-13 19:00:00,23709.8687958046,23449.300416103677,0.3703418701447959,23451.64558066174,24226.315226090315,stop_loss,7,8.780757150726016,8.684257769686978,-96.49938103903887,-113.96439595945186,95.63086841080799,-1.1917113987701888,108.9095926117271,False
2022-06-13 20:40:00,2022-06-13 21:30:00,23494.3648265625,23267.6808112188,0.38511154430751,23246.340830848214,23990.412817991077,signal,10,9.04795112088153,8.960652489662689,-87.29863121883983,-105.30723482938406,95.51690401484854,-1.102498410260592,105.56744033951243,False
2022-06-14 03:35:00,2022-06-14 07:35:00,22063.8038157656,22576.6093002813,0.19116541395154876,21564.698905479887,23062.01363633703,max_holding,48,4.217836189786593,4.31586686251066,98.03067272406803,89.49696967177077,95.41159678001915,0.9380093478376099,226.20982059724477,False
2022-06-14 07:45:00,2022-06-14 09:30:00,22851.781042609302,22486.037236574215,0.26273016046956965,22488.28606518073,23578.77099746644,stop_loss,22,6.003852100340212,5.907760171489862,-96.09192885034953,-108.0035411221796,95.50109374969094,-1.1309141799491602,159.0663663155182,False
2022-06-14 13:20:00,2022-06-14 17:20:00,22476.665409796802,22623.643659375,0.25527732383337765,22102.981258082516,23224.033713225377,max_holding,48,5.737782994511177,5.775303208725213,37.52021421403673,26.007128010800336,95.39309020856874,0.2726311513123016,166.25426632520396,False
2022-06-14 23:40:00,2022-06-15 00:15:00,22202.938821875,21968.816496800897,0.41142181867259225,21971.013598160713,22666.789269303576,stop_loss,8,9.134773469972115,9.038450437198271,-96.323032773843,-114.49625668101339,95.41909733657954,-1.1999302013635849,104.45699354257859,False
2022-06-15 00:20:00,2022-06-15 02:55:00,22018.4418580234,21935.8921284063,0.3467810343018167,21743.61540659483,22568.094760880544,signal,31,7.635578041239771,7.606951360621817,-28.626680617953788,-43.869210019815384,95.3046010798985,-0.4603052688194737,124.81648483606375,False
2022-06-15 10:55:00,2022-06-15 11:30:00,20566.749828335902,21074.241524848494,0.3738652152577717,20311.95016262162,21076.34915976447,take_profit,8,7.689192351723542,7.8789258440817544,189.73349235821203,174.16537416240675,95.26073186987871,1.8283018694450903,123.88912581764963,False
2022-06-15 11:35:00,2022-06-15 15:05:00,21104.1394989296,21301.5903309297,0.3073350161700565,20793.61550321531,21725.18749035817,signal,42,6.486041054158656,6.546724608804198,60.68355464554199,47.65078898257914,95.43489724404112,0.4993015171455472,147.138904066682,False
2022-06-15 19:00:00,2022-06-16 00:05:00,21551.8014486484,22638.778863703203,0.09582805312157369,20555.406917791257,23544.590510362686,max_holding,61,2.0652671740866877,2.1694301035585104,104.16292947182258,99.92823219417738,95.48254803302369,1.046560175160136,462.3254038560335,False
2022-06-16 13:10:00,2022-06-16 13:55:00,21244.7043360078,20989.0727578125,0.3920560457826976,21000.906345150655,21732.30031772209,stop_loss,10,8.329114775797747,8.22889287007331,-100.22190572443901,-116.77991337031007,95.58247626521786,-1.2217711648971568,114.75706463183315,False
2022-06-16 15:50:00,2022-06-16 16:15:00,21132.5036640625,20960.0658927891,0.5985121658479478,20972.998641776787,21451.513708633927,stop_loss,6,12.648060537767739,12.544854433808904,-103.20610395883479,-128.39901893041142,95.46569635184755,-1.3449754606846955,75.47852579198386,False
2022-06-16 17:15:00,2022-06-16 18:10:00,21222.897467538998,21031.2365090157,0.7454401077480289,21095.003494110428,21478.68541439614,stop_loss,12,15.820398974927642,15.677527209354944,-142.8717655726979,-174.3696917569805,95.33729733291712,-1.8289766611285703,60.262258546076374,False
2022-06-17 05:35:00,2022-06-17 06:10:00,20835.2903517031,20728.9561930704,0.9474682476238907,20734.85117827453,21036.168698560243,stop_loss,8,19.740776038263096,19.64002779932081,-100.74823894228561,-140.1290427798695,95.16292764116015,-1.4725171477307564,48.206274898569355,False
2022-06-17 06:15:00,2022-06-17 07:20:00,20701.4351705234,20965.884130716237,0.7129942656714467,20568.162291380544,20967.980928809116,take_profit,14,14.760004567752393,14.948555159932662,188.55059218026892,158.84203245258388,95.02279859838026,1.6716202300454184,64.37856991317317,False
2022-06-17 07:25:00,2022-06-17 09:55:00,21096.353564414,20969.8168705938,0.6424723998666841,20948.204568985428,21392.651555271146,signal,30,13.553824902965138,13.472528569615278,-81.29633334985888,-108.3226868224393,95.18164063083285,-1.1380628249787657,70.22493009335703,False
2022-06-17 11:30:00,2022-06-17 12:00:00,21116.4942502812,20989.420379046904,0.787225701692323,20995.724161424056,21358.03442799549,stop_loss,7,16.62344700345952,16.523411186010343,-100.03581744917956,-133.1826756386494,95.07331794401041,-1.400841776838818,57.192300684824644,False
2022-06-17 16:25:00,2022-06-17 16:55:00,20713.1726721562,20584.4569734375,0.7514364299826384,20586.827805870485,20965.862404727628,stop_loss,7,15.564632526379002,15.4679108612511,-96.72166512790145,-127.75420851553154,94.94013526837179,-1.3456290972664264,60.99735095413712,False
2022-06-17 20:35:00,2022-06-17 21:25:00,20683.13060625,20606.671547757902,1.3056766654437424,20610.51509310714,20828.361632535718,stop_loss,11,27.005481000905913,26.90565019237098,-99.83080853493168,-153.74193972820856,94.81238105985626,-1.6215386430507353,35.108569648019134,False
2022-06-18 00:30:00,2022-06-18 01:15:00,20646.1034659062,20547.3747440313,1.2695777323235997,20571.5443139062,20795.221769906195,stop_loss,10,26.211833219563605,26.086489432730467,-125.34378683313913,-177.64210948543322,94.65863912012804,-1.8766602936261707,36.112941177070404,False
2022-06-18 04:45:00,2022-06-18 05:50:00,20471.0761989296,20411.1910977579,1.754343588763854,20417.220729786743,20578.78713721532,stop_loss,14,35.91330128468847,35.80824224138542,-105.05904330304935,-176.78058682912325,94.48099701064261,-1.8710702937354713,26.30807907679718,False
2022-06-18 10:25:00,2022-06-18 12:00:00,19410.231844101498,19259.271126376887,0.6327672747761041,19261.197246101496,19708.301040101498,stop_loss,20,12.282159506764458,12.186636504811611,-95.52300195284664,-119.99179796442272,94.30421642381347,-1.2723905941296032,76.78146206444802,False
2022-06-19 05:10:00,2022-06-19 05:15:00,18488.8076798984,18355.4826271641,0.8457089273827306,18377.44049246983,18711.542054755544,stop_loss,2,15.63614971155247,15.523395524211297,-112.75418734117144,-143.91373257693522,94.18422462584908,-1.5280025200466294,60.234921232727054,False
2022-06-19 07:10:00,2022-06-19 09:00:00,18336.4936220156,18596.218636456884,0.7190043372666247,18205.701210872747,18598.078444301314,take_profit,23,13.18401844449102,13.370761856370939,186.7434118799191,160.18863157905716,94.04031089327214,1.7034038919847663,71.32901951647918,False
2022-06-19 09:05:00,2022-06-19 09:30:00,18604.4579157656,18863.600385357913,0.7217626618182548,18473.943406622744,18865.486934051318,take_profit,6,13.42800306696868,13.615042425611785,187.03935864310355,159.9963131505231,94.2004995248512,1.6984656552517983,70.15227733792632,False
2022-06-19 09:35:00,2022-06-19 10:25:00,19018.2004578828,19422.45444562284,0.4646052474432207,18815.102244168513,19424.39688531137,take_profit,11,8.83595572965941,9.023774253663282,187.8185240038706,169.9587940205479,94.36049583800174,1.801164698332377,106.79149910322032,False
2022-06-19 10:30:00,2022-06-19 13:05:00,19727.4998957343,19383.405215625,0.21728490974285614,19292.446882877157,20597.60592144859,signal,31,4.2864880342968315,4.211721452786286,-74.76658151054652,-83.26479099762963,94.53045463202227,-0.8808250348710754,220.53124580232108,False
2022-06-19 15:40:00,2022-06-19 16:50:00,19732.709401632797,19514.1753403047,0.5133715657017159,19548.735071632796,20100.6580616328,stop_loss,15,10.130211921053201,10.01802274783004,-112.1891732231599,-132.33740789204313,94.44718984102464,-1.4011788822388052,93.23318265903102,False
2022-06-19 19:00:00,2022-06-19 19:10:00,20120.5138031953,19950.850418429698,0.5900976051612097,19960.684562052444,20440.172285481014,stop_loss,3,11.873067009878609,11.772949052844883,-100.11795703372614,-123.76397309644963,94.31485243313257,-1.3122426627788653,79.4359640644333,False
2022-06-19 19:15:00,2022-06-19 20:50:00,19963.1972911171,20524.566504057642,0.33435367941267236,19681.486353688528,20526.61916597424,take_profit,20,6.674768467126096,6.862464328981763,187.6958618556664,174.15862905955856,94.19108846003614,1.8489926372753558,141.11513968452493,False
2022-06-19 20:55:00,2022-06-20 00:35:00,20501.7726282656,20273.9196702735,0.4326056571583204,20283.6403742656,20938.0371362656,stop_loss,45,8.869182820761305,8.770612342133665,-98.57047862764021,-116.21027379053518,94.3652470890957,-1.231494404723111,106.39677746658023,False
2022-06-20 03:45:00,2022-06-20 04:00:00,20110.796034515603,20010.661397963464,0.960417812420983,20012.662664229887,20307.062775087034,stop_loss,4,19.314766733514055,19.218595644929078,-96.17108858497511,-134.70445096341825,94.24903681530517,-1.4292395499743027,48.79636296708092,False
2022-06-20 04:05:00,2022-06-20 05:20:00,19969.969453265603,19827.136228085998,0.854899603225789,19859.88128383703,20190.145792122752,stop_loss,16,17.07231896202789,16.950210894494386,-122.10806753350451,-156.13059739002676,94.11433236434175,-1.6589460230733346,55.12685920036409,False
2022-06-20 06:25:00,2022-06-20 07:50:00,19998.5699690312,19933.3580268438,0.6770428015033235,19859.792625031198,20276.1246570312,signal,17,13.539887837893117,13.495736561863088,-44.15127603002848,-71.18690042978469,93.95820176695173,-0.7576443470720352,69.39363375226611,False
2022-06-20 08:20:00,2022-06-20 09:30:00,20353.09760625,20721.553144842117,0.5067743323886724,20167.833655678576,20723.625507392855,take_profit,15,10.314427451448832,10.50115126103376,186.7238095849282,165.9082308724456,93.88701486652195,1.767105186040001,91.02494084956115,False
2022-06-20 09:35:00,2022-06-20 09:55:00,20805.7561485781,20633.1415574922,0.5619087344147734,20638.37501114953,21140.51842343525,stop_loss,5,11.69093610598991,11.593942459571307,-96.99364641860245,-120.27852498416367,94.05292309739438,-1.2788387752671115,80.44943727748702,False
2022-06-20 10:00:00,2022-06-20 12:40:00,20623.5719159765,20439.1707215157,0.5117637929708969,20440.025041690784,20990.665664547934,signal,32,10.554397388328201,10.46002753362258,-94.36985470562253,-115.3842796275733,93.9326445724102,-1.22837252323527,88.99858619714998,False
2022-06-20 14:50:00,2022-06-20 16:15:00,20776.5598692421,20612.6240774454,0.6128806995124827,20623.48397638496,21082.711654956383,stop_loss,18,12.733552546124074,12.633079463372582,-100.47308275149364,-125.83971476099029,93.8172602927826,-1.341327964260231,73.67720826764825,False
2022-06-20 20:30:00,2022-06-20 21:25:00,20223.9987596562,20529.80494812852,0.6086637497747291,20070.069072513343,20531.858133941914,take_profit,12,12.309614920491812,12.495748061871694,186.1331413798805,161.327778397517,93.69142057802163,1.7219055640550471,76.11238952897995,False
2022-06-20 21:30:00,2022-06-20 21:50:00,20560.214018820297,20400.9304059297,0.6123134123724099,20406.938349106014,20866.765358248867,stop_loss,5,12.589294804970915,12.491763312426867,-97.53149254404822,-122.61255066144601,93.85274835641916,-1.306435376786276,74.54964699004519,False
2022-06-20 22:05:00,2022-06-21 02:05:00,20356.695622015603,20638.4418084141,0.5649337378057312,20190.782118301315,20688.522629444175,max_holding,48,11.500184147118839,11.659352073313451,159.1679261946133,136.00838997418103,93.73013580575767,1.4510636179599592,81.5031608248117,False
2022-06-21 04:20:00,2022-06-21 05:35:00,20549.357464273402,20820.707105906346,0.6865778070063451,20412.64150398769,20822.78938484483,take_profit,16,14.1087327832103,14.295035425094603,186.302641884304,157.8988736759991,93.86614419573185,1.6821706593885943,66.53052803398091,False
2022-06-21 05:40:00,2022-06-21 08:35:00,20910.684609375,21210.339031918633,0.6231386613407734,20759.796775089286,21212.460277946426,take_profit,36,13.030256015205053,13.216982270933734,186.7262557286824,160.4790174425436,94.02404306940787,1.706787032377231,72.15824689836552,False
2022-06-21 08:40:00,2022-06-21 10:05:00,21312.578309726498,21137.6594596563,0.6034706220667658,21156.506881155066,21624.721166869356,stop_loss,18,12.86151489041731,12.755956503154245,-105.55838726306492,-131.17585865663648,94.18452208685038,-1.3927538808943074,73.22972673850741,False
2022-06-21 11:15:00,2022-06-21 11:30:00,21264.5774161171,21149.3379796875,0.9298187595650845,21163.42507297424,21466.88210240282,stop_loss,4,19.772202995729714,19.665051205895764,-107.15178983394809,-146.58904403557358,94.05334622819375,-1.558573404500855,47.56847087221735,False
2022-06-21 13:45:00,2022-06-21 17:40:00,21470.953520664,21266.658277484403,0.618068563460005,21319.01769552114,21774.825170949716,signal,47,13.270521398633337,13.14425293115961,-126.26846747372565,-152.6832418035186,93.90675718415817,-1.6259026121421205,70.76342696966613,False
2022-06-22 05:25:00,2022-06-22 05:55:00,20537.0554531953,20430.9098296875,1.125382985864488,20453.746859481013,20703.672640623867,stop_loss,7,23.11205278678149,22.99259830806184,-119.45447871965203,-165.55912981449538,93.75407394235465,-1.7658873140413138,40.56501376458242,False
2022-06-22 09:10:00,2022-06-22 11:30:00,20271.3374770546,20485.487384012264,0.8657640576049818,20163.238146768887,20487.536137626026,take_profit,29,17.550195387214725,17.73559867959812,185.40329238339643,150.11749831658358,93.58851481254017,1.60401624726359,53.32619537712907,False
2022-06-22 11:35:00,2022-06-22 12:20:00,20562.9017875703,20422.170468711,0.8458146146750066,20452.075336141726,20784.554690427445,stop_loss,10,17.39240285205378,17.273370245820093,-119.03260623368415,-153.69837933155804,93.73863231085673,-1.6396481956538727,53.89630927263603,False
2022-06-22 14:00:00,2022-06-22 15:45:00,20692.377623859302,20415.8371181094,0.3741643458682648,20442.260436145018,21192.61199928787,stop_loss,22,7.7423499380904355,7.638878340650445,-103.47159743999084,-118.85282571873174,93.58493393152516,-1.2699995685811432,120.87406882903933,False
2022-06-23 05:25:00,2022-06-23 06:40:00,20360.504596875,20509.534911982228,1.237293743673195,20284.963860017855,20511.586070589285,take_profit,16,25.191924955742763,25.376319232242583,184.39427649981977,133.8260323118344,93.46608110580641,1.4318138808060148,37.10160349794939,False
2022-06-23 06:45:00,2022-06-23 07:55:00,20570.2521315312,20438.959805609404,0.7691579051881365,20448.560725245487,20813.63494410263,stop_loss,15,15.82177203868034,15.720787508307053,-100.98453037328736,-132.52708992027473,93.59990713811824,-1.4158891175470358,59.15892790598266,False
2022-06-23 08:35:00,2022-06-23 10:00:00,20508.763561288997,20670.871490267727,1.1386295498380394,20426.675949860422,20672.938784146143,take_profit,18,23.351884221525278,23.536465099723507,184.5808781982286,137.69252887697982,93.46738004819797,1.473161319018212,40.025626695271846,False
2022-06-23 10:05:00,2022-06-23 12:15:00,20706.8888408359,20649.4426612188,0.6947033401631411,20572.147769121617,20976.370984264475,signal,26,14.385144842115572,14.345236789255962,-39.908052859612326,-68.63843449098385,93.60507257707496,-0.7332768684567449,65.07065003824376,False
2022-06-23 18:35:00,2022-06-23 19:20:00,20422.9952203125,20568.81090208504,1.2650934319580183,20349.058836026783,20570.86798888393,take_profit,10,25.836997114127342,26.021467575414263,184.4704612869201,132.6119965973785,93.53643414258396,1.4177576664428857,36.2025175485426,False
2022-06-23 19:25:00,2022-06-23 20:00:00,20657.0713595859,20860.363463757887,0.9121608634026758,20554.382185014474,20862.44970872876,take_profit,8,18.842572046730563,19.028007147995027,185.43510126446506,147.56452206973947,93.66904613918135,1.5753819233994941,49.7113907309879,False
2022-06-23 20:05:00,2022-06-23 22:10:00,20816.4076036171,20754.773924039102,0.6347863892233372,20668.61519304567,21111.992424759956,signal,25,13.21397221930132,13.174847998387456,-39.12422091386492,-65.51304113155369,93.81661066125108,-0.6983096135086923,70.99803836746038,False
2022-06-23 22:40:00,2022-06-24 02:40:00,21058.199359375,21251.111004367198,0.5866031437388253,20898.37904708929,21377.83998394643,max_holding,48,12.352805945688294,12.465968523104543,113.16257741625077,88.34380294745793,93.75109762011954,0.9423228654391651,75.89457652966941,False
2022-06-24 03:20:00,2022-06-24 03:50:00,21203.6846094453,21082.731359015703,0.7984932266801812,21086.163961445298,21438.7259054453,stop_loss,7,16.930998541304874,16.83441819009189,-96.58035121298465,-130.3457679443814,93.839441423067,-1.3890296656469725,55.42463499369883,False
2022-06-24 08:40:00,2022-06-24 09:50:00,21000.91238125,20875.9590703125,0.8910327143499718,20895.74329582143,21211.250552107143,stop_loss,15,18.71249996289112,18.60116247507946,-111.33748781165721,-148.6511502496278,93.70909565512262,-1.5863043945777504,50.07834113077235,False
2022-06-24 11:15:00,2022-06-24 12:15:00,21088.7356156953,21254.691407700644,1.113274918851698,21004.694878838156,21256.817089409586,take_profit,13,23.477560431248097,23.662314852125817,184.75442087771955,137.61454559434566,93.560444504873,1.470862460333631,39.85100785017943,False
2022-06-24 12:20:00,2022-06-24 14:55:00,21274.805001773402,21103.1941565313,0.6269675345674117,21125.35857291626,21573.697859487685,signal,31,13.338612040364309,13.231017611817839,-107.59442854647102,-134.16405819865318,93.69805905046734,-1.4318765997744967,70.24573378918681,False
2022-06-24 17:30:00,2022-06-24 17:55:00,21154.3749909765,20993.8457174688,0.7117178847081527,21022.9129369765,21417.2990989765,stop_loss,6,15.05594702090084,14.941695465926205,-114.25155497463548,-144.24919746146253,93.56389499226867,-1.5417186028155632,62.14414467743689,False
2022-06-24 19:05:00,2022-06-24 21:25:00,21114.0565065312,21297.188851224313,1.0085123374675824,21021.425368245487,21299.318783102623,take_profit,29,21.293786480824398,21.478477709836767,184.69122901237023,141.91896482170907,93.41964579480724,1.519155458300803,43.871786673043815,False
2022-06-24 21:35:00,2022-06-25 00:05:00,21308.161853125,21200.8582171485,0.8995387194431068,21204.151249982144,21516.183059410712,signal,30,19.16751662704652,19.07099285174863,-96.52377529788939,-134.76228477668454,93.56156475962894,-1.4403594587468185,48.81256480957368,False
2022-06-25 02:10:00,2022-06-25 02:20:00,21328.1872924687,21249.783012179698,1.560305976078825,21268.31006075442,21447.941755897267,stop_loss,3,33.27849809136737,33.156163424282276,-122.3346670850914,-188.76932860074106,93.42680247485227,-2.020505075634502,28.074224449176,False
2022-06-25 03:55:00,2022-06-25 05:05:00,21308.8084017734,21237.463931210998,1.0035048563472488,21215.89601320197,21494.63317891626,signal,14,21.383492714152666,21.311898191469773,-71.59452268289417,-114.28991358851661,93.23803314625151,-1.225786406382506,43.602808200057005,False
2022-06-25 05:35:00,2022-06-25 06:00:00,21294.681989273402,21196.5383371797,1.851687125916912,21244.39069441626,21395.264578987688,stop_loss,6,39.4310884900323,39.249357152959924,-181.73133707237687,-260.4117827153691,93.12374323266297,-2.7964058754033223,23.616833011394938,False
2022-06-25 07:10:00,2022-06-25 10:40:00,21418.2666125,21398.3169852969,1.1390608158075541,21336.740384785713,21581.319067928573,signal,42,24.39670824081795,24.37398440218093,-22.72383863701878,-71.49453128001767,92.86333144994762,-0.7698897957214951,38.06387752532068,False
2022-06-25 17:55:00,2022-06-25 21:15:00,21118.304978335902,21227.674186047898,1.6645441991729724,21062.558884621616,21229.797165764474,take_profit,41,35.15235204805473,35.33440192831988,182.04988026514658,111.56312628877198,92.7918369186676,1.202294619801066,26.3970492761956,False
2022-06-25 21:20:00,2022-06-26 01:20:00,21349.165953125,21507.704482453202,1.0592199389051487,21261.45669026786,21524.584478839286,max_holding,48,22.613462256544942,22.781389427894073,167.92717134912976,122.53231966469075,92.90340004495636,1.318921800551937,41.08322688095567,False
2022-06-26 01:30:00,2022-06-26 01:35:00,21452.9712536171,21398.101877141253,1.7642153436772616,21400.241901331385,21558.42995818853,stop_loss,2,37.847661053098506,37.75085965722182,-96.80139587669235,-172.39991658701265,93.02593236462106,-1.853245780018417,24.579043929322346,False
2022-06-26 04:15:00,2022-06-26 06:30:00,21401.5110301093,21459.945586820402,2.2649977855692027,21360.516052966443,21483.500984395014,signal,27,48.474375091032435,48.6067292325838,132.3541415513625,35.273037227746244,92.85353244803404,0.3798782480083564,19.155178849373467,False
2022-06-26 07:00:00,2022-06-26 07:50:00,21480.741609375,21392.5949015625,1.238406827355362,21405.734912517855,21630.75500308929,stop_loss,11,26.601897065706407,26.492735580942508,-109.16148476389672,-162.25611741054564,92.88880548526178,-1.746777952013712,34.918113266819816,False
2022-06-26 11:45:00,2022-06-26 11:55:00,21518.4211579531,21620.4463970873,1.7799937491130458,21466.327407953104,21622.608657953097,take_profit,3,38.302655151938424,38.48425943984907,181.60428791063987,104.81737331885236,92.72654936785125,1.1303922558687713,24.20890901688797,False
2022-06-26 12:00:00,2022-06-26 12:55:00,21704.0022142031,21481.3399321719,0.8353233460363875,21592.869959631676,21926.266723345954,stop_loss,12,18.129859751949297,17.943864749486895,-185.99500246240015,-222.06872696383633,92.8313667411701,-2.392173408186506,51.2035768678183,False
2022-06-26 20:00:00,2022-06-26 21:00:00,21287.1441265625,21385.846845140986,1.8367295661173266,21236.72336799107,21387.985643705357,take_profit,13,39.09872699545814,39.2800171969274,181.29020146926388,102.91145727687832,92.60929801420626,1.1112432496906706,23.686013620076203,False
2022-06-26 21:05:00,2022-06-26 22:10:00,21377.881714413998,21306.5722546875,1.7072948621407102,21323.578142414,21486.488858413995,stop_loss,14,36.49834761447086,36.37660134025778,-121.74627421307848,-194.6212231678071,92.71220947148313,-2.0991973363300076,25.401755293361454,False
2022-06-27 03:20:00,2022-06-27 07:05:00,21160.674448859303,21275.385983200133,1.583672609477449,21102.254806002158,21277.51373457359,take_profit,46,33.51158052272779,33.69324603765449,181.6655149267035,114.46068836632122,92.51758824831533,1.237177606263482,27.60764691046704,False
2022-06-27 07:10:00,2022-06-27 09:00:00,21318.4988237187,21435.751238787303,1.5516749342104732,21258.80072143298,21437.89502829013,take_profit,23,33.07938025975976,33.26131789319736,181.93763343759525,115.59693528463812,92.63204893668166,1.2479151288519381,28.002957797055895,False
2022-06-27 09:05:00,2022-06-27 11:30:00,21435.8699346562,21369.3608961954,1.2447483775090813,21361.35877437048,21584.89225522763,signal,29,26.682264321659,26.599477303945235,-82.78701771376672,-136.06875933937096,92.7476458719663,-1.4670858549575199,34.76003563785984,False
2022-06-27 17:30:00,2022-06-27 18:00:00,20738.474030039,20726.4388668282,1.5950325366097,20680.411529753284,20854.599030610432,signal,6,33.07854083754749,33.05934436064286,-19.196476904633286,-85.33436210282363,92.61157711262693,-0.9214221889240335,27.99747956460746,False
2022-06-27 18:35:00,2022-06-27 19:00:00,20899.7968017031,20783.929696587646,0.8131422706655524,20786.008297417386,21127.37381027453,stop_loss,6,16.994508227785513,16.900291786836487,-94.2164409490262,-128.11124096364819,92.52624275052409,-1.3845935721076552,54.44478975816814,False
2022-06-27 19:20:00,2022-06-27 22:00:00,20782.671809375,20812.0533515235,0.7507649292833172,20659.599822517856,21028.815783089285,signal,32,15.60290113128381,15.624959762697165,22.058631413354508,-9.169229480626466,92.39813150956046,-0.09923609201640321,59.218558607861866,False
2022-06-28 04:00:00,2022-06-28 06:10:00,20723.999926773402,20807.246003794044,2.1655267796079505,20681.336421916258,20809.32693648769,take_profit,27,44.878376822021,45.05864843110651,180.2716090855056,90.33458383237806,92.38896228007982,0.977763810773479,20.586520463179102,False
2022-06-28 06:15:00,2022-06-28 08:45:00,20827.373544101498,20934.277674398916,1.6969025888445208,20772.87466038721,20936.37131153007,take_profit,31,35.34202408581771,35.52342998127758,181.40589545986109,110.54044139276579,92.47929686391221,1.1952993279720912,26.166949759117763,False
2022-06-28 08:50:00,2022-06-28 09:05:00,20998.207031742102,21136.262836931783,1.3211111253193202,20928.12221031353,21138.376674599243,take_profit,4,27.740964921392873,27.923351981543874,182.3870601510037,126.72274324806696,92.58983730530498,1.3686463540292484,33.37657416303602,False
2022-06-28 09:10:00,2022-06-28 10:00:00,21164.6572691015,21055.5934480782,0.8736175238701106,21058.52780453007,21376.916198244355,stop_loss,11,18.48981547699199,18.394535411725805,-95.28006526618594,-132.16441615490373,92.71656004855305,-1.4254672098025742,50.14466486370616,False
2022-06-28 14:00:00,2022-06-28 14:20:00,21057.2226987187,20936.9295346563,0.9979743333649855,20964.45037729013,21242.767341575836,stop_loss,5,21.014567785271836,20.8945182950583,-120.04949021353589,-161.95857629386603,92.58439563239814,-1.749307485215054,44.05724475441573,False
2022-06-28 21:35:00,2022-06-28 23:25:00,20350.288731390603,20332.5700546485,1.1576383699742316,20270.451677390603,20509.962839390602,signal,22,23.558275075511993,23.537763255450162,-20.511820061830107,-67.60785839279227,92.42243705610427,-0.7315091502267083,39.23141094153119,False
2022-06-29 01:55:00,2022-06-29 03:50:00,20350.2242719453,20274.13359810959,1.246975645455966,20276.161214231015,20498.350387373863,stop_loss,24,25.376234046682654,25.28135082956319,-94.88321711946136,-145.5408019957072,92.35482919771148,-1.575887295337163,36.39422186436868,False
2022-06-29 10:10:00,2022-06-29 11:15:00,20089.6435284765,19999.279561650394,1.043518362129867,20001.279689619354,20266.371206190786,stop_loss,14,20.963911910608676,20.86961545195074,-94.2964586579355,-136.12998602049493,92.20928839571577,-1.4763153299296017,43.984771920861654,False
2022-06-29 12:25:00,2022-06-29 13:45:00,20092.1008051796,19947.6007434297,0.7806317188104835,19974.153819179603,20327.9947771796,stop_loss,17,15.684531186060854,15.571729854488806,-112.80133157204753,-144.0575926125972,92.07315840969527,-1.564599228491634,58.70316257302129,False
2022-06-29 14:10:00,2022-06-29 16:05:00,20137.101398789,20068.1023640625,0.6633764980257211,19998.52383221757,20414.256531931864,signal,23,13.358479806317497,13.312707468293475,-45.77233802402143,-72.44352529863241,91.92910081708267,-0.7880369181765198,68.81703767939787,False
2022-06-29 18:25:00,2022-06-29 20:00:00,20057.103165765602,20199.333029877656,1.273575842712859,19984.978166051318,20201.353165194174,take_profit,20,25.544242066718677,25.725382585764123,181.14051904544485,129.87089439296204,91.85665729178403,1.4138430269721793,35.95982885374512,False
2022-06-29 20:05:00,2022-06-29 20:40:00,20263.0925126406,20156.6950659063,0.9338522216042232,20164.590280640597,20460.096976640605,stop_loss,8,18.922733959501326,18.823374467495483,-99.35949200584268,-137.10560043283948,91.98652818617698,-1.4904965230924179,48.611647969605094,False
2022-06-30 03:20:00,2022-06-30 04:55:00,20081.07040625,20035.35071051969,2.101050096702564,20037.354445964287,20168.50232682143,stop_loss,20,42.191334918942566,42.095275547807184,-96.05937113537851,-180.34598160212826,91.84942258574414,-1.9634960844067364,21.76973607547712,False
2022-06-30 12:35:00,2022-06-30 13:35:00,19235.245597226498,19115.35284391232,0.7769815117403595,19117.264570369356,19471.207650940785,stop_loss,13,14.945430202830137,14.852275750113373,-93.15445271676523,-122.95215866970875,91.66907660414202,-1.3412610143402843,61.33585675358018,False
2022-06-30 15:30:00,2022-06-30 16:10:00,19199.2126972968,19092.200608294872,0.8710160976628295,19094.1100192968,19409.418053296802,stop_loss,9,16.722823321798106,16.6296140696329,-93.20925216520669,-126.5616895566377,91.5461244454723,-1.3824909609583937,54.74322288996646,False
2022-06-30 16:35:00,2022-06-30 17:10:00,19233.4192426093,19098.78205253998,0.6887783157318085,19100.692121752156,19498.873484323587,stop_loss,8,13.247562111688188,13.154826934677379,-92.73517701080914,-119.1375660571747,91.41956275591566,-1.3031955356783351,69.00859341905414,False
2022-07-01 07:50:00,2022-07-01 09:45:00,19583.5577689609,19459.0773346563,0.7526537295491095,19462.253081818046,19826.167143246614,signal,23,14.73963779264886,14.645947129513608,-93.69066313525134,-123.0762480574138,91.30042518985846,-1.3480358695096741,61.94210907637973,False
2022-07-01 13:10:00,2022-07-01 13:45:00,19294.1303911171,19446.18446276096,1.1841299915326127,19217.130948831385,19448.12927568853,take_profit,8,22.846758456662617,23.02681024323076,180.05178656814212,134.17821786824874,91.17734894180104,1.471617890029851,39.90822116614609,False
2022-07-01 13:50:00,2022-07-01 14:05:00,19562.293923789,19432.872924359403,0.7612267462887972,19442.340798646143,19802.20017407471,stop_loss,4,14.891341353551006,14.79282262725377,-98.51872629723573,-128.2028902780405,91.3115271596693,-1.404016494586299,61.318537391458726,False
2022-07-01 14:10:00,2022-07-01 16:10:00,19420.9184596562,19328.87941875,0.5635841524721482,19259.12660679906,19744.502165370486,signal,24,10.945321870316038,10.893450125452567,-51.87174486347123,-73.71051685923983,91.18332426939125,-0.80837716161203,83.30803365105461,False
2022-07-01 17:10:00,2022-07-01 19:30:00,19356.1307315312,19317.4723555704,1.0623714165959228,19270.37012810263,19527.651938388346,signal,28,20.563400025072678,20.522330471439904,-41.069553632773065,-82.15528412928565,91.10961375253203,-0.9017191572387987,44.306687435659136,False
2022-07-01 20:35:00,2022-07-01 21:50:00,19554.148578335902,19409.777578125,0.7336730857868694,19430.077707764474,19802.290319478758,stop_loss,16,14.346352527402628,14.240431410179756,-105.9211172228705,-134.5079011604529,91.02745846840273,-1.47766293186295,63.44989661625374,False
2022-07-02 05:00:00,2022-07-02 07:50:00,19196.0287859375,19162.0445409063,1.976605090753798,19150.04441050893,19287.997536794635,signal,34,37.94296822054051,37.87579478880642,-67.17343173409232,-142.99219474343926,90.89295056724227,-1.5731934528591869,23.955150276840275,False
2022-07-02 10:40:00,2022-07-02 14:40:00,19220.0858784062,19322.8214306094,1.1760395620731943,19142.920142406198,19374.417350406202,max_holding,48,22.603581379450013,22.724402453272415,120.82107382240055,75.49308998967813,90.74995837249884,0.8318801610883801,40.148486582309445,False
2022-07-02 14:45:00,2022-07-02 15:00:00,19326.6434080937,19285.6884252813,2.5844639609463393,19291.500549522272,19396.92912523655,stop_loss,4,49.9490133742793,49.84316669717948,-105.84667709982449,-205.63885717128326,90.82545146248852,-2.2641104873143783,18.18363273402675,False
2022-07-02 15:05:00,2022-07-02 15:25:00,19276.4059628515,19215.6192608985,2.115729460917745,19233.57448828007,19362.068911994353,stop_loss,5,40.783659996215405,40.65505178006142,-128.60821615398527,-210.04692793026211,90.61981260531724,-2.317891881382431,22.21963713254928,False
2022-07-02 17:00:00,2022-07-02 20:05:00,19288.5145955937,19259.5562727579,1.4582745249375864,19226.516827593703,19412.5101315937,signal,37,28.127949458641105,28.085720274164743,-42.229184476363685,-98.44285420916952,90.40976567738697,-1.0888520003519018,32.14232370913638,False
2022-07-02 21:30:00,2022-07-02 23:25:00,19299.2969237187,19262.374399921413,2.580611526546212,19264.300830004413,19369.28911114727,stop_loss,24,49.80398809558633,49.70870540508588,-95.28269050045301,-194.79538400112523,90.3113228231778,-2.1569320203903852,18.133351620325616,False
2022-07-03 02:55:00,2022-07-03 04:45:00,19262.826480039,19222.95031075919,2.3743816855284163,19224.872798038996,19338.733844039,stop_loss,23,45.737302405716406,45.642621159689405,-94.68124602700478,-186.0611695924106,90.1165274391767,-2.0646730947105216,19.703070076103486,False
2022-07-03 10:40:00,2022-07-03 12:45:00,19090.7975598671,19049.410843983827,2.2777826142636894,19051.315975581387,19169.760728438527,stop_loss,26,43.484686774292946,43.39041683239255,-94.26994190038945,-181.14504550707497,89.9304662695843,-2.014278953742517,20.680950684172558,False
2022-07-03 15:10:00,2022-07-03 18:00:00,19072.7273940312,19164.797331202368,1.909832104557181,19025.73408974549,19166.714002602628,take_profit,35,36.425707098588006,36.601545220462064,175.83812187405752,102.81086955500746,89.7493212240772,1.145533672598141,24.639005903486282,False
2022-07-03 18:05:00,2022-07-03 19:30:00,19186.0434125,19266.86876550692,2.1715941504314795,19144.667296214284,19268.795645071426,take_profit,18,41.66429964450942,41.83981950830581,175.51986379638603,92.01574464357081,89.85213209363224,1.0240797018337187,21.56573682031712,False
2022-07-03 19:35:00,2022-07-03 19:45:00,19296.3532703828,19354.728988488732,2.9826590278907417,19266.197578097086,19356.664654954227,take_profit,3,57.554442287276295,57.728557149894556,174.11486261826798,58.831863181097134,89.94414783827581,0.6540932856118649,15.62766387159658,False
2022-07-03 19:50:00,2022-07-03 20:05:00,19432.2516238593,19544.0135453308,1.5829359016308238,19375.393364716445,19545.968142145015,take_profit,4,30.76000874493076,30.93692070286324,176.91195793247866,115.21502848468467,90.0029797014569,1.280124601061621,29.25973800845858,False
2022-07-03 20:10:00,2022-07-03 20:45:00,19546.5716487187,19440.608978252483,0.8663676965869327,19442.55323357584,19754.60847900441,stop_loss,8,16.934518255471865,16.842715620735845,-91.80263473601494,-125.57986861222264,90.11819472994158,-1.3935018226735405,53.215682531047314,False
2022-07-03 20:50:00,2022-07-03 21:50:00,19431.450762781198,19293.0255824922,0.635391324080258,19289.81739220977,19714.717503924057,signal,12,12.346575228963884,12.258621070374009,-87.95415858987576,-112.55935488921365,89.99261486132936,-1.2507621326778606,72.88872678653048,False
2022-07-04 05:50:00,2022-07-04 06:35:00,19128.1997377109,19164.985058393184,4.644722768447403,19108.848732282328,19166.90174856804,take_profit,10,88.84518484115547,89.01604245767311,170.85761651764264,-7.003610781185941,89.88005550644016,-0.07792174517164281,10.116480219736715,False
2022-07-04 06:40:00,2022-07-04 06:55:00,19171.0262859375,19142.85343886022,3.4226439385901157,19144.767915651784,19223.543026508927,stop_loss,4,65.61559691411577,65.51917128983389,-96.42562428187723,-227.56039248582687,89.87305189565896,-2.5320203073777945,13.696903803724254,False
2022-07-04 08:45:00,2022-07-04 09:25:00,19146.6625208046,19193.691620829268,3.6628373242544767,19122.18819023317,19195.61118194746,take_profit,9,70.1311101161074,70.30337005900385,172.2599428964543,31.825462721343058,89.64549150317313,0.3550146492332696,12.782557035637709,False
2022-07-04 09:30:00,2022-07-04 09:45:00,19213.9172926093,19286.1603585497,2.4180949217911603,19176.83135518073,19288.089167466445,take_profit,4,46.46107583297391,46.63576642385901,174.69059088510053,81.59374862826762,89.67731696589449,0.9098593868424815,19.30160147136532,False
2022-07-04 09:50:00,2022-07-04 11:15:00,19347.3544629921,19488.414356367113,1.2552909932806446,19275.84999813496,19490.363392706382,take_profit,18,24.286559801202067,24.46363101486885,177.07121366678012,128.32102285070923,89.75891071452274,1.4296187624071428,36.958264755998954,False
2022-07-04 11:20:00,2022-07-04 11:55:00,19502.420750070298,19619.13832688375,1.5147871403733846,19443.080906641724,19621.10043692744,take_profit,8,29.542016158357544,29.718818442770104,176.80228441255855,117.54144981143091,89.88723173737347,1.3076545749551582,30.426911709593675,False
2022-07-04 12:00:00,2022-07-04 13:35:00,19762.3275971562,19644.134192418827,0.774375861831915,19646.098802299057,19994.785186870486,stop_loss,20,15.30346946485247,15.211943345196119,-91.52611965635116,-122.04153246639974,90.00477318718491,-1.355945114295075,58.81331249354872,False
2022-07-04 15:20:00,2022-07-04 19:20:00,19876.1221784765,19819.0471930704,0.504255684593189,19697.873852476503,20232.618830476495,max_holding,48,10.022647596165536,9.993867210326437,-28.78038583909902,-48.79690064559099,89.88273165471851,-0.5428951673725565,89.67962885286504,False
2022-07-04 21:55:00,2022-07-04 22:55:00,19935.8879204531,20098.457114879795,1.0916800214930704,19853.598299881673,20100.467161595956,take_profit,13,21.763610553483684,21.94108409514953,177.4735416658451,133.76884701721187,89.83393475407291,1.4890681053147015,41.277128412727116,False
2022-07-04 23:00:00,2022-07-05 00:55:00,20140.6056551796,20398.28772126134,0.6927997578717854,20010.744605751028,20400.32775403674,take_profit,24,13.953406721299539,14.131928794288868,178.5220729893304,150.43673747374203,89.96770360109014,1.6721193434120196,64.47723154500801,False
2022-07-05 04:15:00,2022-07-05 04:15:00,20263.1100923984,20210.039221784187,1.765303280542969,20212.06042782697,20365.209421541258,stop_loss,1,35.77053472011424,35.676848538117696,-93.68618199654355,-165.1335652547755,90.11814033856388,-1.8324120386238218,25.193400390486552,False
2022-07-05 05:25:00,2022-07-05 05:55:00,20394.9592129921,20287.267945312502,0.9640089286873132,20301.647829563528,20581.581979849245,stop_loss,7,19.660922781537963,19.557107437953174,-103.81534358478818,-143.0333738042793,89.9530067733091,-1.5900899695853217,45.752179474392186,False
2022-07-05 06:20:00,2022-07-05 07:25:00,20371.431470453103,20233.826024039103,0.6972358800803774,20242.622876453104,20629.048658453103,stop_loss,14,14.203692949798466,14.107749495264148,-95.94345453431832,-124.25489697938093,89.80997339950481,-1.3835311633670524,63.23001610702878,False
2022-07-05 16:15:00,2022-07-05 18:25:00,19542.2743440312,19738.11506655223,0.9067648082105411,19443.366978316913,19740.089075459775,take_profit,27,17.72024664756323,17.897828122759822,177.5814751965942,141.96340042627114,89.68571850252543,1.5828986241803218,50.61200348182423,False
2022-07-05 18:30:00,2022-07-05 18:50:00,19748.9571192421,19937.72096089172,0.9417981934578219,19653.578212670673,19939.714932384955,take_profit,5,18.5995321375782,18.777309582633972,177.7774450557698,140.40060333555763,89.82768190295171,1.5629992933274628,48.295667460078356,False
2022-07-05 18:55:00,2022-07-05 19:30:00,19980.7342016328,20211.913701266178,0.7715929496991544,19864.13375506137,20213.935094775654,take_profit,8,15.416993639792631,15.595370111824723,178.37647203209227,147.3641082804749,89.96808250628726,1.637959865046325,58.35643745358475,False
2022-07-05 19:35:00,2022-07-05 20:15:00,20253.5603095156,20595.4793504623,0.5239593135500944,20081.57091208703,20597.53910437274,take_profit,9,10.612041556719232,10.791193222703372,179.15166598414007,157.74843120471746,90.11544661456772,1.7505148909645025,84.91810565659657,False
2022-07-05 20:20:00,2022-07-05 21:10:00,20572.6097892734,20387.318621517672,0.4926171652074229,20389.3575572734,20939.1142532734,stop_loss,11,10.13442071531034,10.04314310551254,-91.2776097977996,-111.45517361862248,90.27319504577245,-1.234643058353145,89.07583134909164,False
2022-07-06 04:25:00,2022-07-06 05:25:00,20223.766314414,20046.7490306094,0.5157625440102523,20048.953814128283,20573.391314985434,stop_loss,13,10.430661163791008,10.339362279162163,-91.29888462884445,-112.06890807179762,90.16173987215382,-1.2429763248880001,86.43914173450598,False
2022-07-06 07:30:00,2022-07-06 10:25:00,20174.192998578103,20102.7492890235,0.8139836882632675,20063.564650292385,20395.449695149535,signal,35,16.421464024717594,16.363310010511128,-58.154014206464424,-90.93878824169315,90.04967096408203,-1.0098736316090011,54.83656684235902,False
2022-07-06 13:15:00,2022-07-06 15:35:00,20190.005126632797,20070.537666507902,0.9296183504023969,20093.235595204227,20383.544189489938,stop_loss,29,18.768999260436317,18.65794011722825,-111.0591432080693,-148.48608258573387,89.95873217584032,-1.6506022149744333,47.929423901394024,False
2022-07-06 16:40:00,2022-07-06 18:40:00,20195.3220642734,20341.106947290114,1.2151364346332025,20121.412465701975,20343.141261416255,take_profit,25,24.540071649450432,24.717220172422774,177.1485229723473,127.89123115047411,89.81024609325458,1.4240160417518297,36.59738544213495,False
2022-07-06 18:45:00,2022-07-06 20:30:00,20388.433170453103,20295.120674961,0.7008481429718131,20260.10560302453,20645.08830531025,signal,21,14.289195525616973,14.223797636435265,-65.39788918170682,-93.91088234375906,89.93813732440506,-1.0441719735091286,62.94135814935722,False
2022-07-06 21:10:00,2022-07-06 22:15:00,20368.8609004218,20514.750067675588,1.214596617549299,20294.890476707515,20516.80174785037,take_profit,14,24.73994955298449,24.917146042068023,177.19648908353315,127.53939348848064,89.8442264420613,1.4195613734926884,36.31544447964446,False
2022-07-06 22:20:00,2022-07-07 01:30:00,20487.5778489296,20504.642689664102,0.9002551981621602,20387.637558643884,20687.458429501028,signal,38,18.4440484562508,18.459411167827845,15.36271157704604,-21.540748047032608,89.97176583554979,-0.2394167531001308,48.78092033262784,False
2022-07-07 07:50:00,2022-07-07 09:00:00,20421.3251313203,20509.92906643671,1.9844485793376359,20375.99756474887,20511.980264463156,take_profit,15,40.52506964504053,40.700899598206014,175.82995316548562,94.60398392223908,89.95022508750276,1.0517370449068826,22.19619259766304,False
2022-07-07 09:05:00,2022-07-07 11:30:00,20521.8664344453,20448.029210578203,1.3311911477452514,20454.224135873872,20657.151031588157,signal,29,27.318526932743985,27.220235473958027,-98.29145878596303,-152.83022119266502,90.04482907142501,-1.697268158190823,32.96108508819239,False
2022-07-07 14:10:00,2022-07-07 14:30:00,20553.9848799687,20682.495665842187,1.3768191218868524,20488.695258825843,20684.56412225441,take_profit,5,28.29911941371415,28.476055521073473,176.93610735932535,120.16093242453772,89.89199885023234,1.3367255591316418,31.764945592854538,False
2022-07-07 14:35:00,2022-07-07 16:45:00,20765.117319101497,21007.11126416867,0.7375178442081459,20643.06988595864,21009.21218538721,take_profit,27,15.31464455991297,15.493119412590337,178.47485267736639,147.66708870486306,90.0121597826569,1.6405237810249147,58.77521964712735,False
2022-07-07 16:50:00,2022-07-07 17:10:00,21076.9473269843,20969.2680974766,0.8676290447529242,20973.03214869859,21284.777683555727,stop_loss,5,18.28697167561909,18.19354604858159,-93.42562703749607,-129.90614476169674,90.15982687136176,-1.440842881686588,49.30276508907508,False
2022-07-07 18:30:00,2022-07-07 18:40:00,21057.1875392031,21202.125150645577,1.2244134788608654,20983.658521203102,21204.2455752031,take_profit,3,25.782704249901332,25.960167814945404,177.46356504406842,125.72069297922167,90.02992072660007,1.3964323412102757,34.918726854241676,False
2022-07-07 18:45:00,2022-07-07 19:35:00,21235.8518878515,21469.908923381456,0.7633702170915163,21117.74976728007,21472.056128994354,take_profit,11,16.210816865752484,16.389489035776784,178.67217002429996,146.07186412277068,90.15564141957928,1.6202187885610002,55.61449627504282,False
2022-07-07 19:40:00,2022-07-08 00:05:00,21533.811368820298,21628.8564290469,0.5888649249532653,21380.462596534584,21840.508913391724,max_holding,53,12.680506215658136,12.736474917915652,55.96870225751704,30.551721123943253,90.30171328370204,0.33832936289878046,71.21301921858272,False
2022-07-08 03:45:00,2022-07-08 04:55:00,22082.1181470156,22002.8990990391,1.2710965611302096,22011.05174044417,22224.250960158457,stop_loss,15,28.068504439142526,27.967809379683587,-100.69505945893991,-156.731373277766,90.33226500482598,-1.7350541721653128,32.18278522843362,False
2022-07-08 12:15:00,2022-07-08 12:35:00,21647.3715517031,21472.7704762032,0.872380647322089,21544.004364560245,21854.105925988813,stop_loss,5,18.884748007096526,18.73242940782879,-152.31859926773623,-189.93577668266155,90.17553363154822,-2.1062894671489016,47.75045639881559,False
2022-07-08 15:00:00,2022-07-08 17:15:00,21714.126273507798,21751.574625,0.48075592595301875,21526.951050079228,22088.47672036494,signal,27,10.439194882881015,10.457198399778063,18.0035168970482,-2.8928763856108777,89.98559785486556,-0.03214821543194824,86.19974898871827,False
2022-07-08 18:50:00,2022-07-08 22:20:00,21793.8080688906,21765.9696693516,0.9430924732591258,21698.3956808906,21984.632844890602,signal,42,20.55357635342473,20.52732216835192,-26.254185072810756,-67.3350835945874,89.98270497847994,-0.7483113961809784,43.77958532919096,False
2022-07-08 23:50:00,2022-07-08 23:55:00,21862.0062940312,21782.125296801332,1.1571737399639608,21784.30372717405,22017.41142774549,stop_loss,2,25.298139586379733,25.205703394063196,-92.43619231653472,-142.94003529697764,89.91536989488537,-1.5897174806051535,35.542285466436006,False
2022-07-09 03:15:00,2022-07-09 05:15:00,21556.5773171875,21538.476795914103,1.5164318886362405,21497.377540044643,21674.97687147322,signal,24,32.689081253635784,32.66163304597587,-27.448207659919444,-92.7989219595311,89.77242985958837,-1.033712935081254,27.462512379299007,False
2022-07-09 07:20:00,2022-07-09 10:05:00,21657.7007095156,21629.0966390235,1.5645806332248828,21600.3820715156,21772.337985515605,signal,33,33.88521909028891,33.84046571556557,-44.753374723338545,-112.47905952919304,89.67963093762884,-1.254231962745486,26.46570786473974,False
2022-07-09 10:40:00,2022-07-09 11:55:00,21676.9917004218,21625.4954371797,2.163685252964154,21635.59605299323,21759.782995278943,stop_loss,16,46.90218727082901,46.79076556546932,-111.42170535969424,-205.11465819599258,89.56715187809965,-2.290065653479217,19.096583142468127,False
2022-07-09 14:25:00,2022-07-09 16:05:00,21648.0415406953,21555.4965777657,1.0248031884219915,21560.842322123874,21822.439977838152,stop_loss,21,22.184981993996267,22.090141620913617,-94.84037308264715,-139.11549669755703,89.36203721990367,-1.5567628159060338,40.2804190889526,False
2022-07-09 17:05:00,2022-07-09 17:35:00,21672.0302673281,21767.22832794411,1.8325631974537149,21623.342766756672,21769.405268470957,take_profit,7,39.715365082008475,39.88982154436234,174.45646235386874,94.85127572749792,89.22292172320611,1.0630819288988596,22.4655927344415,False
2022-07-09 17:40:00,2022-07-09 19:00:00,21859.244298859303,21759.159682706246,0.9122577600339544,21761.335816287876,22055.06126400216,stop_loss,17,19.94126524011238,19.84996227236673,-91.30296774564604,-131.09419525812515,89.3177729989336,-1.4677279880197005,44.790424240117204,False
2022-07-09 21:45:00,2022-07-09 22:55:00,21702.738415835902,21647.1221802891,2.5142770229933507,21667.266318693044,21773.682610121614,stop_loss,15,54.56669653497132,54.42686191183061,-139.8346231407064,-248.82818158750837,89.18667880367549,-2.7899702615370163,16.344525959440578,False
2022-07-10 05:35:00,2022-07-10 09:35:00,21310.124939414,21301.5219777657,1.8481021014453545,21262.00105569971,21406.372706842576,max_holding,48,39.383286682594076,39.36738753109319,-15.89915150087562,-94.6498257145629,88.93785062208796,-1.064224343769517,22.58263799536953,False
2022-07-10 10:10:00,2022-07-10 10:45:00,21329.939420664,21291.766504788848,2.464886484527674,21293.895894378285,21402.026473235426,stop_loss,8,52.57587939378873,52.48178748937306,-94.0919044156725,-199.1495712988343,88.8432007963734,-2.2415848316325366,16.898091257959873,False
2022-07-10 12:35:00,2022-07-10 13:15:00,21311.0254204531,21243.0024403047,1.6467297710903501,21257.19506359596,21418.686134167387,stop_loss,9,35.09350001232337,34.98148454579471,-112.01546652866143,-182.0904510867795,88.64405122507456,-2.054175644843181,25.259393105260653,False
2022-07-10 17:30:00,2022-07-10 18:35:00,20908.6238563203,20833.9964699922,0.9624420744129762,20816.709794034585,21092.45198089173,signal,13,20.123339317397555,20.051514780891917,-71.82453650563721,-111.99939060392668,88.4619607739878,-1.2660740235011845,43.95988129937677,False
2022-07-10 20:30:00,2022-07-10 21:25:00,20959.7051359375,21122.452054914935,1.0718221047933647,20877.275448223216,21124.564511366072,take_profit,12,22.46507527464883,22.639511019895856,174.43574524702925,129.33115895248457,88.34996138338387,1.4638507694561156,39.327694344778884,False
2022-07-10 21:30:00,2022-07-11 00:00:00,21129.456484375,20854.267879648498,0.9441163062853488,21035.739966660716,21316.88951980357,stop_loss,31,19.94866440984514,19.688854360818933,-259.81004902620526,-299.44756779686935,88.47929254233635,-3.38438022267851,44.35349190528751,False
2022-07-11 08:40:00,2022-07-11 10:50:00,20508.482283163998,20591.191931752604,2.080474520589145,20466.09779630685,20593.25125687829,take_profit,27,42.667374846076584,42.839450162572064,172.07531649547838,86.56849148682971,88.17984497453948,0.9817265103133826,20.666808139157855,False
2022-07-11 10:55:00,2022-07-11 11:35:00,20575.6628285468,20522.615383761746,1.73088443073803,20524.6678505468,20677.6527845468,stop_loss,9,35.61409444204688,35.522275445777986,-91.81899626888494,-162.9553661567098,88.26641346602631,-1.8461763626481915,24.784124052250732,False
2022-07-11 13:05:00,2022-07-11 13:35:00,20595.4323833046,20535.278761769387,1.5164135543016986,20537.332495018887,20711.632159876026,stop_loss,7,31.231192822747232,31.139975055710902,-91.21776703633223,-153.58893491479037,88.1034580998696,-1.7432793017124228,28.210084257716684,False
2022-07-11 16:40:00,2022-07-11 17:00:00,20497.0416862187,20434.794206210998,1.4931896363522092,20438.141016790127,20614.843025075847,stop_loss,5,30.605970221740975,30.513022929704434,-92.94729203654408,-154.06628518798948,87.9498691649548,-1.7517511583676117,28.736180728059242,False
2022-07-11 17:15:00,2022-07-11 18:40:00,20499.8583738593,20630.61318735666,1.3220459462192107,20433.44933328787,20632.676455002158,take_profit,18,27.10175466122863,27.27461853236146,172.8638711328318,118.48749793924172,87.79580287976681,1.3495804361115769,32.3948777402838,False
2022-07-11 18:45:00,2022-07-11 18:50:00,20646.4628768437,20590.763527134186,1.6389668132832527,20592.822809415127,20753.743011700844,stop_loss,2,33.838867466831495,33.74757808113615,-91.28938569535102,-158.87583124331866,87.91429037770605,-1.8071673053463848,25.980269719097045,False
2022-07-12 04:20:00,2022-07-12 05:45:00,19966.8675801093,20040.78740779775,2.3116614255754513,19928.90552668073,20042.791686966448,take_profit,18,46.15663757451173,46.3275151887643,170.87761425257173,78.3934614892957,87.75541454646276,0.8933176590236458,19.012523259476424,False
2022-07-12 05:50:00,2022-07-12 06:00:00,20028.6335220859,19985.5520259219,2.2920619497405212,19990.3126520859,20105.2752620859,stop_loss,3,45.90686880127057,45.808123343175176,-98.74545809539426,-190.46045023984,87.83380800795204,-2.168418454800418,19.13304267999238,False
2022-07-12 11:50:00,2022-07-12 14:45:00,19777.0009393437,19863.0427930704,0.9687453959649435,19686.529957057985,19957.942903915125,signal,35,19.15887860598357,19.2422312556416,83.35264965802938,44.951539796404205,87.64334755771222,0.5128916346651877,45.74555189798011,False
2022-07-12 15:15:00,2022-07-12 17:25:00,19945.8479003515,19841.9628702735,0.9627693203983949,19854.768659208643,20128.00638263721,stop_loss,27,19.203250427791165,19.1032331079834,-100.01731980776243,-138.323803343537,87.68829909750862,-1.5774488132073603,45.663258638029895,False
2022-07-13 01:10:00,2022-07-13 05:10:00,19459.4809095156,19464.7115371797,1.2376214336664189,19388.74039637274,19600.96193580132,max_holding,48,24.08347066163901,24.089944198547627,6.47353690861781,-41.69987795156882,87.54997529416508,-0.4762979979315652,36.3527236270052,False
2022-07-13 05:55:00,2022-07-13 06:30:00,19540.268284445297,19480.90203084228,1.5240573220097535,19482.850315873868,19655.104221588157,stop_loss,8,29.780488952943823,29.690011379459854,-90.47757348396591,-149.9480738163696,87.50827541621351,-1.7135302130361407,29.38443205364607,False
2022-07-13 06:35:00,2022-07-13 07:40:00,19492.3845895546,19595.15813548416,1.6682060550567515,19440.017960697456,19597.117847268884,take_profit,14,32.51731399978989,32.68876145140924,171.44745161934208,106.24137616814292,87.35832734239715,1.2161562543629583,26.865173225242895,False
2022-07-13 07:45:00,2022-07-13 10:50:00,19694.340330109302,19766.8688184297,0.8997761549781842,19597.133298966444,19888.754392395018,signal,37,17.72049781705753,17.78575722140484,65.2594043473067,29.753149308844325,87.46456871856527,0.34017373828916975,49.3578507903841,False
2022-07-13 12:00:00,2022-07-13 12:15:00,19834.393397015603,19783.61182426299,1.7928057144197185,19785.590383301318,19931.999424444177,stop_loss,4,35.559213824218304,35.4681723304002,-91.04149381810707,-162.06887997272557,87.49432186787412,-1.8523359746414982,24.605246420910568,False
2022-07-13 12:30:00,2022-07-13 12:30:00,19920.470362851498,19788.152063743815,0.6700378348543538,19790.1310768515,20181.148934851495,stop_loss,1,13.34746883120534,13.258810564559617,-88.65826664572258,-115.26454604148753,87.3322529879014,-1.3198393731747164,65.42982350610582,False
2022-07-13 15:05:00,2022-07-13 16:10:00,19581.4970159062,19414.659708055096,0.528922319362732,19416.601368191914,19911.28831133477,stop_loss,14,10.357090818247523,10.268846842422683,-88.2439758248396,-108.86991348550981,87.21698844185991,-1.2482649932138399,84.20992918995907,False
2022-07-13 17:05:00,2022-07-13 19:50:00,19819.9525000703,19666.08446722878,0.5734523666406272,19668.051272356013,20123.75495549887,stop_loss,34,11.365798667870129,11.277562680286822,-88.23598758330807,-110.87934893146502,87.10811852837442,-1.2728933973628118,76.64056092654496,False
2022-07-13 21:45:00,2022-07-13 23:15:00,19818.2804578828,19956.658476448618,1.2395074739035945,19748.093515882796,19958.654341882804,take_profit,19,24.564906747463283,24.736427335699585,171.52058823630165,122.21925415313878,86.99723917944294,1.404863594591156,35.415253179589946,False
2022-07-13 23:20:00,2022-07-14 02:55:00,20212.726148507798,20201.317556211,0.6718165308975828,20083.048692793513,20472.081059936372,signal,43,13.579243561073369,13.571579080174109,-7.664480899259044,-34.81530354050652,87.11945843359608,-0.39962718050001805,64.15634128791615,False
2022-07-14 03:20:00,2022-07-14 03:50:00,20312.040765976497,20232.6171609375,1.2387436058938133,20241.73998483364,20452.642328262213,stop_loss,7,25.16141062150786,25.063025138608765,-98.38548289909126,-148.6099186592079,87.08464313005557,-1.7064997147346417,34.61039781911751,False
2022-07-14 12:50:00,2022-07-14 13:35:00,19792.0493190312,19700.22809462833,0.9675577209856216,19702.198314459776,19971.751328174054,stop_loss,10,19.149950132756853,19.061107798135506,-88.8423346213494,-127.05339255224176,86.93603321139636,-1.4614583603474842,45.39752459338698,False
2022-07-14 15:00:00,2022-07-14 15:20:00,19899.7475877812,20119.939634312537,0.7813440387016914,19788.645466924056,20121.951829495487,take_profit,5,15.548549149381204,15.720594892307991,172.04574292678626,140.77659888509706,86.80897981884412,1.6216824478167393,55.83091964712278,False
2022-07-14 15:25:00,2022-07-14 17:25:00,20149.983546875,20426.47752455163,0.6243322041607029,20010.715132017853,20428.520376589287,take_profit,25,12.580283641622366,12.752907736142378,172.62409452001032,147.29090314224555,86.94975641772922,1.6939771795865854,69.11589507414007,False
2022-07-14 17:30:00,2022-07-14 20:40:00,20536.6862752812,20592.2608799688,0.5485425493743189,20377.9072572812,20854.2443112812,signal,38,11.265246245143334,11.29573128047914,30.48503533580468,7.924057810182207,87.09704732087147,0.09097963770217649,77.31481889126097,False
2022-07-15 04:05:00,2022-07-15 05:15:00,20588.1621253515,20538.3736912266,0.9226828845601239,20493.758107637215,20776.97016078007,signal,14,18.996344817610815,18.95040588159472,-45.938936016095326,-83.88568671530086,87.10497137868165,-0.9630413211504861,45.853542992086474,False
2022-07-15 05:55:00,2022-07-15 07:30:00,20637.4795566015,20771.065188065553,1.2829013144861845,20569.648083744352,20773.142502315786,take_profit,20,26.475849650845824,26.647226833047522,171.37718220170322,118.25410571780988,87.02108569196636,1.3589132424341483,32.86809935830947,False
2022-07-15 07:35:00,2022-07-15 10:50:00,20817.0092267734,20851.574789984403,0.7427507831378471,20699.689471916256,21051.648736487685,signal,39,15.461849905773734,15.487523504918308,25.67359914457315,-5.275774266118892,87.13933979768417,-0.06054411564705362,56.35764176261003,False
2022-07-15 13:00:00,2022-07-15 13:55:00,20948.0301395546,20820.6521015625,0.7121029746577805,20825.668532983174,21192.75335269746,stop_loss,12,14.917154575597673,14.826448295837425,-90.70627976024682,-120.44988263168192,87.13406402341806,-1.3823512535729992,58.411987072894526,False
2022-07-15 15:05:00,2022-07-15 15:40:00,20914.52874375,20842.296420914103,0.858220669387618,20813.140351178572,21117.305528892855,signal,7,17.949280858387702,17.887289585932056,-61.991272455647106,-97.82784289996687,87.01361414078639,-1.1242820317942805,48.47749323624011,False
2022-07-15 18:00:00,2022-07-15 18:55:00,20792.323164414,20994.183357829676,0.8522834111871463,20690.343253556857,20996.282986128288,take_profit,12,17.720952113072286,17.892994207299495,172.0420942272094,136.4281479068376,86.91578629788641,1.5696590195854354,49.04690546156993,False
2022-07-15 19:00:00,2022-07-15 21:15:00,20998.8828813203,20895.127422463025,0.8562591182855627,20897.217144177444,21202.21435560601,stop_loss,28,17.980484940941114,17.89164338322267,-88.84155771844408,-124.71368604260786,87.05221444579324,-1.4326308277920505,48.41483126385402,False
2022-07-16 03:40:00,2022-07-16 05:40:00,20724.287064484302,20688.223615219853,2.5571108658345603,20690.2926444843,20792.275904484304,stop_loss,25,52.99429963926743,52.902081401293835,-92.21823797359706,-198.1146190141583,86.92750075975064,-2.27907874128011,16.403179464860703,False
2022-07-16 08:45:00,2022-07-16 12:40:00,20628.7169614296,20623.8417055704,1.3426436847352565,20564.12098028674,20757.908923715317,signal,47,27.697016552454524,27.690470820963704,-6.5457314908216375,-61.93321886423987,86.7293861407365,-0.7140972814420745,31.31362035924786,False
2022-07-16 13:00:00,2022-07-16 14:10:00,20709.340257953103,20824.785472851425,1.4748404703516464,20650.57630709596,20826.868159667392,take_profit,15,30.542973126711843,30.71323640175233,170.2632750404879,109.00706551202374,86.66745292187227,1.2577624221896757,28.375578422676828,False
2022-07-16 14:15:00,2022-07-16 16:10:00,20833.6866753515,20984.545600067908,1.1346473290232084,20757.20788078007,20986.644264494356,take_profit,24,23.638886939893986,23.810058615882774,171.17167598878686,123.7227304330101,86.77645998738429,1.42576374342762,36.709198790970426,False
2022-07-16 16:15:00,2022-07-16 16:25:00,21264.8547878515,21144.9985696719,0.9976688171810835,21177.75155156578,21439.06126042293,stop_loss,3,21.215282523723307,21.095705712300266,-119.57681142303632,-161.88779965905988,86.9001827178173,-1.8629166774567407,40.96112442558518,False
2022-07-16 16:30:00,2022-07-16 17:20:00,21173.4589301796,21463.095888224074,0.594538760307363,21027.56718903674,21465.24241246532,take_profit,11,12.588442023767845,12.760642421742801,172.20039797495693,146.8513135294463,86.73829491815823,1.6930389704801967,68.90312141438184,False
2022-07-16 17:25:00,2022-07-16 18:35:00,21505.734342398402,21260.017168060163,0.3566846086229493,21262.143382398404,21992.9162623984,stop_loss,15,7.670764437067494,7.583120902906724,-87.64353416077168,-102.8974195007459,86.88514623168768,-1.1842924131860229,113.26791083797585,False
2022-07-16 22:00:00,2022-07-17 01:40:00,21207.427170664,21124.576784054698,0.7675296613862661,21094.360206378286,21433.561099235427,signal,44,16.27732939517364,16.21373926599368,-63.59012917995841,-96.08119784112573,86.78224881218694,-1.1071526626264718,53.31479550811239,False
2022-07-17 03:30:00,2022-07-17 04:45:00,21368.6503223671,21292.885775982206,1.177240643806532,21295.015277509956,21515.920412081385,stop_loss,16,25.1560436627801,25.06685055941624,-89.19310336386133,-139.41599758605764,86.6861676143458,-1.60828424445177,34.459380328792825,False
2022-07-17 05:50:00,2022-07-17 06:55:00,21355.7369221562,21492.463576281014,1.2463878522188572,21286.298864441913,21494.61303758477,take_profit,14,26.617531074957213,26.78794551573291,170.41444077569705,117.00896418500692,86.54675161675975,1.351974071807314,32.51494339314822,False
2022-07-17 07:00:00,2022-07-17 08:00:00,21551.133412851497,21467.096421088387,1.0582939213786828,21469.24334542293,21714.913547708635,stop_loss,13,22.807433489641767,22.71849765208792,-88.93583755385035,-134.46176869558002,86.66376058094475,-1.5515339721496564,37.998032799395865,False
2022-07-17 12:05:00,2022-07-17 13:05:00,21436.3152921875,21296.8974402657,0.9669042637963362,21346.824220473212,21615.297435616074,stop_loss,13,20.7268646560987,20.592060940626183,-134.80371547251497,-176.12264106923988,86.52929881224917,-2.035410473525157,41.74741344045429,False
2022-07-17 17:30:00,2022-07-17 17:50:00,21268.4742907656,21159.0323221563,0.886216329725426,21171.0340007656,21463.354870765594,stop_loss,5,18.848469224821873,18.751479965083014,-96.98925973885805,-134.58920892876293,86.35317617117992,-1.558590139892059,45.814424047476464,False
2022-07-18 03:20:00,2022-07-18 05:30:00,21243.370217609303,21514.19402818589,0.6316948172179315,21106.882495037873,21516.345662752166,take_profit,27,13.419326866705559,13.590404864226,171.07799752044184,144.0682657895103,86.21858696225117,1.6709652856244013,64.24956170951204,False
2022-07-18 05:35:00,2022-07-18 06:00:00,21552.805455038997,21809.969104578468,0.6660062875797107,21423.13302275328,21812.150319610428,take_profit,6,14.35430394803826,14.525576555568492,171.27260753023253,142.39272702662578,86.3626552280407,1.6487766228427971,60.16498991568553,False
2022-07-18 06:05:00,2022-07-18 06:35:00,21792.24150625,22145.73541580035,0.48638139490734056,21614.387153964286,22147.950210821433,take_profit,7,10.59934082196752,10.771273682785868,171.93286081834876,150.56224631359535,86.50504795506733,1.7405024316245774,81.61361108021214,False
2022-07-18 06:40:00,2022-07-18 10:40:00,22245.124680039,22200.291466828203,0.35910369932587394,22003.813854324715,22727.74633146757,signal,48,7.988306564567303,7.97220679185064,-16.099772716662887,-32.06028607308083,86.65561020138092,-0.3699735769972101,108.47807291941949,False
2022-07-18 13:25:00,2022-07-18 14:10:00,22209.2050734375,22068.087888231443,0.6235940739529335,22070.294917723215,22487.02538486607,stop_loss,10,13.849528671001051,13.761528830573637,-87.9998404274163,-115.610897928991,86.62354991530785,-1.334635881836108,62.54620786964778,False
2022-07-18 15:20:00,2022-07-18 15:55:00,22185.812109375,22409.078789954234,0.7672278670166077,22073.058203089287,22411.31992194643,take_profit,8,17.021573302707008,17.192869721823694,171.2964191166827,137.08197609215202,86.50793901737886,1.584617292346003,50.82252825807891,False
2022-07-18 16:00:00,2022-07-18 16:15:00,22585.9009422578,22400.159585989484,0.47217707852285085,22402.399825972083,22952.903174829225,stop_loss,4,10.664544722721793,10.576841911758148,-87.70281096364457,-108.9441975981245,86.64502099347102,-1.2573624698681047,81.24586960460286,False
2022-07-18 16:20:00,2022-07-18 17:05:00,22404.552731249998,22159.14909444119,0.3558409732992229,22161.365230964286,22890.927731821426,stop_loss,10,7.972457850221762,7.885133181248546,-87.32466897321562,-103.18226000468593,86.5360767958729,-1.1923611957597657,108.54378715023977,False
2022-07-18 22:05:00,2022-07-19 00:00:00,21678.4859908359,21927.258446268188,0.6888032719973814,21553.003290550183,21929.45139140733,take_profit,24,14.932212082437163,15.103567363721746,171.3552812845831,141.3195018384242,86.43289453586821,1.6350198914115848,57.88351656050217,False
2022-07-19 05:55:00,2022-07-19 06:10:00,22072.857455039,21931.968726539013,0.624204326815054,21934.16214275329,22350.248079610425,stop_loss,4,13.777973128607266,13.690029774678102,-87.94335392916351,-115.41135683244889,86.57421403770662,-1.3330915921706492,62.83523217065376,False
2022-07-19 06:25:00,2022-07-19 06:45:00,22035.783436007798,21861.2492024454,0.5865697016099694,21888.38611486494,22330.578078293507,stop_loss,5,12.925522914800998,12.82314642149958,-102.37649330142007,-128.12516263772065,86.45880268087419,-1.4819215471979188,66.88998445228883,False
2022-07-19 09:15:00,2022-07-19 10:50:00,21894.0505141328,22016.19800443407,1.3885185761737506,21831.875848989945,22018.399844418513,take_profit,20,30.400295846559846,30.569899905876166,169.60405931631826,108.63386356388223,86.33067751823646,1.2583460096317958,28.397972820388127,False
2022-07-19 10:55:00,2022-07-19 13:20:00,21992.443164414,22205.606309704755,0.802653310155985,21884.751200413997,22207.827092413998,take_profit,30,17.65230730433426,17.823403408505147,171.09610417088712,135.6203934580477,86.43931138180034,1.5689666112564884,48.96771277065659,False
2022-07-19 13:25:00,2022-07-19 13:50:00,22259.133893820297,22112.4975131016,0.7072818692175092,22136.728760106012,22503.944161248866,stop_loss,6,15.743481827584036,15.639768574134026,-103.71325345001047,-135.09650385172853,86.57493177525838,-1.5604575260010403,54.990968785298236,False
2022-07-19 14:55:00,2022-07-19 15:35:00,22474.8546817421,22929.347233130953,0.37846995802093103,22246.461824027814,22931.64039717067,take_profit,9,8.50605730792546,8.678069084770422,172.01177684496466,154.82765045226878,86.43983527140665,1.7911608688995742,101.62150587777838,False
2022-07-19 15:40:00,2022-07-19 19:15:00,22881.7000502109,23536.868449687994,0.2633968766142883,22552.938889353758,23539.222371925185,take_profit,44,6.026968324850555,6.199537634929204,172.5693100786488,160.34280411886905,86.59466292185891,1.851647650197089,143.67864281750002,False
2022-07-19 19:20:00,2022-07-19 19:55:00,23581.1430345156,23401.419845921977,0.48908349387595546,23403.760221944172,23935.908659658457,stop_loss,8,11.53314782490954,11.445248179901645,-87.89964500789664,-110.87804101270781,86.7550057259778,-1.2780592898918643,75.22231314732868,False
2022-07-19 21:50:00,2022-07-19 22:25:00,23587.688611007798,23434.3887477579,0.5803912859279978,23438.402896722084,23886.260039579225,stop_loss,8,13.690088925012006,13.60111502024781,-88.97390476419369,-116.2651087094535,86.64412768496508,-1.3418694586226227,63.28967485862339,False
2022-07-19 22:30:00,2022-07-19 23:40:00,23461.5158379921,23274.467733879334,0.468426070246483,23276.795413420674,23830.956687134956,stop_loss,15,10.98998566601626,10.902367457659663,-87.61820835659881,-109.51056148027473,86.52786257625563,-1.2656103851376754,78.73337164016607,False
2022-07-20 02:30:00,2022-07-20 05:25:00,23365.0706484375,23346.3038071329,0.6914301607146576,23240.08571586607,23615.04051358036,signal,35,16.15531455355847,16.142338593459122,-12.97596009934692,-45.27361324636451,86.41835201477537,-0.5238888753470312,53.492212564651254,False
2022-07-20 05:50:00,2022-07-20 06:50:00,23489.811636289,23703.996803544967,0.7976981157386166,23381.533734289,23706.367440288996,take_profit,13,18.737778481322767,18.90863358566201,170.85510433924597,133.20869227226117,86.37307840152899,1.542247824640497,46.095687643881035,False
2022-07-20 06:55:00,2022-07-20 07:35:00,23751.6014846562,23637.72966271756,0.7757867821000028,23640.093672084768,23974.61710979906,stop_loss,9,18.426178485503083,18.337838231189444,-88.3402543136414,-125.10427103033393,86.50628709380125,-1.446187037188173,46.947492211616556,False
2022-07-20 10:10:00,2022-07-20 13:05:00,23604.6531972968,23812.254992508333,0.8227435205350125,23499.66156786823,23814.63645615395,take_profit,36,19.42057547255201,19.591378504413733,170.80303186172503,131.7910778847593,86.38118282277091,1.5256919803373876,44.47920863357392,False
2022-07-20 13:10:00,2022-07-20 15:00:00,23829.851496875,24125.06374922531,0.581355557501256,23681.038996875,24127.476496875,take_profit,23,13.853616602137905,14.025239885684224,171.62328354631774,143.74442705849563,86.51297390065567,1.6615360746188177,62.44793427248802,False
2022-07-20 15:05:00,2022-07-20 16:30:00,24154.217914273402,23925.7868690313,0.447505370488393,23960.573940273403,24541.505862273403,stop_loss,18,10.8091422365843,10.706918117052181,-102.22411953211744,-123.74017988575393,86.65671832771416,-1.427935216953397,80.1698381157558,False
2022-07-20 19:10:00,2022-07-20 19:35:00,23864.903829757797,23675.8841278047,0.5359245755980611,23703.438985472083,24187.83351832923,stop_loss,6,12.78978845665149,12.688488153102604,-101.30030354888548,-126.77858015863958,86.5329781478284,-1.465089759675874,67.65786505469983,False
2022-07-20 22:10:00,2022-07-20 22:50:00,23604.0808750703,23390.633318951535,0.4092980541615868,23392.972616213156,24026.29739278459,stop_loss,9,9.661104372439,9.573740703054044,-87.36366938495647,-106.59851446044951,86.40619956766977,-1.2336905800024909,89.43718671973735,False
2022-07-21 01:50:00,2022-07-21 02:30:00,23285.267746945297,23109.6809877813,0.7598371019609839,23171.69129637387,23512.420648088155,signal,8,17.693010363224484,17.559593028998588,-133.4173342258935,-168.6699376181166,86.29960105320933,-1.9544694941766947,48.7760981774961,False
2022-07-21 05:30:00,2022-07-21 06:50:00,22913.4766645546,22814.859013339003,0.8940685446166176,22817.140727411745,23106.148538840316,stop_loss,17,20.48621873358516,20.398047793689322,-88.17093989583893,-129.05520642311342,86.1309311155912,-1.4983607485900288,42.04335228266792,False
2022-07-21 07:45:00,2022-07-21 08:45:00,22994.365612640602,22861.338736987796,0.6578058617162996,22863.625099497745,23255.846638926316,stop_loss,13,15.1258284864427,15.038322627872478,-87.50585857022092,-117.6700096845361,86.0018759091681,-1.3682260815893674,56.85762997131146,False
2022-07-21 09:35:00,2022-07-21 11:00:00,22984.3841455937,22896.032929317542,0.9979412589911756,22898.3227615937,23156.506913593697,stop_loss,18,22.937065251390592,22.84889592738656,-88.16932400403084,-133.95528518280798,85.88420589948356,-1.5597196688246202,37.44341525744088,False
2022-07-21 16:10:00,2022-07-21 16:30:00,22818.4241922578,23023.358234177773,0.8275589090350395,22714.8058882578,23025.6608002578,take_profit,5,18.883590230443616,19.05318522259905,169.5949921554335,131.65821670239083,85.75025061430075,1.535368302240669,45.409929768575736,False
2022-07-21 16:35:00,2022-07-21 17:30:00,23072.4652188203,22906.46340596359,0.5245948143719716,22908.754281391728,23399.887093677447,stop_loss,12,12.103695608570808,12.016611918369831,-87.08369020097649,-111.20399772791713,85.88190883100316,-1.294847765281304,70.95511289146175,False
2022-07-21 19:25:00,2022-07-21 22:30:00,23070.3790722265,23005.505859336,0.6525339238913681,22938.936549940787,23333.26411679793,signal,37,15.054204981661258,15.01187300949838,-42.33197216287767,-72.3980501540373,85.77070483327523,-0.8440883200711448,56.97458280776663,False
2022-07-22 05:40:00,2022-07-22 09:05:00,23108.603597296802,23348.78076342359,0.7067543762389193,22987.347458439657,23351.11587501109,take_profit,42,16.33210672115995,16.501852984392716,169.7462632327697,136.91230352721703,85.69830678312118,1.5976080352871425,52.47229169283475,False
2022-07-22 09:10:00,2022-07-22 12:45:00,23407.5319251406,23657.264176412373,0.6809664981550914,23281.48281799774,23659.630139426314,take_profit,44,15.939745045516498,16.109804342141423,170.0592966249265,138.00974723726858,85.83521908664841,1.607845226071496,53.84980678269504,False
2022-07-22 12:50:00,2022-07-22 12:55:00,23666.403512710902,23589.0900730782,1.2031646178207005,23594.947597568043,23809.315342996622,stop_loss,2,28.474579337561295,28.381558542513215,-93.02079504808185,-149.87693292815635,85.97322883388567,-1.7432977097759477,30.192975922378928,False
2022-07-22 13:00:00,2022-07-22 13:35:00,23599.4593189609,23504.4364302891,1.056606710379631,23518.233872389468,23761.91021210376,stop_loss,8,24.935347077745206,24.834945255934926,-100.40182181028008,-150.17211414396021,85.82335190095752,-1.7497815083855373,34.41835063830126,False
2022-07-23 01:00:00,2022-07-23 04:30:00,22771.7222565312,22774.0211981172,0.9070444220405359,22677.269131959772,22960.628505674056,signal,42,20.65496365304295,20.65704889518513,2.085242142177664,-39.22677040605042,85.67317978681356,-0.4578652327795125,41.478252504303946,False
2022-07-23 05:00:00,2022-07-23 07:05:00,22922.413105109303,22855.6751409063,0.9370560291976058,22831.02694425216,23105.18542682359,signal,25,21.479585403900884,21.41704819216809,-62.537211732797736,-105.43384532886671,85.63395301640752,-1.231215442181742,39.86760051749212,False
2022-07-23 19:55:00,2022-07-23 23:55:00,22274.3033786171,22477.2754846563,0.6690841501241002,22146.47413747424,22529.961860902815,max_holding,48,14.903383345688395,15.039188764756533,135.80541906813707,105.86284695769214,85.52851917107864,1.2377490921588354,57.38865946558528,False
2022-07-24 00:05:00,2022-07-24 01:45:00,22554.8411955937,22477.097167654916,1.1342889165392191,22479.34510216513,22705.833382450837,stop_loss,21,25.583706382464126,25.495522193246046,-88.1841892180789,-139.26341779378907,85.63438201803635,-1.626255885918081,33.47223452999478,False
2022-07-24 05:15:00,2022-07-24 05:20:00,22440.724316046802,22578.072311583768,1.2248055399197997,22370.92130176109,22580.33034461823,take_profit,2,27.485523462107082,27.653748047937636,168.22458583055558,113.08531432051088,85.49511860024255,1.322710771936283,31.105508584586502,False
2022-07-24 05:25:00,2022-07-24 08:35:00,22624.498551632798,22608.0026446329,0.8132200717009155,22519.227903632796,22835.039847632797,signal,38,18.39869633435608,18.385281531682853,-13.414802673229156,-50.198780539268085,85.60820391456308,-0.5863781535396587,46.52949445918403,False
2022-07-24 09:50:00,2022-07-24 10:15:00,22668.829156249998,22632.5880768438,1.2181978577429924,22598.59589767857,22809.29567339286,signal,5,27.615119115685633,27.57097031039071,-44.148805294924045,-99.33489472100038,85.5580051340238,-1.161023969240465,30.982305300079656,False
2022-07-24 11:50:00,2022-07-24 12:55:00,22693.8355626406,22558.0974796485,0.6510749231996792,22562.57775006917,22956.35118778346,stop_loss,14,14.775387246052379,14.687011584093023,-88.37566195935457,-117.83806078949998,85.45867023930279,-1.3788894732334107,57.83853161759619,False
2022-07-24 14:40:00,2022-07-24 17:00:00,22734.706836359303,22714.878674961,0.8548728582134174,22634.87815264502,22934.364203787874,signal,28,19.4352838138426,19.418333256834913,-16.950557007683162,-55.804174078360674,85.34083217851331,-0.6538977023522717,43.91025775385389,False
2022-07-24 17:50:00,2022-07-24 18:35:00,22759.066694101497,22721.7881399454,0.9548103925480352,22669.74526581578,22937.709550672927,signal,9,21.730593404221963,21.69499945329456,-35.59395092740444,-79.01954378492097,85.28502800443493,-0.9265347697465943,39.2465251261225,False
2022-07-24 19:45:00,2022-07-24 20:15:00,22780.7172969453,22706.79159375,1.190568092052826,22709.149774659585,22923.852341516726,stop_loss,7,27.121995127818977,27.033981544412086,-88.01358340688994,-142.169560079121,85.20600846065003,-1.6685391399924334,31.41583355468359,False
2022-07-24 21:20:00,2022-07-24 22:40:00,22764.0730546875,22890.953373274886,1.3170871579269126,22699.48823325893,22893.24269754464,take_profit,17,29.982268282438966,30.149380720644093,167.11243820512354,106.98078920204047,85.06383890057089,1.2576529649348154,28.371382077984393,False
2022-07-24 22:45:00,2022-07-24 22:50:00,22946.9956411171,22860.678094106617,1.0135612538263492,22862.964390545672,23115.058142259957,stop_loss,2,23.25818567355842,23.17069755238326,-87.48812117516039,-133.91700440110208,85.17081968977294,-1.5723343380853059,36.619717842652385,False
2022-07-25 05:55:00,2022-07-25 08:50:00,21907.499123859303,22051.728997277376,1.1614265403474133,21834.28149043073,22053.934390716448,take_profit,36,25.4439509150879,25.611463317986598,167.512402898698,116.45698866562353,85.03690268537184,1.369487657570301,33.421265026472824,False
2022-07-25 08:55:00,2022-07-25 10:10:00,22073.0293472265,21991.2420618594,1.0736209566690011,21993.71517294079,22231.657695797927,stop_loss,16,23.698066884352254,23.610258340793067,-87.80854355918616,-135.11686878433147,85.15335967403746,-1.58674736148464,35.93261850833238,False
2022-07-25 11:10:00,2022-07-25 11:20:00,22069.8649688203,22010.98618125,1.7003838323886227,22019.8655268203,22169.863852820297,stop_loss,3,37.527241575982075,37.427125037526885,-100.1165384551856,-175.07090506869457,85.01824280525312,-2.0592157552552623,22.655073817007086,False
2022-07-25 16:30:00,2022-07-25 18:20:00,21893.6618032656,21858.4447959141,0.9880102108493425,21807.789034979887,22065.407339837024,signal,22,21.631161414508643,21.596366651649802,-34.79476285883915,-78.02229092499759,84.84317190018442,-0.9196060116280024,39.22266136078928,False
2022-07-25 20:25:00,2022-07-25 22:15:00,22101.27240625,21914.894871020602,0.460215376976288,21917.08657967857,22469.644059392856,stop_loss,23,10.171345412097976,10.085571604462467,-85.7738076355079,-106.03072465206834,84.76514960925942,-1.250876393669291,83.33720483864238,False
2022-07-26 03:40:00,2022-07-26 05:40:00,21155.609489413997,21113.9528465547,0.9871819895889361,21069.85111884257,21327.126230556856,signal,24,20.884436666726288,20.84331397914885,-41.12268757743554,-82.85043822331068,84.65911888460737,-0.9786357254230111,40.53694156830613,False
2022-07-26 06:35:00,2022-07-26 06:55:00,21126.7120689609,21083.910929046902,1.618684554715791,21074.462068675184,21231.212069532332,signal,4,34.197482517954704,34.12820097385169,-69.28154410301774,-137.6072275948241,84.57626844638406,-1.6270193769787595,24.73172357116609,False
2022-07-26 09:35:00,2022-07-26 10:25:00,21135.0410267734,21094.8180412266,2.2416236477355223,21097.372499630546,21210.37808105911,stop_loss,11,47.3768077614757,47.28664296589148,-90.16479558422981,-184.82824631159698,84.43866121878924,-2.188905456858062,17.82278401784813,False
2022-07-26 12:15:00,2022-07-26 12:40:00,21169.4917375,21086.990699039103,1.1455365950181837,21095.942072357142,21316.59106778572,stop_loss,6,24.250427483241324,24.155919524557365,-94.50795868396095,-142.91430569175964,84.25383297247764,-1.696235063138837,34.743236188600264,False
2022-07-26 17:15:00,2022-07-26 18:30:00,21004.4986768437,20917.022837083132,0.9850907583606421,20919.114748557986,21175.26653341513,stop_loss,16,20.691337530557067,20.60516588922909,-86.17164132797313,-127.46814474775928,84.11091866678589,-1.5154767867027767,40.65030525096335,False
2022-07-26 21:00:00,2022-07-26 21:35:00,20974.044459726498,20894.96256735638,1.0908048418757887,20897.052272583638,21128.028834012217,stop_loss,8,22.878589250387726,22.7923263392857,-86.26291110202583,-131.93382669169924,83.98345052203813,-1.5709502987981951,36.70831693462692,False
2022-07-26 22:40:00,2022-07-27 02:20:00,21142.3171453125,21143.0495455938,0.6630040762502151,21015.845047026785,21395.26134188393,signal,44,14.017442448716999,14.017928033088948,0.4855843719488469,-27.549786109857102,83.85151669534642,-0.3285544161348015,59.81941213749821,False
2022-07-27 05:25:00,2022-07-27 07:00:00,21204.848787851497,21309.717602401346,1.5668031281661958,21151.34878813721,21311.848787280072,take_profit,20,33.223823413096895,33.38813219978067,164.30878668378415,97.69683107090657,83.82396690923655,1.1654999718241845,25.230078388928884,False
2022-07-27 07:05:00,2022-07-27 09:50:00,21356.004526914,21316.856382171904,1.014357456456197,21273.27071034257,21521.472160056856,signal,33,21.662622431987515,21.62291221946194,-39.710212525571144,-82.9957471770206,83.92166374030745,-0.9889668945773994,38.74030672130759,False
2022-07-27 13:10:00,2022-07-27 15:50:00,21347.3591314609,21496.411284489695,1.1089623539845834,21271.758126889472,21498.561140603757,take_profit,33,23.673417633779174,23.838710860268456,165.29322648928303,117.7810979952354,83.83866799313043,1.4048541182081535,35.41468717786761,False
2022-07-27 15:55:00,2022-07-27 16:20:00,21505.0409140625,21632.76693073441,1.2927364076714194,21440.096159205357,21634.93042377679,take_profit,6,27.800349338072053,27.96546541003068,165.11607195862442,109.3502572105217,83.95644909112568,1.3024640559992453,30.199782049554642,False
2022-07-27 16:25:00,2022-07-27 16:55:00,21671.202059515603,21577.040790787396,0.9137254283957498,21579.19871065846,21855.20875722989,stop_loss,7,19.80152838568175,19.715490840074782,-86.03754560696805,-125.55456483272458,84.0657993483362,-1.493527282271771,42.45419732808261,False
2022-07-27 18:05:00,2022-07-27 18:40:00,21963.5633237187,22374.204028122902,0.40661005874461037,21757.124149432984,22376.44167229013,take_profit,8,8.93060577329823,9.09757641423895,166.97064094072098,148.94245875318381,83.94024478350349,1.7743867573573602,93.99165847682791,False
2022-07-27 18:45:00,2022-07-28 00:05:00,22433.7275234375,22944.7287346563,0.2570613543827258,22106.61033600893,23087.96189829464,max_holding,64,5.7668443810278776,5.898203044474996,131.35866344711752,119.69361602161464,84.08918724225667,1.4234126877309852,145.81490618838006,False
2022-07-28 03:20:00,2022-07-28 07:10:00,23273.586890976498,23042.851734375,0.37936219452670594,23051.61200240507,23717.536668119355,stop_loss,47,8.829118997468818,8.741586802106012,-87.53219536280767,-105.1029011623825,84.20888085827828,-1.2481213393545558,95.37631204474619,False
2022-07-28 10:25:00,2022-07-28 12:30:00,22993.4455986484,22925.059113463536,1.2724921487601462,22927.3518486484,23125.6330986484,stop_loss,26,29.258978997223625,29.171957731744588,-87.0212654790402,-145.4522022080084,84.10377795711591,-1.7294371993868545,28.74460450759286,False
2022-07-28 13:35:00,2022-07-28 13:55:00,23194.8856626406,22861.4987774844,0.28803438296763345,22903.398497497743,23777.85999292632,stop_loss,5,6.680924579843493,6.584897694088026,-96.02688575546739,-109.29270802939891,83.9583257549079,-1.3017494935338207,125.66872257204062,False
2022-07-28 15:15:00,2022-07-28 15:35:00,23204.8300159765,23507.560498541818,0.5496828897935929,23052.289279119355,23509.911489690785,take_profit,5,12.755298020351066,12.921703786836181,166.4057664851135,140.72876467792625,83.8490330468785,1.6783588261446891,65.73663187884551,False
2022-07-28 15:40:00,2022-07-28 17:40:00,23590.4388860078,24012.10105118623,0.3961186895351688,23378.407078293512,24014.502501436375,take_profit,25,9.344613737084897,9.511642001381938,167.02826429704155,148.1720085585747,83.98976181155643,1.7641675052135606,89.88039974112135,False
2022-07-28 17:45:00,2022-07-28 18:10:00,24035.1200676796,23859.6138,0.5718372254199925,23887.983907108173,24329.392388822456,stop_loss,6,13.744176372138286,13.643815354984563,-100.36101715372129,-127.74900888084414,84.137933820115,-1.5183283339708418,61.21715229926508,False
2022-07-28 20:40:00,2022-07-28 20:45:00,24100.663731390603,23957.13050188801,0.5952373935644845,23959.52645453346,24382.93828510489,stop_loss,2,14.345616262647045,14.260179917228028,-85.43634541901739,-114.04214159889246,84.01018481123414,-1.3574799514503906,58.56157258993392,False
2022-07-28 20:55:00,2022-07-28 22:20:00,24069.156675,23909.1361902657,0.3678412961697803,23841.07966585714,24525.310693285715,signal,17,8.853629789045518,8.794767646527138,-58.86214251838053,-76.51053995395318,83.89614266963524,-0.9119673148172622,94.75903631461848,False
2022-07-28 23:00:00,2022-07-29 00:00:00,23966.109261289,23842.828368710998,0.7665777662689529,23856.766627289002,24184.794529288993,stop_loss,13,18.371886503676585,18.2773821124205,-94.50439125608669,-131.15365987218377,83.8196321296813,-1.5647129024530884,45.623856925584256,False
2022-07-29 03:50:00,2022-07-29 05:35:00,23883.9467488593,24000.52413527367,1.4067929257604102,23824.45790943073,24002.92442771644,take_profit,22,33.59976732553361,33.76376756804498,164.00024251137384,96.63670761779525,83.68847846980913,1.1547193757699543,24.907457738914573,False
2022-07-29 05:45:00,2022-07-29 06:40:00,24034.9813828125,24279.296513772453,0.6791277737892412,23911.60973109821,24281.724686241076,take_profit,12,16.32282339957531,16.48874459056717,165.92119099185945,133.10962300171698,83.78511517742693,1.5887025126102454,51.33003839250436,False
2022-07-29 06:45:00,2022-07-29 06:55:00,24266.203720734302,24091.258640219316,0.48638176406419237,24093.668007020016,24611.275148162877,stop_loss,3,11.802638972831819,11.717548875956588,-85.09009687523123,-108.61028472401964,83.91822480042866,-1.2942395407232785,71.10123845488945,False
2022-07-29 09:55:00,2022-07-29 11:10:00,24027.052855038997,23937.928353943236,0.9663226271006495,23940.322386181855,24200.513792753285,stop_loss,16,23.217884836367446,23.131761814329554,-86.12302203789042,-132.47266868858742,83.80961451570464,-1.5806380861442104,36.09700672837736,False
2022-07-29 14:20:00,2022-07-29 16:10:00,24047.3224597968,23777.4852946719,0.3684659719859766,23820.226477511085,24501.51442436823,stop_loss,23,8.860620043809233,8.761194230483547,-99.4258133256867,-117.04762759997948,83.67714184701605,-1.3988004969621632,94.43711775620022,False
2022-07-29 18:30:00,2022-07-29 21:45:00,23894.910736148402,23780.0670674688,0.5547249849248596,23744.277365576974,24196.17747729126,signal,39,13.255103997890787,13.19139734551378,-63.706652377007366,-90.15315372041194,83.56009421941607,-1.0789020113319103,63.03993860230183,False
2022-07-29 23:05:00,2022-07-29 23:55:00,23938.7334769843,23811.411588703202,0.9459247478341387,23850.491847555728,24115.21673584144,stop_loss,11,22.64424042768503,22.523803502618964,-120.43692506606394,-165.60496899636792,83.46994106569566,-1.9840072591644367,36.861444450856766,False
2022-07-30 06:05:00,2022-07-30 07:20:00,23790.7577438906,23871.194046321583,2.0116072031097523,23749.345913604888,23873.58140446203,take_profit,16,47.85765964504945,48.01946589041113,161.80624536167852,65.92911982621794,83.3043360966993,0.7914248275106318,17.406688232260134,False
2022-07-30 07:25:00,2022-07-30 10:05:00,23895.7643375,23826.89759230511,1.2539933595778514,23829.280520357148,24028.73197178571,stop_loss,33,29.965129801262236,29.878771360092106,-86.35844117013136,-146.2023423314857,83.37026521652551,-1.7536509204064008,27.822427524747006,False
2022-07-30 11:45:00,2022-07-30 12:35:00,23979.4367659062,24122.566679417036,1.1436400160930813,23906.66556019192,24124.979177334768,take_profit,11,27.423843448863995,27.587532545454923,163.68909659093237,108.67772059661344,83.22406287419403,1.3058449304607553,30.347337356041358,False
2022-07-30 12:40:00,2022-07-30 13:10:00,24216.237787640603,24467.698138839547,0.6564027030910508,24089.284104783463,24470.145153354882,take_profit,7,15.895603942502937,16.060663196750152,165.05925424721207,133.102987107959,83.33274059479065,1.5972472062952843,52.4250232304599,False
2022-07-30 13:15:00,2022-07-30 17:15:00,24490.099155039,24565.6759987188,0.3908640969134127,24276.557301896144,24917.182861324713,max_holding,48,9.57230048955425,9.601840764306722,29.540274752472182,10.366133498611212,83.4658435818986,0.12419611488668086,87.195177035009,False
2022-07-30 17:25:00,2022-07-30 18:15:00,24509.4839063203,24499.6513518438,1.2545970263931157,24442.94763374887,24642.556451463155,signal,10,30.749525627299374,30.73718973369131,-12.335893608064406,-73.8226089690551,83.47620971539719,-0.8843550662008377,27.14715365927049,False
2022-07-31 01:00:00,2022-07-31 03:55:00,23754.119314413998,23746.265760937502,0.978756380167267,23668.906702985427,23924.544537271144,signal,35,23.249495834237205,23.2418091186651,-7.686715572105297,-54.1780205250076,83.40238710642814,-0.6495979600184836,35.872772339265005,False
2022-07-31 04:40:00,2022-07-31 05:30:00,23810.4979987187,23747.212931210997,1.8471202474281623,23765.3746727187,23900.7446507187,stop_loss,11,43.98085295478105,43.863957825227715,-116.89512955333535,-204.73994033334412,83.34820908590314,-2.4564407871359077,18.95102152102363,False
2022-07-31 07:25:00,2022-07-31 07:40:00,23793.1564207343,23738.630533985142,1.5942592779098077,23741.004634448585,23897.459993305725,stop_loss,4,37.932460374514974,37.84553197367887,-86.9284008361038,-162.70639318429764,83.14346914556978,-1.9569353414809645,21.918817900204004,False
2022-07-31 10:10:00,2022-07-31 13:30:00,23747.2358141328,23734.434912140703,1.4035993645741607,23688.115836704226,23865.47576898995,signal,40,33.331605099109545,33.31363776120747,-17.96733790208395,-84.61258076240097,82.98076275238547,-1.0196650157926945,24.89551958438458,False
2022-07-31 16:05:00,2022-07-31 17:50:00,23773.0665219453,23733.511176523498,1.2234082641314479,23705.308151659585,23908.58326251673,signal,21,29.084166046694538,29.03577371021493,-48.392336479607195,-106.51227623651666,82.89615017162308,-1.2848880921007817,28.502158197877694,False
2022-07-31 18:15:00,2022-07-31 18:30:00,24092.1120953125,23751.5464828125,0.6310169696231418,23960.91176016964,24354.512765598214,stop_loss,4,15.202531566205135,14.987628885447535,-214.90268075759835,-245.092841209251,82.78963789538655,-2.9604289551181715,54.45779706810538,False
2022-07-31 19:45:00,2022-07-31 21:05:00,23905.571958163997,23814.518699960998,0.48752133934149916,23736.257225878286,24244.201422735423,signal,16,11.654476458768697,11.610086052378163,-44.390406390533485,-67.65496890168035,82.5445450541773,-0.8196176846971011,70.82647199657924,False
2022-08-01 01:20:00,2022-08-01 03:35:00,23399.271333163997,23341.1617433907,1.3060450266836992,23336.12122087828,23525.571557735428,signal,27,30.560501952701287,30.484608211975246,-75.89374072604285,-136.93885089071938,82.47689008527563,-1.6603299512037093,26.988067870392218,False
2022-08-01 08:25:00,2022-08-01 10:30:00,23348.4322657656,23260.208132898395,0.9585795572852777,23262.53438633703,23520.228024622746,stop_loss,26,22.381329864622884,22.296760014397158,-84.56985022572404,-129.2479401047441,82.3399512343849,-1.5696868672758038,36.789570473439916,False
2022-08-01 12:35:00,2022-08-01 13:00:00,23245.250073578103,23141.673956456856,0.8118636014284936,23143.988355292386,23447.77351014954,stop_loss,6,18.871972440841073,18.78788276137304,-84.0896794680351,-121.74953467024922,82.21070329428015,-1.4809450569281288,43.562326912033285,False
2022-08-01 14:10:00,2022-08-01 16:30:00,23409.7430832343,23250.5419002813,0.43815854060843334,23222.393194662873,23784.442860377156,signal,28,10.257178865368308,10.187423507382485,-69.75535798582355,-90.19996035857434,82.0889537596099,-1.0988075280227934,80.03073246267533,False
2022-08-01 20:45:00,2022-08-01 23:05:00,23038.8935019843,23229.40738207164,0.8504460368257906,22942.474975412875,23231.730555127153,take_profit,29,19.593335671614007,19.75535744589459,162.02177428058152,122.67308116307294,81.99875379925133,1.496035921026314,41.8503286901003,False
2022-08-01 23:10:00,2022-08-02 01:20:00,23298.0639484375,23169.286408937714,0.6493846328552101,23171.603569294643,23550.98470672321,stop_loss,27,15.129404703393291,15.045778548185226,-83.62615520806476,-113.80133845964328,82.12142688041438,-1.3857691321579366,54.27935103222919,False
2022-08-02 05:45:00,2022-08-02 07:10:00,22906.0618611484,22821.8796927891,1.1812462429341302,22836.637195434116,23044.911192576965,stop_loss,18,27.057699513898314,26.95825964380185,-99.43987009646807,-153.45582925416824,82.00762554195475,-1.87123853714873,30.308424964151573,False
2022-08-02 11:05:00,2022-08-02 12:40:00,22892.591764273402,22798.501171875,0.9622700528339803,22807.52814884483,23062.718995130544,stop_loss,20,22.02885548651411,21.938314927195716,-90.54055931839157,-134.50772973210138,81.8541697127006,-1.6432605718707938,37.1577042496879,False
2022-08-02 14:55:00,2022-08-02 18:55:00,23087.9550486484,23063.191496195403,0.3215472790236093,22833.80995921983,23596.245227505544,signal,48,7.423869124112296,7.415906471202076,-7.9626529102198775,-22.80242850553425,81.7196619829685,-0.27903233998063515,110.07691625051389,False
2022-08-02 22:05:00,2022-08-02 23:55:00,23105.5818111484,22979.3424609375,0.8104739528335622,23004.78047229126,23307.184488862687,stop_loss,23,18.726472223000698,18.624158517832132,-102.3137051685691,-139.66433590940193,81.69685955446296,-1.7095435084171764,43.62640148213243,False
2022-08-03 03:40:00,2022-08-03 06:05:00,22827.2278065312,22964.253694924777,1.1707681070344942,22757.56653481691,22966.550349959773,take_profit,30,26.7253902878977,26.88581582786697,160.42553996926978,106.8143338535051,81.55719521855356,1.3096862093806503,30.516746187794997,False
2022-08-03 06:10:00,2022-08-03 08:20:00,23007.4372316718,23132.96522151115,1.2775819782571234,22943.516472814656,23135.27874938609,take_profit,27,29.393887173065856,29.554259470651452,160.37229758559582,101.42415094187851,81.66400955240708,1.2419687876920928,27.782650546211958,False
2022-08-03 08:25:00,2022-08-03 09:15:00,23181.1381940312,23329.559469336768,1.0847497476880001,23105.760961745484,23331.89265860263,take_profit,11,25.145733807096008,25.306733748035256,160.99994093924718,110.54747338411592,81.76543370334896,1.3520074238851385,32.516622632931536,False
2022-08-03 09:20:00,2022-08-03 12:15:00,23356.4584583046,23543.27242132049,0.8656406330553592,23261.874195447457,23545.62698401889,take_profit,36,20.218299485777997,20.380013242986646,161.71375720865336,121.11544447988871,81.87598117673306,1.4792548771837672,40.49597802937208,False
2022-08-03 12:20:00,2022-08-03 12:30:00,23566.1454409062,23450.551824623337,0.7240468720700695,23452.89711433477,23792.642094049057,stop_loss,3,17.06299389323646,16.979298696935587,-83.69519630087412,-117.73748889104616,81.99709662121295,-1.4358738753267886,48.055515423770665,False
2022-08-03 15:50:00,2022-08-03 16:10:00,23373.4171860078,23309.292497356113,1.3250475260747834,23311.623659722085,23497.004238579222,stop_loss,5,30.97088861823346,30.885920358175227,-84.9682600582317,-146.8250690346404,81.8793591323219,-1.7931878142495277,26.437523359958472,False
2022-08-03 17:00:00,2022-08-03 20:00:00,23465.051348507797,23459.3432840547,0.7255468999476539,23352.40179536494,23690.35045479351,signal,36,17.024995263022348,17.020853794553698,-4.141468468646584,-38.18731752622263,81.73253406328725,-0.4672229726372288,48.007375509118205,False
2022-08-04 01:10:00,2022-08-04 03:50:00,23110.1779737187,23085.687293390703,0.748187079951429,23000.988241718696,23328.5574377187,signal,32,17.290736575314426,17.2724129647138,-18.32361060062686,-52.88676014065509,81.69434674576101,-0.647373560685205,47.24746478550491,False
2022-08-04 05:05:00,2022-08-04 05:25:00,23134.444072085902,23076.2644077735,1.2933872418952577,23071.32186294304,23260.688490371624,signal,4,29.92179481117528,29.846545975615868,-75.24883555941149,-135.01717634620263,81.64145998562036,-1.6537819922620618,27.2849474775252,False
2022-08-04 11:55:00,2022-08-04 12:15:00,22909.384459375,22862.43671505626,1.8249915230643674,22864.723187375,22998.707003375,stop_loss,5,41.80943243698193,41.72375320157324,-85.6792354086917,-169.21242104724686,81.50644280927416,-2.0760619064581864,19.494749882607547,False
2022-08-04 13:30:00,2022-08-04 13:50:00,22931.8105297578,23097.48380980745,0.9683968588883548,22847.818900043516,23099.79378918637,take_profit,5,22.207093285640354,22.367530769642165,160.43748400181198,115.86285994652945,81.33723038822691,1.4244751068300443,36.62668920331935,False
2022-08-04 13:55:00,2022-08-04 14:20:00,23060.7355299687,22918.5731474766,0.7406367164057829,22950.75840968299,23280.689770540128,stop_loss,6,17.07962744081819,16.974336760652815,-105.29068016537245,-139.34464436684345,81.45309324817345,-1.7107348390353267,47.69020491249749,False
2022-08-04 22:45:00,2022-08-05 01:45:00,22607.94806875,22761.400493635305,1.044299480669351,22530.083672464283,22763.676861321437,take_profit,37,23.609468427195285,23.769718714810463,160.25028761517655,112.8711004731708,81.3137486038066,1.3880936792512708,34.44116027201311,False
2022-08-05 03:20:00,2022-08-05 05:45:00,23086.810403195297,23078.9653096563,0.9647563451987502,23002.409175766723,23255.612858052442,signal,29,22.273146826883178,22.265578223112758,-7.568603770423695,-52.10732882041963,81.42661970427976,-0.6399299026492793,36.55820182804151,False
2022-08-05 06:10:00,2022-08-05 07:10:00,23335.9798486484,23225.26813841579,0.7507639064447397,23227.590897505543,23552.757750934117,stop_loss,13,17.519811391886996,17.436693035823588,-83.11835606341107,-118.07486049112165,81.37451237545933,-1.4510054443869123,46.44713950125165,False
2022-08-05 10:55:00,2022-08-05 11:05:00,23222.441151913998,23171.6884833256,1.6776295635436618,23174.005883913993,23319.311687914003,stop_loss,3,38.95865381410385,38.873509636851225,-85.1441772526282,-162.97634070358328,81.25643751496821,-2.0057037409935856,20.857095807954146,False
2022-08-05 11:15:00,2022-08-05 11:40:00,23195.924828546802,23315.67226985407,1.3285380878111057,23134.88520768966,23318.004070261093,take_profit,6,30.81666961672772,30.97575865342235,159.08903669462893,97.29660842447886,81.09346117426463,1.199808307791854,26.314803702943284,False
2022-08-05 11:45:00,2022-08-05 12:30:00,23359.6521376406,23266.06246356749,0.8896365936429064,23268.38930249774,23542.17780792632,stop_loss,10,20.781601356413823,20.698340557571267,-83.26079884255265,-124.74074075653775,81.19075778268912,-1.5363908918107676,39.06857628063933,False
2022-08-05 14:45:00,2022-08-05 15:25:00,23219.981922015602,23061.3108252813,0.5944151328514051,23083.602458301313,23492.74084944418,stop_loss,9,13.80230863898213,13.707992137937133,-94.31650104499852,-121.82680182191777,81.06601704193257,-1.5028097625531682,58.73366489789704,False
2022-08-05 20:20:00,2022-08-05 21:15:00,22937.1684875,23083.182482968223,1.0914617258487875,22863.007215214282,23085.49103207143,take_profit,12,25.035041503451172,25.194410190942996,159.36868749182435,109.13923579743019,80.94419024011067,1.3483269827480204,32.33235711990021,False
2022-08-05 21:20:00,2022-08-06 01:20:00,23149.256100140603,23276.504147796903,0.7784233365735528,23045.13110071203,23357.506098997746,max_holding,48,18.01992117266712,18.118974022496204,99.0528498290872,62.913954633923865,81.0533294759081,0.7762044451563721,44.97984685907005,False
2022-08-06 07:40:00,2022-08-06 09:00:00,23192.7663097265,23158.1292674688,2.8000753152463616,23163.797002012216,23250.704925155067,stop_loss,17,64.94149243614262,64.8445061091237,-96.98632701892623,-226.77232556419256,81.11624343054203,-2.7956462968896294,12.490665118345431,False
2022-08-06 10:35:00,2022-08-06 11:30:00,23203.2146204531,23179.133640131713,3.4826494416555684,23181.451785310244,23246.740290738813,stop_loss,12,80.80866244253532,80.72479682986452,-83.86561267080336,-245.3990719432032,75.7923256591149,-3.2377825829875584,9.379232791164235,True
2022-08-06 13:15:00,2022-08-06 16:10:00,23223.785036289,23206.36663125,1.8841974795832268,23180.984813431853,23309.385482003287,signal,35,43.75819723175839,43.725377516885544,-32.8197148728426,-120.30328962148653,80.64407203303463,-1.4917809404788749,18.42947770583784,False
2022-08-06 16:50:00,2022-08-06 16:55:00,23213.4812720156,23182.955155504456,2.854684543780035,23185.273682872743,23269.896450301312,stop_loss,2,66.26716619455024,66.18002376156426,-87.1424329859919,-219.58962294210642,80.52376874341316,-2.7270162135831333,12.151382557541046,False
2022-08-06 19:20:00,2022-08-06 20:20:00,23181.0776409765,23140.676845862003,2.1084685532759764,23142.9911449765,23257.2506329765,stop_loss,13,48.8765732370478,48.79138943102154,-85.1838060262602,-182.85176869432954,80.30417912047105,-2.2769894505741504,16.429993717235792,False
2022-08-06 21:25:00,2022-08-06 23:05:00,23193.7078098671,23158.4202543672,1.9097312969850642,23151.75356872424,23277.616292152816,signal,20,44.29374969763011,44.22635994849786,-67.38974913225822,-155.9098587783862,80.12132735177673,-1.9459220650933065,18.088630540137707,False
2022-08-07 03:00:00,2022-08-07 05:50:00,22996.887348788998,22979.9127159063,2.272443665349699,22961.698173931854,23067.265698503288,signal,34,52.25913097851619,52.22055708155027,-38.57389696592523,-143.0535850259917,79.96541749299834,-1.788943139558013,15.301712063653001,False
2022-08-07 06:40:00,2022-08-07 08:15:00,23018.3855923984,22982.2913840157,3.306939759513949,22994.24775811269,23066.661260969824,stop_loss,20,76.12041451532532,76.00105314253639,-119.36137278893042,-271.4828404467921,79.82236390797235,-3.4010874541348617,10.486328065370916,False
2022-08-07 10:35:00,2022-08-07 12:05:00,23017.0671015625,23083.21948475874,2.323978774334326,22982.836633562503,23085.528037562497,take_profit,19,53.49117539146016,53.64491212587985,153.73673441969345,46.60064690235344,79.55088106752555,0.5857967413685486,14.871776603403225,False
2022-08-07 12:10:00,2022-08-07 15:15:00,23096.1121142734,23110.194608414102,2.026347953706042,23056.830863701973,23174.674615416257,signal,37,46.800759521323236,46.82929555450833,28.53603318508654,-65.09402189074503,79.59748171442791,-0.8177899663243494,17.007732893343736,False
2022-08-07 17:10:00,2022-08-07 17:15:00,23112.570790976497,23203.316075312603,1.7091637674119156,23066.037866976494,23205.6366389765,take_profit,2,39.50316856767999,39.65826711973075,155.09855205076462,75.93711636335388,79.53238769253717,0.9547948774896312,20.13316667402918,False
2022-08-07 17:20:00,2022-08-07 19:55:00,23244.787136289,23170.965901680287,1.1133423185413536,23173.283230003286,23387.79494886043,stop_loss,32,25.879405204316228,25.79721689981938,-82.18830449684972,-133.86492660098534,79.60832480890053,-1.6815443224352171,30.76126525335415,False
2022-08-07 20:55:00,2022-08-07 21:10:00,23250.9010286171,23343.851008911493,1.6681491203306276,23203.25872918853,23346.185627474242,take_profit,4,38.7859700977821,38.94102452564494,155.05442786284212,77.32743323941509,79.47445988229954,0.9729846966426174,20.490517494325644,False
2022-08-07 21:15:00,2022-08-07 22:00:00,23352.2705395546,23286.169925677044,1.2474453006433655,23288.4987755546,23479.814067554602,stop_loss,10,29.130680143919893,29.048223243768696,-82.45690015119834,-140.63580353888693,79.55178731553897,-1.7678522165826478,27.308592495099326,False
2022-08-08 03:20:00,2022-08-08 05:45:00,23296.8021032656,23404.68907800179,1.4408568366619,23241.688264408454,23407.029780979887,take_profit,30,33.56735658284957,33.72280626798498,155.44968513540843,88.15952228457388,79.41115151200009,1.1101655196531408,23.65725502274829,False
2022-08-08 05:50:00,2022-08-08 06:05:00,23426.3267734375,23499.871640965463,2.094979038395629,23388.37922858036,23502.22186315178,take_profit,4,49.077663536957864,49.231738492810535,154.07495585266415,55.765553822895754,79.49931103428466,0.7014595862201428,16.198674774812336,False
2022-08-08 06:10:00,2022-08-08 06:30:00,23542.7563832343,23672.891089372773,1.2008111167231141,23476.505267234304,23675.258615234296,take_profit,5,28.270403583291806,28.42667078509438,156.2672018025742,99.57012743418801,79.55507658810755,1.251587349349274,28.140764369959577,False
2022-08-08 06:35:00,2022-08-08 08:30:00,23703.1610941015,23922.701620688487,0.7178259546320176,23592.194576101498,23925.094130101497,take_profit,24,17.014744240169907,17.17233612824763,157.5918880777209,123.40480770930338,79.65464671554174,1.5492480702349958,46.81507144108934,False
2022-08-08 08:35:00,2022-08-08 12:10:00,23978.055768820297,24192.60166784616,0.7353988341276815,23869.57306824887,24195.021169963155,take_profit,44,17.633434257038974,17.791211061049466,157.77680401049494,122.3521586924065,79.77805152325105,1.5336568937980062,45.242492392770835,False
2022-08-08 12:15:00,2022-08-08 12:15:00,24201.164014414,24132.72092554153,1.2100699294723718,24135.134438985428,24333.223165271145,stop_loss,1,29.28510083207125,29.202279908346473,-82.82092372478223,-141.30830446519997,79.90040368194346,-1.768555576110737,27.283636187600703,False
2022-08-08 12:20:00,2022-08-08 13:30:00,24121.8357703828,24037.340165586,0.9474108740454767,24037.649386668516,24290.208537811373,signal,14,22.853289510799815,22.773237456006278,-80.05205479353819,-125.67858176034429,79.75909537747826,-1.5757272717994293,34.900487888094354,False
2022-08-08 14:00:00,2022-08-08 15:25:00,24174.098808164,24066.7571455938,0.9258077587609425,24088.083740735427,24346.128943021144,stop_loss,18,22.380568237651882,22.281190493606093,-99.3777440457879,-144.0395027770459,79.63341679571792,-1.8087821491641842,35.58149907103202,False
2022-08-08 20:30:00,2022-08-08 21:10:00,23961.2376801796,23894.48192159016,1.2349577273976606,23896.871608751033,24089.969823036743,stop_loss,9,29.591115631149794,29.50867509123147,-82.4405399183252,-141.54033064070646,79.48937729294086,-1.780619442005317,26.86258209516929,False
2022-08-09 03:20:00,2022-08-09 06:30:00,23827.7380035468,23778.4715240391,1.4898504333827602,23774.479075546802,23934.2558595468,signal,38,35.49976579111507,35.42636610526928,-73.39968584578949,-144.32581774217385,79.34783696230016,-1.818900467453777,22.351650833189286,False
2022-08-09 07:45:00,2022-08-09 08:20:00,23853.9124957343,23809.587553125,1.21603088159496,23788.779683448585,23984.178120305733,signal,7,29.007094241676818,28.95319374263898,-53.90049903783616,-111.86078702215195,79.203511144558,-1.4123210626103389,27.304876001940233,False
2022-08-09 17:25:00,2022-08-09 17:40:00,23122.378412640603,23056.977618000252,1.253535430273859,23059.283546354887,23248.56814521203,stop_loss,4,28.984720572444427,28.902738359194682,-81.98221324974443,-139.86967218138355,79.09165035753585,-1.7684505450208596,27.287359959139206,False
2022-08-09 20:15:00,2022-08-09 21:25:00,23096.2215002109,23193.04928447162,1.5926155094315422,23046.64783963947,23195.368821353757,take_profit,15,36.78340057050212,36.93761000145964,154.20943095751463,80.48842038555287,78.95178068535448,1.019463015106934,21.463970013873226,False
2022-08-09 21:30:00,2022-08-10 00:00:00,23209.570725,23156.831261139556,1.5673682326848395,23159.147175857142,23310.417823285716,stop_loss,31,36.37794384861704,36.29528168835335,-82.66216026369248,-155.3353858006629,79.03226910574003,-1.965467872279287,21.725326047734978,False
2022-08-10 03:40:00,2022-08-10 06:15:00,22909.446965625,22866.730676242198,1.3132598026077522,22849.385023910716,23029.57084905357,signal,31,30.086055799929454,30.029958214166463,-56.09758576299502,-116.21359977709093,78.87693371993936,-1.4733534164717816,26.217106770148416,False
2022-08-10 07:20:00,2022-08-10 08:55:00,22973.959275210902,23104.018061198643,1.1900138385462167,22907.77456578233,23106.32869406805,take_profit,20,27.339329463698185,27.49410121884812,154.77175514993309,99.93832446738678,78.76072012016228,1.2688853570017469,28.808577849263873,False
2022-08-10 09:00:00,2022-08-10 09:35:00,23128.1543801796,23064.661299665666,1.2888596066221532,23066.96799646531,23250.527147608173,stop_loss,8,29.80894395633471,29.72711028956029,-81.83366677441744,-141.36972102031245,78.86065844462966,-1.7926520499390985,26.45536808018016,False
2022-08-10 09:40:00,2022-08-10 11:25:00,23054.973234796802,23175.474651553723,1.2818727249054258,22993.5636367968,23177.792430796802,take_profit,22,29.553541363110636,29.708008842563796,154.46747945315823,95.2059292474838,78.71928872360935,1.2094358421067617,26.6361610462929,False
2022-08-10 11:30:00,2022-08-10 11:35:00,23182.0328144843,23110.932815586,1.2201461311648758,23117.438506770017,23311.22142991287,stop_loss,2,28.28546765113022,28.198715262548628,-86.7523885815903,-143.23657149526915,78.81449465285685,-1.817388693871136,27.86395318788644,False
2022-08-10 11:50:00,2022-08-10 12:30:00,23106.2361735781,23250.07276177794,1.0764952677160473,23033.155259578103,23252.398001578098,take_profit,9,24.873753895586177,25.028593302107726,154.83940652154934,104.93705932385545,78.6712580813616,1.3338678175875849,31.628220819263532,False
2022-08-10 12:35:00,2022-08-10 13:00:00,23572.8238426796,23942.009757688364,0.42400624247116847,23387.033664965315,23944.404198108175,take_profit,6,9.995024461969347,10.151561594565495,156.53713259614537,136.39054653961054,78.77619514068545,1.731367531727476,78.81541004769483,False
2022-08-10 13:05:00,2022-08-10 17:05:00,24014.9813360078,23934.368041828202,0.23738726033967675,23682.560019150656,24679.823969722085,max_holding,48,5.700850626463362,5.681714057411111,-19.13656905225132,-30.51913373612579,78.91258568722505,-0.3867460870828676,138.42247562304587,False
2022-08-10 21:05:00,2022-08-11 00:10:00,23834.1976344453,23995.287821686255,0.9649775250228835,23752.4526564453,23997.6875904453,take_profit,38,22.99946504419329,23.154913454382537,155.44841018925047,109.29403169067463,78.88206655348891,1.3855371247983692,34.29734839567688,False
2022-08-11 04:00:00,2022-08-11 05:00:00,24335.8220098671,24462.885520661715,1.2198491815071597,24271.0669878671,24465.332053867103,take_profit,13,29.686032560040307,29.841030879682542,154.9983196422367,95.47125620251387,78.99136058517958,1.208629089247847,26.608931464795347,False
2022-08-11 05:05:00,2022-08-11 08:05:00,24473.2693472265,24415.3511887032,0.8198703124624348,24376.8067352265,24666.194571226497,signal,36,20.06490698668792,20.017421607962174,-47.48537872574532,-87.56770732039541,79.08683184138208,-1.1072349881965524,39.4154988577083,False
2022-08-11 11:10:00,2022-08-11 11:50:00,24509.517112640602,24619.879656165853,1.400388562415154,24453.104723783457,24622.341890354888,take_profit,9,34.322847434860385,34.477397878532194,154.55044367180562,85.75019835841303,78.9992641340617,1.0854556595982336,23.016523988573628,False
2022-08-11 11:55:00,2022-08-11 12:00:00,24629.3533140625,24563.1742959141,1.3989886231725426,24572.8231800625,24742.413582062498,stop_loss,2,34.4561850824704,34.36360138898806,-92.5836934823399,-161.40347995379835,79.0850143324201,-2.0408857647210747,22.95234197956948,False
2022-08-11 12:05:00,2022-08-11 12:30:00,24600.8016301796,24728.83296414155,1.209515875363308,24535.549397893887,24731.306094751028,take_profit,6,29.755060118365776,29.909916049336694,154.85593097091962,95.19095480321715,78.92361085246631,1.2061150494135369,26.524433336215015,False
2022-08-11 12:35:00,2022-08-11 14:40:00,24688.1209082343,24578.215296326507,0.7354174739166877,24580.673363662874,24903.01599737716,stop_loss,26,18.15607551408343,18.07524900660493,-80.82650747849775,-117.0578319991861,79.01880180726954,-1.4813921411349098,43.52196142055902,False
2022-08-11 21:25:00,2022-08-11 21:50:00,24201.0429083046,24117.222801523498,1.1007374387745879,24129.36210487603,24344.404515161743,stop_loss,6,26.638993986561108,26.546730056905066,-92.26392965604309,-145.44965369950927,78.90174397527035,-1.843427614795138,29.618890268557013,False
2022-08-12 03:20:00,2022-08-12 05:15:00,23988.148575,23980.8087102969,0.7418162259702282,23881.98172185714,24200.482281285716,signal,23,17.79479784391961,17.78935301318642,-5.444830733184998,-41.028981590291025,78.75629432157083,-0.520961301489949,44.258043846494985,False
2022-08-12 08:20:00,2022-08-12 10:20:00,23990.197607882797,23920.19876363766,1.164313582377299,23922.591022739936,24125.410778168516,stop_loss,25,27.932112918773328,27.850612313668005,-81.5006051053247,-137.28333033776602,78.71526533998055,-1.7440496420208083,28.180920494229987,False
2022-08-12 13:25:00,2022-08-12 15:25:00,23817.4850253515,23938.885540813197,1.269489209441972,23755.587703637215,23941.279668780073,take_profit,25,30.236040235729487,30.390156880128803,154.11664439931772,93.49044728345943,78.57798200964278,1.189779183588434,25.988185422768534,False
2022-08-12 15:30:00,2022-08-12 18:40:00,23953.779903476498,24129.09889570038,0.8852813108456217,23864.91383176221,24131.51204690507,take_profit,39,21.205833672657185,21.361040299909273,155.2066272520913,112.63975327952484,78.67147245692627,1.431773802647417,37.09897647568806,False
2022-08-12 18:45:00,2022-08-12 22:10:00,24147.4730988593,24098.226654328202,0.9854062837168819,24067.522206002155,24307.37488457359,signal,41,23.795071727500318,23.746543971608663,-48.52775589165879,-96.06937159076777,78.78411221020579,-1.219400319374581,33.10942413304592,False
2022-08-12 23:00:00,2022-08-12 23:15:00,24219.163861218698,24326.64501685481,1.4318102776675254,24164.206829504412,24329.077924647274,take_profit,4,34.677247733006844,34.831140356302214,153.89262329536922,84.38423520606015,78.68804283861503,1.0723895545239028,22.69154791189423,False
2022-08-12 23:20:00,2022-08-13 01:45:00,24343.3012737187,24515.098403274304,0.9041369448942297,24256.176831432982,24517.55015829013,take_profit,30,22.009678042259836,22.165006174117835,155.3281318580032,111.1534476416255,78.77242707382109,1.411070494723474,35.78990429690682,False
2022-08-13 01:50:00,2022-08-13 03:40:00,24548.886283164,24741.02019256694,0.8106909849018132,24451.582153735428,24743.49454202114,take_profit,23,19.901560799140835,20.05732202738774,155.76122824690438,115.8023454203758,78.8835805214627,1.4680158361836557,39.63688140724528,False
2022-08-13 03:45:00,2022-08-13 07:15:00,24749.2617877109,24689.3218358985,0.878920794682389,24659.37953285376,24929.026297425185,signal,42,21.75264083825735,21.69995836817717,-52.68247008017957,-96.13506928661408,78.99938286688308,-1.2169091174877311,36.31714579130241,False
2022-08-13 13:40:00,2022-08-13 17:15:00,24486.7999971562,24492.968426203202,0.970390441638211,24405.48917172763,24649.42164801334,signal,43,23.761756663546947,23.767742448134083,5.985784587136067,-41.54371452454497,78.90324779759648,-0.5265146325929876,33.20598258572458,False
2022-08-13 17:45:00,2022-08-13 18:30:00,24557.4086203125,24502.00337607321,1.4892267704730282,24504.453821455358,24663.318218026783,stop_loss,10,36.57155033081449,36.48903935786874,-82.51097294574639,-155.57156263442963,78.86170408307193,-1.9727136820496867,21.56367541701522,False
2022-08-13 21:15:00,2022-08-13 22:50:00,24498.5277328125,24441.544829603932,1.4431296485160685,24443.989228526785,24607.604741383933,stop_loss,20,35.354551716214864,35.27231799913605,-82.23371707880739,-152.8605867941583,78.70613252043749,-1.9421686963778235,22.261951771358493,False
2022-08-14 01:10:00,2022-08-14 01:30:00,24595.95935,24509.08129904049,0.9304294491487826,24511.532452285715,24764.81314542857,stop_loss,5,22.88480490930635,22.803971012208972,-80.8338970973792,-126.52267301889452,78.55327193364334,-1.6106607644016737,34.325515225038615,False
2022-08-14 01:40:00,2022-08-14 05:30:00,24505.4268596562,24552.9721912266,0.6569411503211791,24386.04516279906,24744.190253370478,signal,46,16.098623310294062,16.12985779510832,31.23448481426036,-0.9939962911420253,78.42674926062445,-0.012674199817192715,48.7164322991988,False
2022-08-14 06:10:00,2022-08-14 07:05:00,24611.3886267734,24699.277827401755,1.7358631551483221,24566.208939059117,24701.748002201974,take_profit,12,42.722002714252405,42.87456633935861,152.56362510619698,66.96705605258597,78.4257552643333,0.8538911206767995,18.35722819196625,False
2022-08-14 07:10:00,2022-08-14 07:25:00,24734.494686148402,24850.97251064847,1.3196138289165285,24675.01310100555,24853.457856434114,take_profit,4,32.639981239103825,32.79368698707623,153.70574797240093,88.27207974622087,78.4927223203859,1.1245893521939307,24.048029239167857,False
2022-08-14 07:30:00,2022-08-14 08:40:00,24879.0638286171,24780.3483808079,0.8165348000794309,24782.826663474247,25071.538158902815,stop_loss,15,20.314621409463268,20.23401681102163,-80.6045984416379,-121.15323666212281,78.58099440013211,-1.5417625799593995,38.681988118925176,False
2022-08-14 16:05:00,2022-08-14 16:40:00,24523.5810188906,24481.93838335125,2.001822908871976,24484.386822033455,24601.96941260489,stop_loss,8,49.09186629119316,49.008505109384686,-83.36118180847456,-181.4615532090524,78.45984116346999,-2.312795316918623,15.982248606740237,False
2022-08-14 20:20:00,2022-08-15 00:05:00,24337.513586007797,24274.40565695948,1.290014216139368,24276.83334029351,24458.87407743637,stop_loss,46,31.395738511435066,31.314328385811624,-81.41012562344427,-144.12019252069098,78.27837961026096,-1.8411238612532455,24.932804043373633,False
2022-08-15 03:20:00,2022-08-15 03:40:00,25119.7363314609,24937.092819068843,0.4337188619498932,24939.586777746616,25480.03543888947,stop_loss,5,10.894903454162606,10.815687517825392,-79.21593633721393,-100.92652730920193,78.13425941774027,-1.2917064558019822,71.71633943014666,False
2022-08-15 10:10:00,2022-08-15 11:50:00,24168.858050140603,24088.984625049874,1.0073459294292557,24091.393764426317,24323.786621569176,stop_loss,21,24.346400775762636,24.265940606127916,-80.46016963471858,-129.07251101660913,78.03333289043108,-1.6540689245946174,32.051280848097655,False
2022-08-15 14:55:00,2022-08-15 18:00:00,24128.5395656953,24133.4262590157,0.7325894047667609,24022.198605981015,24341.221485123868,signal,37,17.676312438323958,17.67989237807483,3.5799397508701354,-31.77626506552865,77.90426037941445,-0.4078886688708653,44.072688040131304,False
2022-08-15 21:55:00,2022-08-15 21:55:00,24098.0150285468,24036.68645465329,1.3215600683201798,24039.09036368966,24215.864358261086,stop_loss,1,31.846974387507032,31.765924993202344,-81.04939430468882,-144.6622936853982,77.87248411434892,-1.8576817643697392,24.452082375805485,False
2022-08-16 07:00:00,2022-08-16 11:00:00,24025.1854813203,24021.415977164103,1.1475009614333505,23957.44887417744,24160.658695606013,max_holding,48,27.568923438429614,27.564597928786256,-4.325509643362483,-59.45903101057836,77.72782182066351,-0.7649645856250086,28.193999665694257,False
2022-08-16 16:20:00,2022-08-16 16:45:00,23861.4601254218,23789.611034976602,1.1195799837448313,23792.087357136086,24000.20566199323,stop_loss,6,26.714813139347676,26.634372335834964,-80.44080351271498,-133.78998898789763,77.66836278965295,-1.722580265406615,29.073144694864766,False
2022-08-16 17:55:00,2022-08-16 21:55:00,23858.0574421875,23926.9937793282,0.916135029783254,23773.425187901787,24027.321950758924,max_holding,48,21.857202165369028,21.920357158648574,63.154993279545145,19.377433955527547,77.53457280066506,0.24991991643966774,35.47323770629359,False
2022-08-17 03:20:00,2022-08-17 06:00:00,24053.4441659062,24176.53631677069,1.2358205981070012,23990.689142763345,24178.954212191908,take_profit,33,29.725741755643558,29.877861571147186,152.11981550363083,92.5162121768401,77.55395023462059,1.192927141647264,26.08982842956194,False
2022-08-17 06:05:00,2022-08-17 07:25:00,24266.014248788997,24189.593931761403,1.0492607536700487,24192.01313307471,24414.01648021757,stop_loss,17,25.461376399252483,25.381191559812407,-80.18483944007748,-131.02740739914236,77.64646644679742,-1.6874870601989471,30.495785156798135,False
2022-08-17 17:30:00,2022-08-17 19:15:00,23432.9504817421,23347.548529104643,0.9331680735650736,23349.883517456386,23599.084410313524,stop_loss,22,21.86688125899304,21.787186883371646,-79.69437562139208,-123.34844376375676,77.51543903939829,-1.5912758192734124,35.44878582423319,False
2022-08-17 22:50:00,2022-08-18 00:00:00,23381.5859708046,23338.7049580938,1.043187979089346,23307.39791251889,23529.96208737602,signal,14,24.391389416787455,24.34665645979637,-44.732956991084905,-93.47100286766874,77.39209059563454,-1.2077591152827853,31.7292669446576,False
2022-08-18 00:20:00,2022-08-18 00:25:00,23413.0578676796,23321.763962613804,0.8688997326358002,23324.096372251028,23590.98085853674,stop_loss,2,20.343599721413323,20.264274471710376,-79.3252497029475,-119.93312389607121,77.29861959276687,-1.551555830206492,37.996529941258956,False
2022-08-18 00:40:00,2022-08-18 04:25:00,23427.2233470859,23408.5261002813,0.6684430351852102,23311.762967657327,23658.144105943044,signal,45,15.659764280087916,15.647266235684244,-12.498044403674186,-43.80507491944635,77.17868646887081,-0.5675799488646992,49.28470511335022,False
2022-08-18 05:55:00,2022-08-18 06:35:00,23427.8464563906,23396.7655574532,1.4167114907818443,23373.40002753346,23536.73931410489,signal,8,33.19049927904128,33.14646661237283,-44.032666668446346,-110.36963255986046,77.13488139395136,-1.4308653953348174,23.24004852878472,False
2022-08-18 08:10:00,2022-08-18 08:35:00,23439.4901986484,23379.188877373963,1.3288526776528988,23381.52703007697,23555.41653579126,stop_loss,6,31.147629313292803,31.067497741051262,-80.13157224154361,-142.34669929588767,77.0245117613915,-1.8480701278166218,24.728852069817044,False
2022-08-18 09:10:00,2022-08-18 13:10:00,23453.1673472265,23535.827821836,1.0130653808341847,23377.27672208364,23604.948597512215,max_holding,48,23.75959191038588,23.843332375576086,83.74046519020752,36.137540904245554,76.88216506209561,0.47003802344871864,32.358369349133724,False
2022-08-18 19:35:00,2022-08-18 20:10:00,23421.713030109302,23343.1576377813,1.1047423414791901,23352.08747153787,23560.96414725216,stop_loss,8,25.87495809433661,25.788174626280355,-86.78346805625355,-138.44660077687053,76.91830260299986,-1.7999175240701557,29.726928377068706,False
2022-08-18 20:20:00,2022-08-18 22:15:00,23382.4161328125,23366.6845818516,1.0913738454725352,23312.064569669645,23523.119259098214,signal,23,25.518957411306626,25.501788408039182,-17.169003267444335,-68.18974908679014,76.77985600222299,-0.8881203044300561,30.087379654548233,False
2022-08-19 04:40:00,2022-08-19 06:25:00,22832.263466046803,22768.877180570402,1.2988095918287288,22773.200408046803,22950.389582046802,signal,21,29.654762792862247,29.5724360772951,-82.3267155671438,-141.55391443730113,76.71166625313619,-1.845272321033882,25.86824477031403,False
2022-08-19 16:25:00,2022-08-19 18:10:00,21519.4505578828,21435.192985639434,0.9324873087267562,21437.336719311366,21683.67823502566,stop_loss,22,20.066614535998625,19.98804541921756,-78.56911678106552,-118.6237767362817,76.57011233869888,-1.5492177445367115,38.15796242128211,False
2022-08-20 03:20:00,2022-08-20 06:50:00,21127.997353476498,21263.283758732236,1.1127261386711058,21059.29088033364,21265.41029976221,take_profit,43,23.509674912987244,23.660211632322156,150.53671933491165,103.36683278960226,76.45148856196259,1.3520578177601505,32.519160237187776,False
2022-08-20 06:55:00,2022-08-20 08:30:00,21311.681736078102,21243.28096781298,1.1550876993901393,21245.405508363816,21444.234191506675,stop_loss,20,24.61686142666131,24.537852540609432,-79.0088860518765,-128.16360001914725,76.5548553947522,-1.6741407107135993,31.09854423271011,False
2022-08-20 11:30:00,2022-08-20 14:00:00,21228.2261253515,21332.93078920765,1.4307001250647924,21174.80704020864,21335.064295637214,take_profit,31,30.371225772444085,30.521026748117947,149.80097567386292,88.90872315330088,76.42669179473303,1.1633203147415057,25.164177556532877,False
2022-08-20 14:05:00,2022-08-20 14:35:00,21332.066586359302,21271.20822594621,1.3028139403045675,21273.33555950216,21449.528640073586,stop_loss,7,27.79171372421417,27.712426603883912,-79.2871203302544,-134.79126065835248,76.51560051788634,-1.7616180196722573,27.531803643767518,False
2022-08-20 16:15:00,2022-08-20 16:35:00,21334.2855582343,21277.702776586902,1.4026460708882422,21279.83075966287,21443.195155377158,stop_loss,5,29.92445181346511,29.84508619710746,-79.36561635764944,-139.135154368222,76.38080925722798,-1.8215983271354974,25.52454752833898,False
2022-08-20 18:20:00,2022-08-20 18:50:00,21301.2158455937,21223.236167437655,1.00506915770302,21225.358703307986,21452.93013016513,stop_loss,7,21.40919506798108,21.330820098538833,-78.37496944224725,-121.11498460876716,76.24167410285976,-1.5885666996945471,35.61164904181027,False
2022-08-20 22:15:00,2022-08-21 02:15:00,21184.7002892031,21260.0886215157,0.5235227534938558,21039.299619203102,21475.5016292031,max_holding,48,11.090672627345691,11.130140134659293,39.46750731360177,17.24669455159679,76.120559118251,0.22657078128925157,68.63475433452479,False
2022-08-21 02:20:00,2022-08-21 03:30:00,21256.8852409765,21203.282557809544,1.478916796918756,21205.403098119354,21359.849526690785,stop_loss,15,31.437164633054543,31.357890724559017,-79.27390849552415,-142.06896385313772,76.1378058128026,-1.8659450759907343,24.21904351156009,False
2022-08-21 08:10:00,2022-08-21 08:15:00,21300.1278458046,21437.486115368196,1.0895271774240112,21230.376729518885,21439.630078376034,take_profit,2,23.20706817061007,23.356723738343543,149.65556773347117,103.09177582451755,75.99573684894948,1.3565468287967872,32.7468063997813,False
2022-08-21 08:20:00,2022-08-21 08:30:00,21443.976214203103,21334.483177090653,0.7088233172090662,21336.61683877453,21658.694965060247,stop_loss,3,15.199990354303756,15.122379136526416,-77.61121777734229,-107.93358726817246,76.09882862477399,-1.4183344109062233,50.06505060263226,False
2022-08-21 08:35:00,2022-08-21 12:35:00,21326.0718469453,21517.2914146641,0.5626792082367104,21191.019948945297,21596.1756429453,max_holding,48,11.99973722163838,12.107332496601764,107.59527496338201,83.48820524514187,75.99089503750582,1.098660638276937,63.32713261460107,False
2022-08-21 12:40:00,2022-08-21 13:45:00,21502.3453315312,21422.3927024844,0.9627968566636802,21423.33138095977,21660.373232674054,signal,13,20.702390496095198,20.625412356166944,-76.97813992825475,-118.30594278051689,76.07438324275097,-1.5551350893375808,36.74666616741666,False
2022-08-21 17:30:00,2022-08-21 20:50:00,21465.507664132798,21606.574470598385,1.06063405202079,21393.893824132796,21608.735344132798,take_profit,41,22.767048372492493,22.91666863103972,149.62025854722856,103.93654154369634,75.95607729997045,1.3683768993654544,33.36228572858912,False
2022-08-21 20:55:00,2022-08-21 21:00:00,21647.127386288998,21570.3583734375,1.0654394992377598,21575.73899314614,21789.904172574716,stop_loss,2,23.063704562383748,22.98191182377427,-81.79273860947792,-127.83835499563594,76.06001384151415,-1.680756399308736,32.97822933682817,False
2022-08-21 21:20:00,2022-08-21 22:00:00,21621.406064413997,21497.074779943756,0.6214710185217849,21499.224702413998,21865.768788413996,stop_loss,9,13.437077248724464,13.359808958730621,-77.26828999384269,-104.06517620129777,75.9321754865185,-1.3705017080641155,56.50944329707302,False
2022-08-21 23:15:00,2022-08-22 00:15:00,21609.2993848671,21455.2390265235,0.4538694473775781,21442.229072581384,21943.440009438527,signal,12,9.80780077002627,9.737877480322068,-69.92328970420077,-89.46896795454911,75.82811031031721,-1.1798918315174725,77.3140809936274,False
2022-08-22 03:30:00,2022-08-22 03:55:00,21481.796401843698,21426.94980942897,1.43706543501076,21429.09271870084,21587.203768129413,stop_loss,6,30.87074709102809,30.791928948840763,-78.81814218732842,-140.4808182271973,75.73864134236267,-1.854810381297698,24.534113514983396,False
2022-08-22 05:15:00,2022-08-22 05:35:00,21483.542670453102,21428.578727987373,1.4312176250641009,21430.72180016739,21589.18441102453,stop_loss,5,30.747624918769162,30.6689595555692,-78.66536319996041,-140.08194767429876,75.59816052413547,-1.8529809019569492,24.586666685265943,False
2022-08-22 05:50:00,2022-08-22 06:05:00,21457.9307345156,21401.41035801572,1.3876066355651189,21403.55071308703,21566.690777372743,stop_loss,4,29.775167072710552,29.69673902323468,-78.42804947587301,-137.89995557181823,75.45807857646118,-1.8275042006547397,25.342621383851036,False
2022-08-22 10:35:00,2022-08-22 12:55:00,21284.2493051093,21183.4263665079,0.7805064438352322,21187.747630823585,21477.252653680727,stop_loss,29,16.61249373483337,16.533800781568573,-78.69295326479595,-111.83924778119788,75.32017862088938,-1.4848510695137977,45.339477518030115,False
2022-08-22 14:45:00,2022-08-22 17:40:00,21295.4398770546,21268.5760546875,0.4022784687005137,21108.48396162603,21669.35170791174,signal,35,8.566696944045379,8.5558902067201,-10.806737325279803,-27.92932447604528,75.20833937310817,-0.3713594091938136,87.79152556036746,False
2022-08-22 20:50:00,2022-08-23 00:00:00,21143.0164332343,21302.36701034543,0.9311361404104027,21062.275919805732,21304.49746009144,take_profit,39,19.687026718275504,19.835403799618934,148.37708134342822,108.85465082553377,75.18041004863213,1.4479124382950121,38.187792968677186,False
2022-08-23 07:40:00,2022-08-23 08:05:00,21170.259392257798,21346.130145760573,0.8459202762009566,21081.256602257796,21348.2649722578,take_profit,6,17.90835167234461,18.05712430872335,148.77263637873793,112.80716039766996,75.28926469945766,1.4983166703510462,42.0414263004031,False
2022-08-23 08:10:00,2022-08-23 11:05:00,21394.8873208046,21406.904016507902,0.5802849562138492,21264.947588518884,21654.76678537603,signal,35,12.415131252153335,12.42210435989336,6.97310774002657,-17.864127872020127,75.40207185985534,-0.23691826273982175,60.734011045414654,False
2022-08-23 12:05:00,2022-08-23 12:25:00,21478.1612723671,21402.4239965547,1.1123155516492784,21410.388950367098,21613.705916367097,stop_loss,5,23.890492804085177,23.806249054359494,-84.24374972568346,-131.94049158412813,75.38420773198332,-1.7502404754749399,31.55406142107413,False
2022-08-23 13:50:00,2022-08-23 16:30:00,21464.0368140625,21395.1825327735,0.6910033254929123,21355.133912348214,21681.84261749107,signal,32,14.831720817019482,14.78414227967436,-47.578537345124055,-77.19440044181789,75.25226724039919,-1.0258083014989356,50.73738116351731,False
2022-08-23 18:35:00,2022-08-23 21:15:00,21543.1384734375,21482.915946554698,0.8591491713219125,21455.639031723214,21718.13735686607,signal,32,18.50876956712704,18.457029433060768,-51.740134066269725,-88.70593306645753,75.17507283995737,-1.1799913151438703,40.615921316279135,False
2022-08-23 22:30:00,2022-08-23 23:00:00,21550.9244079531,21492.97188238508,1.3455611497218796,21495.121394524533,21662.530434810244,stop_loss,7,28.99808662393469,28.9201079570021,-77.9786669325917,-135.89686151352848,75.08636690689093,-1.8098739772833083,25.89355907534792,False
2022-08-24 04:50:00,2022-08-24 05:25:00,21298.160853125,21396.154952789624,1.4970044756448584,21248.093888553572,21398.29478226785,take_profit,8,31.883442120132237,32.030139725916975,146.69760578473276,82.78402393868356,74.95047004537739,1.1045164078165686,23.507646935664837,False
2022-08-24 05:30:00,2022-08-24 07:30:00,21411.9085547578,21345.50593297381,1.167508249658681,21347.640697043516,21540.44427018637,stop_loss,25,24.998579878617015,24.921054269885246,-77.52560873177259,-127.44524288027486,75.03325406931607,-1.6985168037966252,30.015006625835216,False
2022-08-24 09:00:00,2022-08-24 09:45:00,21376.4362578828,21347.126791828203,1.1742427378630196,21312.645521597085,21504.017730454234,signal,9,25.10112503721062,25.06670860954537,-34.41642766525389,-84.58426131200989,74.9058088264358,-1.1292083035642806,29.84161415689269,False
2022-08-24 11:45:00,2022-08-24 15:15:00,21415.8894208046,21544.1399256348,1.1475196122446105,21350.686853661744,21546.29455509031,take_profit,43,24.57515312403515,24.72232309360808,147.16996957292776,97.87249335528452,74.82122456512379,1.3080846233690961,30.445883363366164,False
2022-08-24 15:20:00,2022-08-24 16:10:00,21547.4142909765,21706.25349368574,0.9306139501049048,21466.909268405074,21708.42433611935,take_profit,11,20.052324327872515,20.200142305737277,147.8179778647608,107.565511231151,74.91909705847908,1.4357555744056731,37.3618019704291,False
2022-08-24 16:15:00,2022-08-24 17:25:00,21781.052887499998,21665.648940213534,0.662562172908964,21667.81572178571,22007.52721892857,stop_loss,15,14.431301729387064,14.354839439310672,-76.4622900763913,-105.24843124508902,75.02666256971023,-1.402813715021624,51.98883924443925,False
2022-08-24 19:30:00,2022-08-24 20:10:00,21748.0046610078,21691.9536336954,1.4726891188564628,21697.13077786494,21849.752427293515,stop_loss,9,32.028049821105824,31.945504083082128,-82.54573802369526,-146.51929192788322,74.92141413846514,-1.9556397007816122,23.392437115885052,False
2022-08-24 20:20:00,2022-08-24 21:10:00,21745.7974083046,21677.459802956597,1.1300483415158096,21679.62776573317,21878.136693447457,stop_loss,11,24.573802296193403,24.49657749860673,-77.22479758667203,-126.29517738147216,74.77489484653725,-1.6890050817279185,30.42870368421586,False
2022-08-25 01:25:00,2022-08-25 03:35:00,21526.1992796875,21459.874505902415,1.1631389991270344,21462.020707973214,21654.556423116068,stop_loss,27,25.037961885184806,24.9608169541871,-77.14493099770885,-127.14370983708076,74.64859966915579,-1.70322967075852,29.81416778708576,False
2022-08-25 05:05:00,2022-08-25 05:35:00,21557.65555,21513.1535734896,1.7596380439374366,21515.305104,21642.356442000004,stop_loss,7,37.93367084387902,37.85536347298091,-78.30737089811126,-154.09640521497118,74.5214559593187,-2.0678125947927333,19.64520024071002,False
2022-08-25 05:55:00,2022-08-25 06:20:00,21576.188653125,21671.28693284003,1.529160162079435,21527.55584055357,21673.454278267858,take_profit,6,32.993448137869095,33.138868638691605,145.4205008225135,79.2881840459528,74.36735955410374,1.0661691435779572,22.540038629289754,False
2022-08-25 06:25:00,2022-08-25 09:25:00,21707.1001799687,21675.8322,0.9567577822729736,21629.28879539727,21862.722949111554,signal,36,20.768437027764122,20.73852114459311,-29.915883171008566,-71.4228413433658,74.44664773814968,-0.9593829072677729,35.84605217938465,False
2022-08-25 12:05:00,2022-08-25 12:15:00,21746.162679828103,21689.40981678778,1.3625902584324507,21691.578974685246,21855.330090113817,stop_loss,3,29.63110942582109,29.553778527504193,-77.33089831689776,-136.51578627022303,74.3752248968063,-1.8355008197909337,25.10038481110477,False
2022-08-25 14:30:00,2022-08-25 15:15:00,21700.7733753515,21620.14295254748,0.9460993932448907,21622.305183065786,21857.709759922924,stop_loss,10,20.531088523364932,20.454804129272972,-76.28439409195961,-117.27028674459751,74.23870911053608,-1.5796380102729228,36.1591685828301,False
2022-08-25 18:15:00,2022-08-25 22:15:00,21571.438178125,21590.4618308907,1.1742944390649699,21508.318200410715,21697.678133553574,max_holding,48,25.331219895205972,25.353559264859438,22.339369653464217,-28.345409506601193,74.12143882379148,-0.38241850072536493,29.26090379003785,False
2022-08-26 02:20:00,2022-08-26 04:25:00,21590.865901703102,21545.887436621877,1.7301905519347307,21548.04224084596,21676.513223417387,stop_loss,26,37.35631219121645,37.27849087589239,-77.82131532406221,-152.45611839117106,74.09309341428491,-2.057629279138425,19.834156282617837,False
2022-08-26 08:25:00,2022-08-26 10:35:00,21448.070373578103,21397.54201309426,1.5280655918324355,21399.681981292386,21544.847158149536,stop_loss,27,32.77405834906535,32.69684769999828,-77.21064906706796,-142.6815551161316,73.94063729589374,-1.9296771076661434,22.560720588331524,False
2022-08-26 12:55:00,2022-08-26 14:30:00,21562.406025,21423.12343097567,0.5381210402219927,21425.265957571428,21836.686159857145,stop_loss,20,11.603184359861963,11.528233465480772,-74.95089438119052,-98.08231220653325,73.79795574077758,-1.3290654357833,63.60146788330054,False
2022-08-26 19:30:00,2022-08-26 21:30:00,20694.7841144843,20627.99949375,1.0410292340963379,20623.98891391287,20836.374515627158,signal,24,21.54387525649065,21.47435051391821,-69.5247425724418,-112.54296834285066,73.69987342857107,-1.5270442554005985,34.20919985431454,False
2022-08-27 07:05:00,2022-08-27 09:35:00,20189.231611289,20177.1305221563,0.7736355243744267,20094.112749574717,20379.469334717567,signal,30,15.619106784316319,15.609744951879641,-9.361832436677027,-40.59068417287298,73.58733046022823,-0.5515988135323246,47.113661156424,False
2022-08-27 12:10:00,2022-08-27 13:05:00,20229.4836830937,20205.3288740391,1.7858745475639213,20188.301204807987,20311.84863966512,signal,11,36.12732001999669,36.084182561304814,-43.13745869187391,-115.34896127317542,73.54673977605535,-1.5683762682670217,20.357651698312186,False
2022-08-27 17:50:00,2022-08-27 19:00:00,20035.6615688203,19968.0928340157,0.8963770908600383,19953.741368534582,20199.50196939173,signal,14,17.95950803051541,17.89894096457817,-60.56706593723863,-96.42551493233222,73.43139081478216,-1.3131375269133703,40.88719506682099,False
2022-08-27 20:00:00,2022-08-27 20:30:00,20030.801707882798,19984.08490753121,1.6399358296920725,19986.083515882798,20120.238091882802,stop_loss,7,32.84922941821416,32.77261686346902,-76.61255474513898,-142.23440102682216,73.33496529984984,-1.9395168518217516,22.32471403398804,False
2022-08-27 21:45:00,2022-08-27 21:55:00,19999.4216171875,19949.842706211,1.8312744757726487,19959.453424616073,20079.358002330355,stop_loss,3,36.62443033777122,36.53363774356335,-90.792594207874,-163.9506622892086,73.19273089882303,-2.2399855870365535,19.98467422531852,False
2022-08-27 23:10:00,2022-08-28 03:10:00,20017.6480486484,20038.9783227579,0.8517473547951009,19931.90809321983,20189.12795950554,max_holding,48,17.04997877465559,17.068146779205406,18.168004549820576,-15.950121004040419,73.02878023653382,-0.21840870068457086,42.83218249226765,False
2022-08-28 06:20:00,2022-08-28 09:15:00,20062.0352989296,20035.3810265235,1.3796342159883235,20009.11342350103,20167.87904978674,signal,35,27.67827034076881,27.641497194555082,-36.77314621372906,-92.09291374905297,73.01283011552978,-1.261325079487158,26.37911589727674,False
2022-08-28 12:05:00,2022-08-28 12:50:00,20052.1007125703,19997.346871603957,1.3822812818228771,19999.346806284586,20157.608525141728,stop_loss,10,27.717643476213105,27.64195826673742,-75.68520947568253,-131.04481121863304,72.92073720178074,-1.7970856610516124,26.308418774619245,False
2022-08-28 15:50:00,2022-08-28 19:40:00,20016.294397296802,19984.638054328203,1.0954367376449674,19949.846295011088,20149.190601868235,signal,46,21.92658423431605,21.891906713248755,-34.67752106729267,-78.49601201485748,72.7896923905621,-1.0783946110622014,33.1970048835254,False
2022-08-28 21:20:00,2022-08-29 00:00:00,20020.6268625,19613.1927805704,1.8810229927314388,19981.97172821429,20097.93713107143,stop_loss,33,37.65925945725919,36.89286658112719,-766.3928761320047,-840.9450021703911,72.71119637854723,-11.56555034237484,19.30765432630711,False
2022-08-29 03:20:00,2022-08-29 03:35:00,19789.4943765625,19905.408770897124,1.219119961344892,19730.541809419647,19907.39951084821,take_profit,4,24.12576761938983,24.267081171330375,141.31355194054385,92.92070314982364,71.87025137637684,1.292895201704636,29.789829907262664,False
2022-08-29 03:40:00,2022-08-29 04:30:00,19897.700508093698,19823.576768732662,0.9975324587069218,19825.55932466513,20041.982874950838,stop_loss,11,19.848602110452674,19.77466127447931,-73.94083597336468,-113.56409935829667,71.96317207952666,-1.5780863471776472,36.256040440061724,False
2022-08-29 07:00:00,2022-08-29 07:20:00,19866.324323789,19813.09281692799,1.4019435859761666,19815.074324360427,19968.824322646138,stop_loss,5,27.851465962658292,27.77683839304266,-74.62756961563619,-130.25587397133714,71.84960798016837,-1.812896098295899,25.797424119972845,False
2022-08-29 07:45:00,2022-08-29 09:00:00,19884.7851546875,19812.228398848376,1.0162098734830118,19814.209819830357,20025.935824401782,stop_loss,16,20.207115006281857,20.133382114610242,-73.73289167161303,-114.07338879250513,71.71935210619704,-1.5905524163630644,35.492128432931366,False
2022-08-29 12:30:00,2022-08-29 13:35:00,19924.291057882798,20028.727716803816,1.345461462029994,19871.071191882795,20030.730789882804,take_profit,14,26.807365776650126,26.94788127645153,140.51549980140143,86.76025274829978,71.60527871740453,1.2116460448496467,26.711046252733453,False
2022-08-29 13:40:00,2022-08-29 14:20:00,20085.6157817421,20301.439230212953,0.6581665362232465,19976.68888402782,20303.46957717067,take_profit,9,13.219680166980174,13.361727938495992,142.0477715158169,115.46636341034073,71.69203897015282,1.6105883591679162,54.23129611654571,False
2022-08-29 14:25:00,2022-08-29 14:55:00,20347.7923877812,20190.51587912508,0.4625066008508978,20192.535132638342,20658.30689806691,stop_loss,7,9.410988292092457,9.338246868680217,-72.74142341223859,-91.49065857301126,71.80750533356317,-1.2741099714857813,76.3017688523735,False
2022-08-29 15:05:00,2022-08-29 18:25:00,20211.7260485078,20183.9657765625,0.4697051924562949,20059.043012793514,20517.09211993637,signal,40,9.493552673488264,9.480513529611558,-13.039143876705696,-32.01321007980552,71.71601467499016,-0.44638858175382723,75.5418094168947,False
2022-08-29 21:30:00,2022-08-29 21:40:00,20187.362284374998,20156.38662270013,2.475291556673245,20158.402462946426,20245.281927232143,stop_loss,3,49.969607414017354,49.89293362021118,-76.67379380616605,-176.53633484039457,71.68400146491035,-2.4627020148534804,14.345520242130567,False
2022-08-29 21:50:00,2022-08-30 00:00:00,20201.9438203828,20289.453732666134,1.5972350988209614,20157.174290097086,20291.48288095423,take_profit,27,32.26725373432463,32.407027637718315,139.77390339368532,75.09962202164236,71.50746513006995,1.050234711649174,22.16100127975971,False
2022-08-30 03:45:00,2022-08-30 04:20:00,20250.1537188906,20330.225403313398,1.743685353360568,20209.101263747743,20332.258629176315,take_profit,8,35.309896442929585,35.449516266276525,139.61982334694113,68.86041063773501,71.5825647520916,0.9619718275842157,20.272663463567092,False
2022-08-30 04:25:00,2022-08-30 07:30:00,20393.3594440312,20521.541458935084,1.1003458273702509,20328.242256888345,20523.593818316916,take_profit,38,22.439747970301433,22.580792515544832,141.04454524339909,96.02400475755283,71.65142516272932,1.3401548474363258,31.930583738087698,False
2022-08-30 07:35:00,2022-08-30 07:40:00,20543.1673923281,20478.80624946604,1.1514031268603682,20480.85433489953,20667.793507185244,stop_loss,2,23.653467171142534,23.579361550002847,-74.1056211396835,-121.33844986082889,71.74744916748689,-1.691188345631313,30.332740924772125,False
2022-08-30 07:45:00,2022-08-30 09:10:00,20478.3523174687,20399.032157773498,0.915473710897484,20400.11292089727,20634.831110611558,signal,17,18.747393189139164,18.67477766819401,-72.61552094514776,-110.03769180248094,71.62611071762608,-1.5362790286950812,38.20590414624733,False
2022-08-30 18:50:00,2022-08-30 19:05:00,19759.1612645546,19883.56110330306,1.1316873476135065,19695.96706769746,19885.549658268887,take_profit,4,22.361192802551336,22.50197452610813,140.78172355678936,95.9185562281299,71.5160730258236,1.3412167666629968,31.98222637643188,False
2022-08-30 19:10:00,2022-08-30 22:10:00,19922.9276395546,19870.5088433907,0.7496009739675288,19827.394156983173,20113.994604697455,signal,36,14.934245962894728,14.894952782236064,-39.29318065866478,-69.12237940379558,71.61199158205173,-0.9652347026907694,47.9515281588218,False
2022-08-31 00:45:00,2022-08-31 01:45:00,19971.336776984303,20164.767642552208,0.7320927931706019,19873.6130049843,20166.784320984305,take_profit,13,14.620871724413206,14.76248106707222,141.60934265901489,112.22598986752946,71.54286920264794,1.5686537473028237,48.93201346072218,False
2022-08-31 01:50:00,2022-08-31 03:40:00,20209.5891158359,20409.61045010294,0.7092369479260701,20108.557866121617,20411.651615264465,take_profit,23,14.33338730335538,14.475249823991035,141.86252063565533,113.05388350830891,71.65509519251546,1.5777507964307003,49.991738642087306,False
2022-08-31 03:45:00,2022-08-31 05:10:00,20410.197065625,20345.97420672424,1.1540503335226207,20348.009007625,20534.573181625005,stop_loss,18,23.554394730846948,23.480278319112745,-74.11641173419933,-121.15108478415902,71.76814907602376,-1.68808986080753,30.469111983606126,False
2022-08-31 10:45:00,2022-08-31 12:30:00,20329.714408164,20253.22403949327,0.9621587103055217,20255.249564449714,20478.644095592575,stop_loss,22,19.560411795838657,19.486815921367633,-73.59587447102285,-112.64310218822915,71.64699799123962,-1.572195700397694,36.628573436517335,False
2022-08-31 13:45:00,2022-08-31 14:40:00,20323.327050492102,20225.4128024454,0.8108388215575123,20235.104393920672,20499.772363634962,stop_loss,12,16.478942555748926,16.39954988224905,-79.39267349987755,-112.27116593787552,71.5343548890514,-1.5694719846429908,43.40955413070213,False
2022-08-31 19:30:00,2022-08-31 22:30:00,20166.4891032656,20141.5930602579,0.6788285642446438,20061.27537555132,20376.91655869417,signal,36,13.689588843825042,13.672688698694751,-16.90014513029142,-44.26242267281121,71.42208372311353,-0.6197302061979334,52.17255575599691,False
2022-09-01 01:55:00,2022-09-01 03:45:00,20142.2347250703,20054.25532697499,0.8302278664758332,20056.260953070298,20314.182269070305,stop_loss,23,16.722644561850558,16.64960161387606,-73.04294797449494,-106.41519415022155,71.37782130044071,-1.4908719853230445,42.68333339050647,False
2022-09-01 05:50:00,2022-09-01 06:05:00,20101.0470127109,20041.9522156212,1.2483956028136132,20043.95661128233,20215.227815568043,stop_loss,4,25.094058702618003,25.020285017782058,-73.77368483594364,-123.8880285563437,71.2714061062905,-1.73825711213812,28.401705340258456,False
2022-09-01 10:25:00,2022-09-01 11:45:00,19960.693134726498,20080.70272134154,1.1661820558157168,19899.68420586936,20082.71099244078,take_profit,17,23.277802155362014,23.417755181798334,139.9530264363222,93.25746909916185,71.14751807773415,1.310762084452066,30.564534230026265,False
2022-09-01 11:50:00,2022-09-01 12:20:00,20078.0564328828,20018.34792502965,1.234536994198069,20020.349960025655,20193.46937859709,stop_loss,7,24.787103437990336,24.713391076177256,-73.71236181307845,-123.21285632724604,71.2407755468333,-1.7295271616778873,28.741065177323232,False
2022-09-01 17:55:00,2022-09-01 20:25:00,19770.510056320298,20023.15151520295,0.558564661818481,19643.188069177442,20025.15403060601,take_profit,31,11.043108263587424,11.184224854629539,141.11659104211614,118.8892579238992,71.11756269050606,1.6717285214242934,64.39995062350596,False
2022-09-01 20:30:00,2022-09-02 00:30:00,20025.7973004921,20090.978982171902,0.7853996719947259,19935.096407063527,20207.199087349243,max_holding,48,15.728254631239365,15.779448302650744,51.193671411381004,19.685968477490896,71.23645194842997,0.2763468412455762,45.29202611390876,False
2022-09-02 03:20:00,2022-09-02 05:45:00,20210.294264343698,20115.927659054698,0.6711394915511916,20104.122389772267,20422.638013486558,signal,29,13.563926616671594,13.500593461178521,-63.33315549307164,-90.39767557092175,71.25613791690745,-1.2686300186004391,52.53356194755996,False
2022-09-02 08:30:00,2022-09-02 09:10:00,20102.1369656953,20084.3663625,2.125022995292009,20068.647567981014,20169.115761123874,signal,8,42.717503306612045,42.679740366181825,-37.76294043021889,-123.16018410301277,71.16574024133652,-1.7306105955668167,16.659620701737293,False
2022-09-02 09:35:00,2022-09-02 10:30:00,20134.3218238593,20094.242444080945,1.8661160508387291,20096.25206928787,20210.461333002153,stop_loss,12,37.57298112825635,37.49818835434431,-74.79277391205012,-149.8639433946508,71.04258005723352,-2.1094946618481054,18.907890171058778,False
2022-09-02 12:40:00,2022-09-02 16:30:00,20298.9242204531,20281.1474634219,0.7273670526950258,20201.459376738818,20493.85390788167,signal,46,14.764768683110645,14.751838455742387,-12.93022736825875,-42.44683450711178,70.89271611383884,-0.5987474713051064,48.01478278148218,False
2022-09-02 20:40:00,2022-09-03 00:40:00,19934.7315548281,20003.3881321329,1.0474514218403996,19867.09092939953,20070.01280568524,max_holding,48,20.880662911111372,20.952577340627982,71.91442951660672,30.081189264867362,70.85026927933173,0.4245740993061063,33.931044038659174,False
2022-09-03 05:10:00,2022-09-03 06:20:00,19955.5383222968,19920.653200607427,2.1548857905761243,19922.645465153942,20021.32403658252,stop_loss,15,43.00190597401468,42.926732520983734,-75.17345303095207,-161.1020915259505,70.88035046859659,-2.272873800156032,16.4830718227765,False
2022-09-03 10:50:00,2022-09-03 14:50:00,19834.102351914,19823.710789664103,1.8810320412632662,19796.506369056857,19909.294317628282,signal,48,37.308582033645344,37.28903517209451,-19.54686155083825,-94.14447875657811,70.71924837707064,-1.3312426378544862,18.95522277241605,False
2022-09-03 18:20:00,2022-09-03 18:55:00,19821.028779687498,19772.9424290079,2.482789278754467,19792.582908544642,19877.92052197321,stop_loss,8,49.21143774809185,49.092049472170125,-119.38827592173267,-217.69176314199464,70.62510389831408,-3.08235671349138,14.351359588361655,False
2022-09-03 21:45:00,2022-09-03 23:55:00,19776.8056078125,19820.908139912466,3.0555575735842986,19753.76319724107,19822.89042895536,take_profit,27,60.42916815625592,60.56392598222821,134.75782597229323,13.764731833809108,70.4074121351721,0.19550117546406626,11.651229742748525,False
2022-09-04 00:00:00,2022-09-04 01:15:00,19834.4539500703,19802.978476744465,2.3875650367100065,19804.95897264173,19893.44390492744,stop_loss,16,47.356048773422536,47.28089903379587,-75.1497396266601,-169.78668743387848,70.4211768670059,-2.4110174664437887,14.87057697823137,False
2022-09-04 05:50:00,2022-09-04 06:10:00,19795.1707251406,19782.6309140625,2.686580872257952,19769.02172999774,19847.468715426316,signal,4,53.18132703324331,53.14763781665916,-33.689216584148774,-140.01818143405126,70.25139017957201,-1.9931019311667133,13.209785106651875,False
2022-09-04 09:15:00,2022-09-04 11:20:00,19811.5180627109,19742.110060835403,1.0397098602257409,19744.08446928233,19946.385249568037,stop_loss,26,20.598230675840888,20.52606649191237,-72.16418392852154,-113.2884810962748,70.11137199813797,-1.6158360315539615,34.03757007167111,False
2022-09-04 12:10:00,2022-09-04 13:50:00,19839.3157642031,19774.19529034091,1.1085669435601204,19776.172907631673,19965.601477345957,stop_loss,21,21.993209639046746,21.92101923437415,-72.19040467259369,-116.10463354601458,69.99808351704169,-1.6586830340540368,31.827134222722584,False
2022-09-04 16:40:00,2022-09-04 17:00:00,19790.3030504218,19904.556815103388,1.2023283221167675,19732.180840707515,19906.54746985037,take_profit,5,23.794441860795988,23.93181239798113,137.37053718513673,89.64428292635961,69.88197888349568,1.2827954267839328,29.36903470664469,False
2022-09-04 17:05:00,2022-09-04 18:10:00,19910.8483067421,19832.162882969486,0.912252807303921,19834.146297599244,20064.252325027817,stop_loss,14,18.163727263628004,18.091946264897537,-71.78099873046648,-108.03667225899201,69.97162316642203,-1.5440069469595588,38.522722870066914,False
2022-09-04 19:25:00,2022-09-04 22:10:00,19897.92709375,19848.698524640702,1.5053331449300402,19851.516379464287,19990.748522321424,signal,33,29.953009169623343,29.878903772865637,-74.105396757706,-133.937309700195,69.86358649416304,-1.9171261657370706,23.32439659018125,False
2022-09-04 23:45:00,2022-09-05 00:30:00,19998.7262346562,19928.16234854836,1.0168989922889775,19930.15536408477,20135.867975799054,stop_loss,10,20.33668455508503,20.264928210409973,-71.7563446750535,-112.3579574405485,69.72964918446284,-1.6113369098318093,34.28761900475439,False
2022-09-05 00:35:00,2022-09-05 01:55:00,19928.285597296803,19859.7814012422,0.6666997214729637,19823.864837868234,20137.127116153944,signal,16,13.286182457151455,13.24051072872212,-45.67172842933386,-72.19842161520744,69.6172912270223,-1.0370759956713635,52.39826522896344,False
2022-09-05 04:10:00,2022-09-05 05:10:00,19884.2050176796,19817.293462461,2.098131369961484,19851.058812536743,19950.497427965314,stop_loss,13,41.719674314339116,41.579285081322055,-140.3892330170574,-223.68819241271854,69.5450928054071,-3.2164482552150235,16.669615462818783,False
2022-09-05 08:45:00,2022-09-05 09:25:00,19785.021272296803,19746.62286338163,1.903202907028958,19748.597723153947,19857.868370582513,stop_loss,9,37.654910001065055,37.58183003759241,-73.07996347263988,-148.31670351129736,69.32140461299439,-2.139551331068892,18.40965882298847,False
2022-09-05 13:05:00,2022-09-05 14:55:00,19738.0087595156,19807.564634099595,1.9339154038081043,19702.24034494417,19809.54558865846,take_profit,23,38.17163918052652,38.306154357809845,134.51517728333317,58.037383744996816,69.17308790948309,0.8390168127370868,18.12159220680577,False
2022-09-05 15:00:00,2022-09-05 15:20:00,19824.9354203125,19921.117216788294,1.4103744277706105,19775.848366598217,19923.109527741068,take_profit,5,27.96058194901255,28.09623429517905,135.65234616649704,79.59552992230545,69.23112529322808,1.1497072969011985,24.760259074533682,False
2022-09-05 15:25:00,2022-09-05 15:55:00,19926.3830640625,19858.533479046902,1.066620966163355,19861.401479205357,20056.346233776785,stop_loss,7,21.253897955931457,21.181528166008338,-72.36978992311765,-114.80521604505743,69.31072082315038,-1.656384678756818,32.610827889952965,False
2022-09-05 16:00:00,2022-09-05 17:30:00,19863.6267890625,19823.7244602969,0.8131620436706722,19778.53192249107,20033.816522205354,signal,18,16.152347354505576,16.11990029529932,-32.447059206252895,-64.71930685605778,69.19591560710532,-0.9353053036184139,42.839541577716034,False
2022-09-05 20:55:00,2022-09-05 21:30:00,19774.1412784062,19735.972729468078,1.909978328752967,19737.94652412049,19846.53078697763,stop_loss,8,37.768181311455336,37.69528021014357,-72.9011013117628,-148.3645628333617,69.13119630024927,-2.1461304125128633,18.30408399339084,False
2022-09-06 06:15:00,2022-09-06 07:15:00,19806.8926002109,19902.204636133905,1.4179052611484046,19758.241372496614,19904.19505563947,take_profit,13,28.08429722484044,28.219440662026436,135.14343718599477,78.83969929912789,68.9828317374159,1.1428887059787902,24.562776552728153,False
2022-09-06 07:20:00,2022-09-06 11:20:00,19909.0180457343,19938.94340625,1.175149467696108,19850.24963087716,20026.55487544859,max_holding,48,23.396071958796874,23.431238730277514,35.166771480637976,-11.660539208436411,69.06167143671505,-0.16884241238096295,29.518489923582237,False
2022-09-06 21:30:00,2022-09-07 00:00:00,18999.649774999998,18835.7998246407,0.7699962020682771,18909.97399385714,19179.00133728571,stop_loss,31,14.629658167377395,14.50349432789166,-126.16383948573483,-155.29699198100388,69.0500108975066,-2.2490509409407156,47.19864955661158,False
2022-09-07 05:00:00,2022-09-07 08:05:00,18740.055458164,18822.912934622585,1.6260266622165238,18697.685480164,18824.795414164,take_profit,38,30.47182982639096,30.6065582922766,134.72846588563954,73.65007776697198,68.8947139055256,1.0690236389974321,22.609313027161065,False
2022-09-07 08:40:00,2022-09-07 10:05:00,18799.750880109303,18792.4174453125,1.4951948468013527,18753.624206966444,18892.00422639502,signal,17,28.109290637088627,28.098325723171097,-10.964913917530815,-67.17253027779054,68.96836398329259,-0.9739614860816898,24.535789562861723,False
2022-09-07 13:10:00,2022-09-07 17:10:00,18864.2084972265,18934.875854046903,0.9550660201407785,18792.06564008364,19008.494211512218,max_holding,48,18.016564532551968,18.0840565237843,67.49199123232997,31.391370175993696,68.90119145301479,0.4555998164037577,38.24324627956983,False
2022-09-07 17:30:00,2022-09-07 18:45:00,18932.918492539,19055.075295011116,1.111255738126949,18870.887242253284,19056.98099311043,take_profit,16,21.03931431432379,21.175061762022167,135.7474476983796,93.53307162203365,68.93258282319078,1.3568775141059504,32.76370217838361,False
2022-09-07 18:50:00,2022-09-07 20:10:00,19101.6736473671,19017.3324515625,0.8887780732733253,19024.009584795673,19257.00177250996,stop_loss,17,16.977148700602783,16.902188095098,-74.9606055047822,-108.83994230048297,69.02611589481282,-1.576793665550318,40.658250164447225,False
2022-09-07 20:30:00,2022-09-07 21:00:00,19218.7107409062,19414.717735537484,0.6963146479856291,19119.736410620484,19416.65940147763,take_profit,7,13.382269804291731,13.518752345761134,136.48254146940315,109.58151931935029,68.91727595251233,1.590044264008023,51.49894372209591,False
2022-09-07 21:05:00,2022-09-07 23:35:00,19428.3469364296,19317.2380040079,0.4581049669220515,19277.667807286743,19729.705194715312,signal,30,8.900222230663223,8.849322676851436,-50.89955381178694,-68.6490987193016,69.02685747183169,-0.994527365631787,77.55633026107931,False
2022-09-08 04:30:00,2022-09-08 07:00:00,19296.2263046875,19246.063482171903,1.3948248060704098,19246.787688401786,19395.103537258932,signal,30,26.914855113326485,26.844886764139222,-69.9683491872637,-123.7280910647294,68.95820837311238,-1.7942474722555646,25.620872965044782,False
2022-09-08 09:30:00,2022-09-08 09:50:00,19223.6174815312,19176.453550678132,1.5213353160764445,19178.371387816915,19314.109668959773,stop_loss,5,29.24556817739793,29.17381602374617,-71.75215365176047,-130.17153785290458,68.83448028204766,-1.8910804195735882,23.53672182551253,False
2022-09-08 10:20:00,2022-09-08 12:40:00,19288.2235504921,19215.7110487188,0.9838823847374459,19218.39375192067,19427.883147634962,stop_loss,29,18.977343384207135,18.905999611039142,-71.34377316799342,-109.22711616323969,68.70430874419476,-1.5898146442302854,36.20333328708706,False
2022-09-08 15:15:00,2022-09-08 16:05:00,19300.7599610078,19196.6207989425,0.6710579730008708,19198.5406530078,19505.1985770078,stop_loss,11,12.95192885681026,12.88204544180471,-69.8834150055502,-95.71738930416517,68.59508162803151,-1.3953972651160178,52.96128660555721,False
2022-09-08 19:10:00,2022-09-08 19:50:00,19212.4171426093,19300.512568042355,1.5217740552472554,19167.40430775216,19302.44281232359,take_profit,9,29.236957946210445,29.371019279020434,134.06133280999018,75.4533555847593,68.49936423872734,1.1015190640572456,23.429032652696314,False
2022-09-08 19:55:00,2022-09-08 22:30:00,19308.8916330937,19291.9553765235,1.2636359938406136,19254.623775950844,19417.427347379413,signal,31,24.399410468745067,24.378009205342043,-21.401263403023638,-70.17868307711075,68.57481759431211,-1.023388549019366,28.105112491203197,False
2022-09-09 00:20:00,2022-09-09 03:25:00,19373.204704757798,19466.406307729212,1.439952985997019,19325.63048561494,19468.353143043518,take_profit,38,27.896503962947488,28.030709889445887,134.2059264983964,78.27871264600302,68.504638911235,1.1426775454934195,24.556711121301714,False
2022-09-09 03:30:00,2022-09-09 03:55:00,19640.9033469453,19855.312706815923,0.633867595742893,19532.705802088156,19857.29843665959,take_profit,6,12.449732182746757,12.585639328192721,135.90714544596517,110.87177393502569,68.582917623881,1.6166091758163907,55.087865840941895,False
2022-09-09 04:00:00,2022-09-09 04:15:00,19886.4181299687,20198.386928128963,0.4375556127908654,19729.423710540126,20200.406968825846,take_profit,4,8.70141387107383,8.837917569724473,136.50369865064323,118.96436720984494,68.69378939781605,1.7318067361359908,78.94554886784007,False
2022-09-09 04:20:00,2022-09-09 08:20:00,20204.2585048281,20669.2590383829,0.26454406680960985,19944.140201685244,20724.495111113814,max_holding,48,5.344916711739873,5.4679298439550985,123.01313221522555,112.20028565953058,68.8127537650259,1.630515849469701,128.74429570414395,False
2022-09-09 08:40:00,2022-09-09 08:55:00,20680.4916703828,20798.9149200237,1.143950845199762,20620.23999581137,20800.995019525653,take_profit,4,23.65746592548104,23.792936301999053,135.4703765180125,88.01997429053242,68.92495405068541,1.2770407394948,29.134546475853767,False
2022-09-09 09:00:00,2022-09-09 09:05:00,20800.2184848671,20714.191500840097,0.8220198913312687,20716.26312715281,20968.129200295672,stop_loss,2,17.0981933385971,17.027477446535666,-70.71589206143229,-104.84156284656505,69.01297402497595,-1.5191572936506499,40.36272877391527,False
2022-09-09 09:10:00,2022-09-09 10:40:00,20689.1741785468,20905.923779945806,0.6297569512985322,20579.753977118227,20908.014581403946,take_profit,19,13.029151255565946,13.165650823738156,136.49956817220993,110.30476609290582,68.90813246212937,1.6007510601673507,52.88766022475361,False
2022-09-09 10:45:00,2022-09-09 12:35:00,20964.5571830937,21146.946742071734,0.7481492350310481,20872.30495052227,21149.06164823656,take_profit,23,15.684617419296217,15.821072028323282,136.45460902706574,104.94891957944624,69.0184372282223,1.5205925227256758,44.00390228410124,False
2022-09-09 12:40:00,2022-09-09 13:00:00,21170.5738767031,21067.49593384226,0.6845866444738582,21069.602894131673,21372.515841845958,stop_loss,5,14.493092131838095,14.422526348815724,-70.56578302237072,-99.48140150302454,69.12338614780174,-1.4391858826231454,47.694022448082734,False
2022-09-09 13:10:00,2022-09-09 13:55:00,21056.1425127109,20974.947216507902,0.5873733253255955,20938.629677568042,21291.168182996615,signal,9,12.36781644622064,12.320124495089091,-47.69195113155121,-72.37989207286094,69.02390474629871,-1.0486206530751534,55.809289413727555,False
2022-09-09 14:55:00,2022-09-09 15:40:00,21063.537783164,21251.686956215963,0.7247582327870403,20968.400506021146,21253.812337449708,take_profit,10,15.265972419968994,15.402335082130477,136.36266216148363,105.69435465938416,68.95152485422585,1.5328791478192587,45.166808217229764,False
2022-09-09 15:45:00,2022-09-09 18:25:00,21271.613276632797,21201.129675,0.6824453058134896,21170.4224286328,21473.994972632798,signal,32,14.516712627717956,14.468611424646824,-48.10120307113047,-77.08652712349524,69.05721920888523,-1.116270362557213,47.57083850859498,False
2022-09-09 19:55:00,2022-09-10 00:05:00,21276.5688501406,21339.0826743204,1.0571215833340335,21211.3160601406,21407.074430140594,max_holding,50,22.49192015077621,22.558004863573423,66.08471279721694,21.034787782867305,68.98013268176175,0.30493979882455163,30.668850066756622,False
2022-09-10 03:30:00,2022-09-10 05:00:00,21294.0002801093,21402.24265437146,1.2502157874423494,21238.808873823586,21404.383092680728,take_profit,19,26.622095327994455,26.757421653167253,135.3263251727975,81.9468081916358,69.00116746954461,1.1876148070654755,25.91875906814384,False
2022-09-10 05:05:00,2022-09-10 05:25:00,21437.0282534765,21559.43570971818,1.1092021380409074,21374.746445762215,21561.591868905067,take_profit,5,23.777997571999475,23.913772184174892,135.77461217541918,88.08284241924481,69.08311427773626,1.2750270936704382,29.053377631381057,False
2022-09-10 05:30:00,2022-09-10 06:50:00,21573.3328985781,21483.73899753376,0.7910223579984577,21485.88758629239,21748.22352314953,stop_loss,17,17.064988659318953,16.994117880452578,-70.87077886637421,-104.92988540614574,69.17119712015551,-1.5169592225485808,40.533983643980974,False
2022-09-10 11:25:00,2022-09-10 11:55:00,21355.410717538998,21301.0981921485,1.2292349554787716,21299.224333539,21467.783485538996,signal,6,26.250817342604932,26.184054487874604,-66.7628547303287,-119.19772656080823,69.06626723474936,-1.725845790328686,26.310139731403787,False
2022-09-10 16:55:00,2022-09-10 19:35:00,21360.4034047578,21524.588899743267,0.8289987783738773,21277.23432018637,21526.741573900657,take_profit,33,17.707748328117425,17.843857902887088,136.10957476966317,100.55796853865866,68.94706950818855,1.4584806759149613,38.936101999320975,False
2022-09-10 19:40:00,2022-09-10 20:45:00,21550.3247379921,21479.2692302549,1.002035507738376,21481.4173719921,21688.139469992104,stop_loss,14,21.594190590760803,21.522990448987745,-71.20014177305428,-114.31732281280283,69.04762747672721,-1.6556299903473721,31.975094035832782,False
2022-09-10 21:55:00,2022-09-11 00:40:00,21664.250192398402,21590.000939984402,0.5158455061375973,21530.618495826973,21931.513585541255,signal,33,11.175406105589293,11.137104962397455,-38.30114319183794,-60.613654259824685,68.93331015391442,-0.8793086263300922,61.68304713279096,False
2022-09-11 04:35:00,2022-09-11 04:55:00,21610.317065625,21553.981104328202,1.4291820132848665,21562.126775053574,21706.697646767854,stop_loss,5,30.885076451574246,30.80456210898775,-80.51434258649594,-142.20398114705793,68.8726964996546,-2.0647366572582375,22.299668452381013,False
2022-09-11 05:00:00,2022-09-11 06:30:00,21561.3453719453,21507.598972950505,1.3321044230300079,21509.7499479453,21664.536219945297,stop_loss,19,28.721963536445926,28.650367720623024,-71.59581582290026,-128.9681470799692,68.73049251850753,-1.8764327499216025,23.929593960835554,False
2022-09-11 08:00:00,2022-09-11 12:00:00,21592.575056601498,21620.7927824922,0.8380811423859449,21510.719588315784,21756.285993172925,max_holding,48,18.096329970490842,18.119978714440855,23.64874395001395,-12.567564734917745,68.60152437142756,-0.18319658127235608,37.90908127962635,False
2022-09-11 15:40:00,2022-09-11 16:05:00,21682.9473739296,21617.550469256978,1.0846687596211129,21619.71244050103,21809.417240786745,stop_loss,6,23.518815633010085,23.447881653535774,-70.93397947431453,-117.90067676086039,68.58895680669265,-1.718945472419783,29.16343997799952,False
2022-09-11 16:10:00,2022-09-11 18:40:00,21641.6776223671,21621.5036483985,0.9147715042937605,21566.827175224244,21791.378516652814,signal,30,19.797189994053365,19.778735417538527,-18.454576514841023,-58.03050192643292,68.47105612993178,-0.8475187211412849,34.58624994279439,False
2022-09-11 21:50:00,2022-09-11 21:55:00,21639.7692285468,21535.30521493643,0.6686819139116877,21537.458960832515,21844.38976397537,stop_loss,2,14.470122304351921,14.400269107796042,-69.85319655587872,-98.72358796802669,68.41302562800534,-1.4430525044285354,47.27881643918792,False
2022-09-11 23:05:00,2022-09-12 01:25:00,21635.3254252109,21693.746423398497,0.6583554958248836,21531.560358353756,21842.855558925185,signal,28,14.243735397647434,14.282197182875814,38.461785228380336,9.935852647857088,68.31430204003732,0.14544322859412265,47.960945730092995,False
2022-09-12 01:40:00,2022-09-12 01:45:00,21875.8162688906,22142.28373792897,0.5085882830025037,21741.475309462032,22144.498187747744,take_profit,2,11.125783835473309,11.261306068027555,135.52223255424693,113.13514265074606,68.32423789268516,1.6558566350706179,61.41071847436136,False
2022-09-12 01:50:00,2022-09-12 02:10:00,22205.6969096562,21974.797759538862,0.29924328360987523,21976.99545908477,22663.099810799056,stop_loss,5,6.64490565809118,6.575810638227338,-69.09501986384139,-82.3157361601599,68.43737303533591,-1.202789243790206,102.99224181159445,False
2022-09-12 02:15:00,2022-09-12 03:00:00,21879.7229095156,21757.292803125,0.23171819552655956,21584.730722372744,22469.707283801315,signal,9,5.069929911214081,5.041560627883126,-28.369283330954232,-38.48077387005144,68.35505729917575,-0.5629543063891991,134.82446206599923,False
2022-09-12 05:40:00,2022-09-12 07:25:00,21752.6262161171,21896.61713884372,0.934686017903676,21679.535814402814,21898.807019545675,take_profit,22,20.3318755768896,20.46646187906722,134.58630217762192,93.78796472166509,68.3165765253057,1.372843451646385,33.600725258695924,False
2022-09-12 07:30:00,2022-09-12 07:55:00,21976.2696722265,22164.632227906648,0.7179204228635708,21880.980051940787,22166.848912797926,take_profit,6,15.777212816048715,15.912442141674273,135.22932562555545,103.53967066783245,68.41036449002736,1.5135085368961325,43.36023433774041,False
2022-09-12 08:00:00,2022-09-12 10:10:00,22184.1303002109,22058.647987375054,0.5557754774771472,22060.85407278233,22430.682755068043,stop_loss,27,12.329395610014963,12.259655617683682,-69.73999233127992,-94.32904355897855,68.51390416069519,-1.3767868685126383,55.56955614680941,False
2022-09-12 11:40:00,2022-09-12 14:20:00,22254.6373502109,22425.53073343125,0.7903556933608916,22168.06926992519,22427.77351078233,take_profit,33,17.589079333421136,17.724145891807037,135.0665583859063,99.75333316067811,68.4195751171362,1.4579648147463302,38.89889505878326,False
2022-09-12 14:25:00,2022-09-12 14:55:00,22437.3157722265,22324.255556834505,0.6182516730270018,22326.48820565507,22658.97090536936,stop_loss,7,13.871908014414169,13.802008347095274,-69.8996673188932,-97.57358368040263,68.51932845029688,-1.4240300640304928,49.39430709827308,False
2022-09-12 17:50:00,2022-09-12 19:10:00,22245.517297296803,22404.38824069216,0.8493708981496867,22164.961494153948,22406.628903582518,take_profit,17,18.89469500660938,19.02963536249098,134.94035588160108,97.01602551250072,68.42175486661648,1.4179119740735502,36.212150999358556,False
2022-09-12 19:15:00,2022-09-12 21:10:00,22418.7084426796,22342.691026127733,0.928653503785371,22344.9255186796,22566.2742906796,stop_loss,24,20.81921214563709,20.748618305407486,-70.59384022960205,-112.16167068064664,68.51877089212898,-1.6369480832810894,32.91131787928291,False
2022-09-13 03:30:00,2022-09-13 04:10:00,22206.788815835902,22210.4838074922,0.9767622890447226,22136.754775835903,22346.856895835903,signal,8,21.69075387608862,21.694363004596827,3.609128508207716,-39.77598837247773,68.40660922144833,-0.5814641132659195,31.537220703452903,False
2022-09-13 04:30:00,2022-09-13 06:40:00,22306.931641117102,22461.027947403905,0.8745769673807273,22228.76032425996,22463.274274831387,take_profit,27,19.509128626257386,19.643897706494272,134.769080236884,95.61605390413234,68.36683323307585,1.3985736852569812,35.04350939644775,False
2022-09-13 06:45:00,2022-09-13 06:50:00,22402.3005520546,22313.334849359402,0.9385592343859733,22329.35635548317,22548.18894519746,stop_loss,2,21.02588605462083,20.94238647281262,-83.49958180821446,-125.4678543356479,68.46244928697999,-1.8326521420481672,32.56102934693403,False
2022-09-13 09:50:00,2022-09-13 11:05:00,22387.894815625,22542.81776439784,0.8695519468472039,22309.306087625002,22545.072271625002,take_profit,16,19.467437522737143,19.602151074453875,134.71355171673332,95.6439631195423,68.33698143264434,1.3995930331487179,35.1032237051382,False
2022-09-13 11:10:00,2022-09-13 12:30:00,22575.386218890602,22499.499883027656,0.9293345090128527,22501.75005803346,22722.658540604887,stop_loss,17,20.98008546750822,20.909561676828247,-70.52379067997536,-112.41343782431183,68.43262539576386,-1.6426877848715487,32.61789638643046,False
2022-09-14 03:20:00,2022-09-14 04:30:00,20391.3846375703,20322.5339493594,0.6524162305637041,20286.665887856012,20600.82213699887,signal,14,13.303670301218238,13.258750994743966,-44.919306474271934,-71.48172777023414,68.32021195793955,-1.0462749707837695,51.35440852866246,False
2022-09-14 05:10:00,2022-09-14 05:55:00,20391.8925003515,20345.861694351603,1.2587532513356618,20337.6731923515,20500.331116351495,signal,9,25.668360985704748,25.61041955899078,-57.94142671397142,-109.22020725866695,68.24873023016931,-1.6003258506102758,26.58865919338538,False
2022-09-14 09:00:00,2022-09-14 11:35:00,20383.2959377812,20314.6031015235,0.6543519619536861,20279.16312549549,20591.56156235263,signal,31,13.337849687969728,13.292900395792339,-44.94929217739051,-71.58004226115258,68.13951002291064,-1.050492471065394,51.08732788042295,False
2022-09-14 13:20:00,2022-09-14 13:35:00,20368.0795722968,20258.465911100775,0.632674419622328,20260.491960296804,20583.254796296795,stop_loss,4,12.88636292222427,12.817013162744399,-69.34975947987337,-95.05313556484204,68.0679299806495,-1.3964452215876693,52.821676986341245,False
2022-09-14 20:55:00,2022-09-14 21:45:00,19955.9446129218,20090.31149742028,0.9968442943524546,19887.75655463609,20092.32072949323,take_profit,11,19.8929695258047,20.026912387966924,133.9428621622237,94.02298024845206,67.97287684508466,1.3832426198870111,34.16929622141722,False
2022-09-14 21:50:00,2022-09-15 00:55:00,20161.7190953125,20181.6515540079,0.6216820552594,20052.23081388393,20380.69565816964,signal,37,12.534178964736567,12.546570616624697,12.391651888130989,-12.689097693230275,68.06689982533311,-0.18642097298087393,54.305032676516994,False
2022-09-15 05:35:00,2022-09-15 06:10:00,20159.435662992102,20070.356997997234,0.7815906072083425,20072.364234420675,20333.578520134957,stop_loss,8,15.756425560815513,15.686802512952866,-69.62304786264718,-101.06627593641556,68.05421072763987,-1.4850848295176542,43.19140179666331,False
2022-09-15 06:50:00,2022-09-15 08:25:00,20243.737061288997,20091.521792745843,0.4523999221856192,20093.53114586043,20544.148892146135,stop_loss,20,9.158265071273277,9.089402895628892,-68.86217564438591,-87.10984361128808,67.95314445170345,-1.281910415097861,74.19870895072913,False
2022-09-15 11:55:00,2022-09-15 12:35:00,20171.7767409765,20111.009858574715,1.1550568350797144,20113.021160690783,20289.28790154793,stop_loss,9,23.29954860036691,23.229359397502247,-70.1892028646676,-116.71811086253676,67.86603460809218,-1.7198310102623793,29.12761778012448,False
2022-09-15 17:20:00,2022-09-15 18:55:00,19892.1257316718,19783.1328168672,0.6850277103843518,19793.225620814654,20089.92595338609,stop_loss,20,13.626657344644784,13.551994177768071,-74.66316687671147,-101.84181839912432,67.74931649722964,-1.503215436915718,49.718221265653845,False
2022-09-15 20:30:00,2022-09-15 22:35:00,19825.3729640625,19805.696966226602,1.2771339130083441,19772.404771776786,19931.309348633928,signal,25,25.319656150442974,25.29452726633447,-25.128884108502657,-75.7430675252801,67.64747467883049,-1.1196732455259417,26.71737494256887,False
2022-09-16 01:10:00,2022-09-16 05:10:00,19775.621895453103,19827.6889078125,0.5550421147629562,19653.88026573882,20019.105154881676,max_holding,48,10.976302997604911,11.005202382254257,28.899384649347827,6.917879269488658,67.57173161130521,0.10237830383395488,61.561467122445265,False
2022-09-16 05:15:00,2022-09-16 05:35:00,19828.0861253515,19789.538892689907,1.8480228632881721,19791.518044494354,19901.222287065786,stop_loss,5,36.64275649489656,36.57152032762144,-71.23616727511192,-144.45044409762994,67.57864949057469,-2.137515993387478,18.442567086891174,False
2022-09-16 09:50:00,2022-09-16 13:00:00,19767.457016046803,19707.0622996797,1.0454010141105958,19702.95143576109,19896.468176618233,signal,38,20.66491961096294,20.60178291322585,-63.13669773709199,-104.40340026128078,67.43419904647706,-1.5482262967092375,32.63220971384886,False
2022-09-16 19:10:00,2022-09-16 23:10:00,19607.302330179602,19727.448932812502,0.6648097622895321,19506.02554475103,19809.855901036746,max_holding,48,13.035126001265692,13.115000635601964,79.87463433627305,53.724507699405386,67.32979564621577,0.7979306514117563,51.652585206831255,False
2022-09-17 04:55:00,2022-09-17 05:00:00,19943.427736359303,19907.58967943841,1.990821146542538,19909.58063750216,20011.121934073584,stop_loss,2,39.70379767208708,39.63245051051797,-71.34716156910893,-150.68340975171398,67.38352015391517,-2.2362056687974747,16.971555393878035,False
2022-09-17 08:30:00,2022-09-17 10:40:00,19880.4155767734,19838.8049830938,1.8372204510665866,19843.820710487686,19953.60530934483,stop_loss,27,36.52470607335082,36.448258239661634,-76.44783368918529,-149.42079800219776,67.23283674416346,-2.222437803283216,18.407495630257223,False
2022-09-17 13:20:00,2022-09-17 15:40:00,19868.982792609302,19951.662649664893,1.5844874966397067,19826.64518118073,19953.65801546644,take_profit,29,31.48215480583892,31.613160005567465,131.00519972854238,67.909884917136,67.08341594616127,1.0123200191778847,21.30839402826374,False
2022-09-17 15:45:00,2022-09-17 16:15:00,19979.827861007798,20076.929342141353,1.3550953363971927,19930.273173579226,20078.937235864938,take_profit,7,27.074571556470364,27.206153320711707,131.58176424134086,77.3010393641588,67.15132583107841,1.1511468821719524,24.80235954649128,False
2022-09-17 16:20:00,2022-09-17 16:30:00,20146.242937851497,20058.061150564343,0.7801336573298661,20060.06715728007,20318.594498994353,stop_loss,3,15.716762184562075,15.647968604335862,-68.79358022621197,-100.1583110151099,67.22862687044258,-1.4898164022913434,42.77511238063937,False
2022-09-17 16:35:00,2022-09-17 19:15:00,20067.4811564609,20020.2380099766,0.6210528799701424,19959.39298760376,20283.657494175182,signal,32,12.462966965966606,12.43362647378368,-29.340492182925423,-54.23708562267571,67.12846855942746,-0.8079595257660426,53.86234974604307,False
2022-09-17 21:05:00,2022-09-17 21:25:00,20084.4867628515,20041.6264959141,1.9656738291403264,20050.363995137213,20152.73229828007,stop_loss,5,39.4795500014525,39.395300696423696,-84.24930502881104,-163.12415572668723,67.07423147380479,-2.43199440593507,16.989613982767544,False
2022-09-17 22:35:00,2022-09-18 00:10:00,20112.2278176796,20033.8538352579,0.9117743123107797,20038.84221510817,20258.999022822456,stop_loss,20,18.33781268750255,18.266353303576953,-71.45938392560018,-108.06354991667968,66.9111073180781,-1.6150315582579364,36.488052560204665,False
2022-09-18 03:10:00,2022-09-18 03:45:00,20015.2942972968,19984.298457873752,2.3037748951149135,19986.297087582512,20073.288716725376,stop_loss,8,46.11073252044906,46.03932508373323,-71.40743671583316,-163.55749432001545,66.80304376816142,-2.448353923627168,14.487526030634145,False
2022-09-18 05:10:00,2022-09-18 06:10:00,20018.9059864296,20082.77139129982,2.023244520695938,19985.969045001028,20084.779869286747,take_profit,13,40.5031418473708,40.632357177836504,129.21533046569868,48.07983144049138,66.6394862738414,0.7214916279954066,16.452917782270067,False
2022-09-18 06:15:00,2022-09-18 06:25:00,20084.82078125,20057.379016754476,2.6217967564835423,20059.38495525,20135.692433250002,stop_loss,3,52.658317978834496,52.58637124968794,-71.94672914655187,-177.1914183750743,66.68756610528189,-2.6570383164882085,12.664203617762023,False
2022-09-18 06:30:00,2022-09-18 09:30:00,20054.874426913997,20047.5282496797,2.16348866596749,20024.13223919971,20116.35880234257,signal,36,43.3884935200297,43.37260014884511,-15.893371184588215,-102.65446485346303,66.51037468690681,-1.5434353713492388,15.329035255903324,False
2022-09-18 13:00:00,2022-09-18 14:05:00,20005.2679047578,19951.372456549896,1.2795294344107282,19953.367793329227,20109.06812761494,stop_loss,14,25.597329127409843,25.528368315047068,-68.9608123627702,-120.08650980522711,66.40772022205336,-1.808321523516893,25.943222393051702,False
2022-09-18 19:55:00,2022-09-18 21:10:00,19717.117998648402,19649.714772654337,1.0129828992212513,19651.679940648402,19847.994114648398,stop_loss,16,19.973103354558376,19.90482503927404,-68.27831528433316,-108.15624367816558,66.28763371224812,-1.631620222674826,33.188449754414144,False
2022-09-19 00:50:00,2022-09-19 01:30:00,19512.5897348671,19439.662872735185,0.9323324716680039,19441.60703343853,19654.55513772424,stop_loss,9,18.192221016152367,18.124228934529924,-67.99208162243855,-104.30853157312083,66.17947746856994,-1.5761461946063142,36.37789877872033,False
2022-09-19 10:30:00,2022-09-19 10:40:00,18537.0175784062,18642.44778946985,1.2316583107858525,18483.370257263345,18644.312220691918,take_profit,3,22.831271757627437,22.96112575329189,129.85399566444988,84.06159815353055,66.07516893699682,1.2722116266351726,28.94064318380448,False
2022-09-19 10:45:00,2022-09-19 12:55:00,18657.9378722265,18818.552480774073,0.8142842295009214,18576.6895462265,18820.434524226497,take_profit,27,15.192864564362015,15.32365050712977,130.7859427677533,100.26942769626153,66.15923053515034,1.515577295642646,43.54625176501633,False
2022-09-19 13:00:00,2022-09-19 13:45:00,18813.4827221562,18980.838913580326,0.7829571870605861,18728.855489584774,18982.737187299055,take_profit,10,14.730151510952359,14.861184243826965,131.03273287460624,101.44139711982692,66.25949996284662,1.530971365263965,44.9822256842236,False
2022-09-19 13:50:00,2022-09-19 17:25:00,19071.9734126406,19115.6644133829,0.43326389182525243,18918.808234069173,19378.30376978346,signal,43,8.263197425548407,8.282127158567757,18.929733019348618,2.3844084352324533,66.36094135996645,0.035930901315858896,80.30903528310924,False
2022-09-19 19:20:00,2022-09-20 00:05:00,19348.2842439609,19565.9455527657,0.4290200828806231,19193.598418246613,19657.655895389475,max_holding,57,8.30080250994196,8.3941835826853,93.3810727433401,76.68608665071284,66.36332576840168,1.1555491796528716,79.94808416284765,False
2022-09-20 05:45:00,2022-09-20 06:05:00,19399.6565676796,19344.6766668672,1.2570395553566116,19346.80221510817,19505.36527282246,stop_loss,5,24.386135665906934,24.317023755836164,-69.11191007077339,-117.81506949251649,66.44001185505239,-1.7732547933547262,27.24499394462851,False
2022-09-20 07:10:00,2022-09-20 07:40:00,19481.6178879921,19410.5276451029,0.9591201698078159,19412.4688919921,19619.9158799921,stop_loss,7,18.685212656861964,18.6170285710304,-68.18408583156882,-105.48632705946119,66.32219678555988,-1.5905131640999621,35.494483259843285,False
2022-09-20 15:25:00,2022-09-20 17:15:00,19115.616448507797,19002.67637053926,0.5963340858705977,19004.57682822208,19337.695689079228,stop_loss,23,11.399293660673859,11.331943642520335,-67.35001815352237,-90.08125545671656,66.21671045850043,-1.3604006425715243,58.08843287101184,False
2022-09-20 19:30:00,2022-09-20 21:20:00,19069.340336359302,18971.5870265625,0.5136627728900639,18940.60484550216,19326.811318073585,signal,22,9.795210234358663,9.744997998189257,-50.212236169406125,-69.75244440195405,66.1266292030437,-1.0548313930803455,67.50914745156902,False
2022-09-21 03:20:00,2022-09-21 05:35:00,18998.4016031953,19081.634989432358,1.5516919507470557,18955.830732909584,19083.543343766734,take_profit,28,29.479666844738105,29.608819420195566,129.15257545746346,70.06408919252979,66.05687675864175,1.0606630623565443,22.407606268600826,False
2022-09-21 05:40:00,2022-09-21 05:50:00,19077.8607203125,19018.1878340157,1.145752749070792,19020.145876598213,19193.290407741068,stop_loss,3,21.858511366687726,21.79014099316818,-68.37037351954454,-112.01902587940044,66.12694084783426,-1.6939998197885666,30.25226180251754,False
2022-09-21 09:50:00,2022-09-21 10:50:00,18981.401856390603,19091.587371861307,1.1778402469698237,18925.354423819175,19093.496721533462,take_profit,13,22.357059050364576,22.486839985119094,129.78093475451197,84.93703571902832,66.01492182195487,1.2866338908664803,29.52755175590877,False
2022-09-21 10:55:00,2022-09-21 13:05:00,19109.586548578103,19256.959766298332,0.8854689154156973,19034.936995435244,19258.885654863818,take_profit,27,16.920944875211852,17.051439278467903,130.49440325605272,96.52201910237295,66.09985885767388,1.4602454645206433,39.06392896209131,False
2022-09-21 13:10:00,2022-09-21 14:25:00,19251.8078002812,19378.504801710882,1.0292122260960124,19187.49027742406,19380.44284599548,take_profit,16,19.814195962499987,19.944594065381125,130.39810288113281,90.63931285325171,66.19638087677626,1.3692487663634612,33.40856273050817,False
2022-09-21 14:30:00,2022-09-21 14:45:00,19397.4415031953,19312.10496555838,0.7947594711571241,19314.0363691953,19564.251771195297,stop_loss,4,15.416300350880748,15.34847832935805,-67.82202152269726,-98.58680020293605,66.2870201896295,-1.487271564190176,42.998007745640784,False
2022-09-21 17:10:00,2022-09-21 17:45:00,19279.3398502109,19461.976047681193,0.7171687588940995,19187.04855535376,19463.922439925187,take_profit,8,13.826540232673306,13.957521207742213,130.98097506890716,103.19691362849163,66.18843338942658,1.5591381808558873,47.870567962488266,False
2022-09-21 17:50:00,2022-09-21 18:00:00,19515.312664132798,19363.50167859627,0.4423144436422964,19365.43822241851,19815.061547561374,stop_loss,3,8.63190466354136,8.564756471934981,-67.14819160637862,-84.34485274185496,66.29163030305506,-1.272330343306822,76.79838099122146,False
2022-09-21 19:20:00,2022-09-21 19:45:00,19455.8321066718,19083.983226918765,0.17896749053217847,19085.891816100375,20195.712687814656,stop_loss,6,3.4819614483464396,3.415412587479837,-66.54886086660285,-73.44623490242913,66.2072854503132,-1.1093376567681297,190.14364872349347,False
2022-09-22 00:15:00,2022-09-22 00:20:00,18527.1494046875,18429.177954581835,0.6879743654328887,18431.021056687503,18719.406100687498,stop_loss,2,12.746203854970204,12.678802008753221,-67.40184621698549,-92.82685208070892,66.13383921541077,-1.4036210990012814,51.88512593074745,False
2022-09-22 02:20:00,2022-09-22 02:55:00,18525.305470312498,18667.96527280119,0.9138930480870766,18453.042077455353,18669.83225602679,take_profit,8,16.930147883008082,17.060523684743973,130.37580173589072,96.38513016813866,66.04101236333007,1.4594738438876123,39.00793591390423,False
2022-09-22 03:00:00,2022-09-22 07:00:00,18712.5097348671,18776.178834336,0.7034598727624897,18618.492435438526,18900.544333724254,max_holding,48,13.16349971715646,13.208288373767754,44.78865661129322,18.416868520369004,66.1373974934982,0.2784637620822549,50.24301964871771,False
2022-09-22 07:10:00,2022-09-22 08:20:00,18760.6864270546,18952.453938402978,0.6832056997048835,18663.854953911745,18954.349373340312,take_profit,15,12.81740789733975,12.948424554111181,131.016656771433,105.25082431998206,66.15581436201856,1.5909534987208738,51.614035296285756,False
2022-09-22 08:25:00,2022-09-22 08:35:00,18981.5366348671,19132.52386085093,0.8667204049551498,18905.08630000996,19134.437304581388,take_profit,3,16.451685118843027,16.582548828490786,130.8637096477601,97.82947570042627,66.26106518633854,1.4764247363864653,40.27615694543417,False
2022-09-22 08:40:00,2022-09-22 11:25:00,19140.445103125,19091.2977102969,0.6662211158198946,19040.84019255357,19339.654924267856,signal,33,12.751768693893375,12.719025663003801,-32.74303088957381,-58.21382524647099,66.35889466203896,-0.8772573072976845,52.038972988756626,False
2022-09-22 12:15:00,2022-09-22 13:25:00,19240.060531671803,19142.390520605266,0.6923949543320644,19144.304951100377,19431.571692814658,stop_loss,15,13.321720833173053,13.254094610321026,-67.6262228520271,-94.20203829552119,66.3006808367925,-1.42083063260559,49.76885619138182,False
2022-09-22 17:25:00,2022-09-22 19:10:00,19015.7197408359,19227.264456384106,0.6202952407284521,18908.98592369304,19229.18737512162,take_profit,22,11.795360454266584,11.92658063452239,131.220180255807,107.49823916701803,66.20647879849697,1.6236815658811092,56.12925442609001,False
2022-09-22 19:15:00,2022-09-22 21:45:00,19261.4962690312,19214.7111487188,0.5589930097269441,19142.865130745486,19498.758545602628,signal,30,10.767041771270055,10.74088921605619,-26.152555213864176,-47.66048620119042,66.31397703766399,-0.7187095138951017,61.58978338378059,False
2022-09-22 22:45:00,2022-09-23 01:10:00,19383.379550140602,19321.1223815313,0.7658622478325086,19296.854438426315,19556.429773569173,signal,29,14.84499863286136,14.797318217766552,-47.680415094808545,-77.32273194543646,66.2663165514628,-1.1668481963289328,44.63881620357551,False
2022-09-23 03:30:00,2022-09-23 06:20:00,19411.1733442421,19395.9176352579,1.0788673466982786,19349.82289738496,19533.87423795638,signal,34,20.942081082202826,20.92562219592904,-16.458886273782305,-58.32658955191417,66.18899381951736,-0.8812128147915012,31.605738493566747,False
2022-09-23 17:15:00,2022-09-23 17:45:00,18805.1576707343,18692.2614459141,0.6041639547491985,18695.69952330573,19024.07396559144,stop_loss,7,11.36139842803306,11.293190598369435,-68.20782966362701,-90.8624186900295,66.13066722996545,-1.373983092807167,58.2064502436557,False
2022-09-23 17:50:00,2022-09-23 18:20:00,18723.2139301796,18711.888389023497,0.6297169192028539,18618.341720465316,18932.958349608172,signal,6,11.790324593688656,11.783192708803531,-7.1318848851269445,-30.70540218761913,66.03980481127542,-0.46495295186542696,56.0118631904557,False
2022-09-23 20:00:00,2022-09-23 22:25:00,18808.589654898402,19034.752952093768,0.578857179331451,18694.55617346983,19036.656617755543,take_profit,30,10.887487154837197,11.018403403120008,130.91624828281016,109.01035772485295,66.00909940908781,1.6514444023734847,60.628406233995555,False
2022-09-23 22:30:00,2022-09-23 22:55:00,19120.728287640603,19287.881896838517,0.7820806347370046,19036.186992497747,19289.81087792631,take_profit,6,14.953951315831763,15.084678916611848,130.72760078008594,100.68897054764233,66.11810976681267,1.5228652316703428,44.21447440236974,False
2022-09-23 23:00:00,2022-09-24 00:20:00,19301.679975,19185.921904645416,0.5816866997142456,19187.84068871429,19529.35854757142,stop_loss,17,11.227530523598293,11.160195593688444,-67.33492990984668,-89.72265602713341,66.21879873736032,-1.354942368903354,58.97895231563171,False
2022-09-24 04:55:00,2022-09-24 06:20:00,19143.1680313906,19093.365862461,1.132031337600016,19084.75173681917,19260.00062053346,signal,17,21.670666112476965,21.614288496568207,-56.37761590875722,-99.6625705178024,66.12907608133317,-1.5070915310418955,30.515479191135295,False
2022-09-24 09:25:00,2022-09-24 09:30:00,19066.7248408359,19012.634212983532,1.2651936807685518,19014.535666550186,19171.103189407328,stop_loss,2,24.123099781578354,24.05466466103073,-68.43512054762058,-116.61288499022967,66.02941351081537,-1.7660748262004313,27.371861041357068,False
2022-09-24 11:35:00,2022-09-24 13:05:00,19075.1241176796,19169.817435647266,1.3645060624612377,19026.81887196531,19171.734609108178,take_profit,19,26.028122500774383,26.157332107215833,129.2096064414514,77.02415183346118,65.91280062582514,1.1685765299325261,25.323686187455177,False
2022-09-24 13:10:00,2022-09-24 13:50:00,19193.9094330234,19128.288823410472,1.035823602329948,19130.20184359483,19321.324611880544,stop_loss,9,19.88150441170907,19.81353303547272,-67.9713762363504,-107.66641368353218,65.98982477765861,-1.631560836027307,33.19156509041357,False
2022-09-24 16:35:00,2022-09-24 18:20:00,19122.3651703125,19086.8547946329,1.1909096517049305,19067.044300026784,19233.006910883934,signal,21,22.773009244751353,22.73071959561885,-42.289649132501204,-87.79337797287141,65.88215836397508,-1.332581994169723,28.92993089139477,False
2022-09-24 19:30:00,2022-09-24 21:20:00,19102.9530722968,19046.007317789103,2.21639792008993,19073.26780486823,19162.323607153943,stop_loss,23,42.339745457014175,42.21353100516536,-126.21445184881459,-210.76772831099413,65.7943649860022,-3.203431302298231,15.539622233393102,False
2022-09-25 00:35:00,2022-09-25 03:00:00,18961.673320734302,18952.6787605782,1.3543896261434645,18913.25032930573,19058.519303591445,signal,29,25.681493639923836,25.66931150095669,-12.182138967146827,-63.53294410802735,65.58359725769121,-0.9687322251994439,25.537298638945405,False
2022-09-25 03:20:00,2022-09-25 05:25:00,19003.3239703828,18970.776033052764,2.1376388938181496,18972.6733003828,19064.6253103828,stop_loss,26,40.622244430917014,40.552668694166776,-69.57573675024233,-150.75064987532613,65.52006431358318,-2.3008318360895372,16.129109858764174,False
2022-09-25 06:45:00,2022-09-25 07:20:00,19026.5958283359,19095.89028890044,1.836107319988347,18990.993708050184,19097.80006890733,take_profit,8,34.93487187486729,35.062103941144485,127.23206627719371,57.23509046118194,65.36931366370786,0.8755651123343227,18.711765681538274,False
2022-09-25 07:25:00,2022-09-25 09:45:00,19102.7596939609,19052.19078005622,1.344468502926499,19054.096189675187,19200.086702532328,stop_loss,29,25.683058727504278,25.615070415532234,-67.98831197204524,-119.28644111508174,65.42654875416903,-1.823211576745147,25.47459375783111,False
2022-09-25 11:20:00,2022-09-25 13:10:00,19099.872686289,19061.99698795117,1.8156385525419185,19063.903378289,19171.811302289003,stop_loss,23,34.67846519786868,34.60969661976207,-68.76857810661168,-138.05673992424244,65.30726231305395,-2.1139569327291636,18.832223958131717,False
2022-09-25 16:00:00,2022-09-25 16:15:00,19001.6460676093,19073.697212846255,1.762313305613787,18964.66671475216,19075.604773323586,take_profit,4,33.48685369351177,33.613830385447564,126.97669193579502,59.87600785683568,65.16920557312972,0.9187776240366431,19.4611312754523,False
2022-09-25 16:20:00,2022-09-25 16:50:00,19087.4808222265,19030.881672874217,1.192577804480959,19032.784951369355,19196.872563940782,stop_loss,7,22.763305972043288,22.695807082773253,-67.4988892700338,-112.95800232485034,65.22908158098656,-1.7317122913129617,28.655363883039456,False
2022-09-25 16:55:00,2022-09-25 17:00:00,19035.3838160468,18979.222868805853,1.2000132946837516,18981.120980903943,19143.90948633251,stop_loss,2,22.842713648664084,22.775319765332917,-67.39388333116949,-113.0119167451665,65.1161235786617,-1.735544294319757,28.506299461697232,False
2022-09-26 00:35:00,2022-09-26 01:00:00,18862.686861078102,18779.434287264823,0.7988148318786744,18781.312418506674,19025.43574622096,stop_loss,6,15.067794033712186,15.001290642958065,-66.50339075412141,-96.57247543079167,65.00311166191652,-1.4856592701756883,43.14043018936993,False
2022-09-26 02:05:00,2022-09-26 05:05:00,18899.309662992102,18827.5565090547,0.7224783834880544,18809.470934706387,19078.98711956353,signal,36,13.6543426943587,13.602502591691835,-51.840102666864524,-79.09694795291506,64.90653918648574,-1.2186283376726996,47.53545493867084,False
2022-09-26 07:45:00,2022-09-26 08:30:00,18916.3191767734,19070.416408409325,0.83109727217208,18838.3169447734,19072.3236407734,take_profit,10,15.721301267352779,15.849371056214665,128.069788861887,96.49911653831956,64.82744223853283,1.4885535076835312,41.235417562511195,False
2022-09-26 08:35:00,2022-09-26 11:15:00,19118.6147953125,19032.7215375,0.6895095426710482,19024.455197312498,19306.9339913125,signal,32,13.182467344019859,13.123243123107038,-59.224220912822375,-85.52993137994926,64.92394135507114,-1.3173866157044178,49.250219750799126,False
2022-09-26 13:20:00,2022-09-26 15:40:00,19081.0543986484,19061.3827330938,0.5916461695455304,18971.464554648403,19300.234086648397,signal,28,11.28923274585022,11.27759408027626,-11.63866557396021,-34.20549240008669,64.8384114236912,-0.5275498219191164,57.43385124868205,False
2022-09-26 18:05:00,2022-09-26 20:50:00,19163.414195804602,19125.348991828203,1.0705415652299526,19102.880155804603,19284.482275804603,signal,33,20.51523142832655,20.47448104528086,-40.75038304569166,-81.74009551929908,64.80420593129111,-1.2613393582195005,31.588337746856823,False
2022-09-27 03:20:00,2022-09-27 05:15:00,20162.416430039,20009.262959344713,0.42819359594867296,20011.264085753286,20464.721118610425,stop_loss,24,8.633417594193004,8.567838258844398,-65.57933534860668,-82.78059120164409,64.72246583577181,-1.2790086121207642,74.96737546821011,False
2022-09-27 05:50:00,2022-09-27 06:25:00,20114.890193890602,20256.64892412573,0.899118351647309,20042.99789503346,20258.674791604888,take_profit,8,18.085666914697537,18.21312479055816,127.45787586062346,91.15908415536776,64.63968524457016,1.41026497592708,35.74083585053749,False
2022-09-27 06:30:00,2022-09-27 08:40:00,20261.1489583046,20157.4606143438,0.6724074000732952,20164.881659161743,20453.683556590313,stop_loss,27,13.62374649355135,13.554025683770764,-69.72080978058649,-96.8985819579086,64.73084432872552,-1.4969460535046357,47.513247812828254,False
2022-09-27 10:25:00,2022-09-27 12:50:00,20226.0067734375,20329.609768572787,1.2237087394392145,20173.188693723216,20331.642932866074,take_profit,30,24.750741252612222,24.87752114319135,126.77989057912866,77.15162818332509,64.63394574676762,1.1936704047993771,26.113943452075837,False
2022-09-27 12:55:00,2022-09-27 13:05:00,20331.036806390603,20245.099147433193,0.7711694085234794,20247.123859819174,20498.86269953346,stop_loss,3,15.67867362865333,15.612401135025252,-66.27249362807792,-97.5635683917565,64.71109737495094,-1.5076790898236636,41.27332382038307,False
2022-09-27 19:40:00,2022-09-27 21:10:00,19032.8562203125,19027.874365265703,0.6490182549018116,18933.30041688393,19231.967827169647,signal,18,12.352671129904309,12.349437815035664,-3.2333148686460604,-27.935423813586034,64.61353380655919,-0.43234632387108646,52.30733752001032,False
2022-09-28 04:55:00,2022-09-28 05:10:00,18771.9785721562,18714.451806098066,1.1604607530781057,18716.323438441912,18883.288839584773,stop_loss,4,21.784144390610447,21.717386836348478,-66.75755426197013,-110.25908548892906,64.5855983827456,-1.70717757905585,29.64798489427188,False
2022-09-28 06:05:00,2022-09-28 06:20:00,18859.626008023402,18794.743555415913,1.023372758648691,18796.623217737688,18985.631588594828,stop_loss,4,19.300427494913507,19.23402856040069,-66.39893451281952,-104.93339056813372,64.47533929725668,-1.6274965236607675,33.406171606431364,False
2022-09-28 06:25:00,2022-09-28 06:55:00,18795.4574828125,18732.924404738333,1.061174286112082,18734.797884526786,18916.776679383926,stop_loss,7,19.94525617647355,19.878897681989802,-66.35849448374617,-106.18264834220952,64.37040590668856,-1.6495569174463813,32.27354180720765,False
2022-09-28 08:25:00,2022-09-28 09:05:00,18753.838086288997,18742.0709174688,1.1073326529585692,18695.802930288995,18869.908398288997,signal,8,20.766737281245852,20.75370711097837,-13.03017026747829,-54.55061465970252,64.26422325834635,-0.8488488912470864,30.94574866913854,False
2022-09-28 10:30:00,2022-09-28 14:30:00,18930.7757002812,19193.0004290079,0.4092741118846303,18773.88898113834,19244.549138566916,max_holding,48,7.747876412019728,7.855198204983537,107.32179296380902,91.71871834680576,64.20967264368666,1.4284252600970688,82.87389889708938,False
2022-09-28 14:35:00,2022-09-28 16:00:00,19295.4020032656,19534.565539346473,0.5333621538588318,19174.8434092656,19536.5191912656,take_profit,18,10.291437172033758,10.418997950762346,127.56077872858847,106.85034360579238,64.30139136203346,1.661711221833402,62.48047798102277,False
2022-09-28 16:05:00,2022-09-28 17:45:00,19570.5818625,19456.725839043662,0.5755352672477612,19458.67170621428,19794.40217507143,stop_loss,21,11.263560062428125,11.198031905540414,-65.52815688771052,-87.98974885567907,64.40824170563924,-1.3661256156908124,57.182845697681245,False
2022-09-28 19:10:00,2022-09-28 22:55:00,19558.5415955937,19483.8092362188,0.5413109956299912,19439.718493022272,19796.187800736556,signal,45,10.587253624181422,10.546800176322417,-40.453447859004775,-61.58750165950862,64.32025195678357,-0.9575133769825549,60.752537192341634,False
2022-09-29 01:50:00,2022-09-29 02:05:00,19567.0033796875,19486.6273133829,0.8939294923864095,19495.1200096875,19710.770119687502,stop_loss,4,17.49152139872721,17.419670862575522,-71.85053615168547,-106.76172841298819,64.25866445512406,-1.6614370889632595,36.73703561303703,False
2022-09-29 04:15:00,2022-09-29 05:45:00,19520.8854863593,19464.49799418115,1.1783781006385152,19466.444638645014,19629.76718178787,stop_loss,19,23.002983962198034,22.936538176265376,-66.44578593265734,-112.38530807112075,64.15190272671107,-1.7518624279919701,27.88851343466358,False
2022-09-29 09:20:00,2022-09-29 12:15:00,19421.686114414,19358.88954042313,1.0522346421372468,19360.825622985427,19543.407097271138,stop_loss,36,20.43617093830235,20.370094207741623,-66.0767305607268,-106.88299570677077,64.03951741863996,-1.669016257696851,31.336358269843174,False
2022-09-29 15:30:00,2022-09-29 16:50:00,19279.0312253515,19537.11191648348,0.491724062758598,19149.013926494357,19539.065823065786,take_profit,17,9.47996356017971,9.606868046142676,126.90448596296478,107.8176543566424,63.93263442293319,1.686425959602992,67.43974701704573,False
2022-09-29 16:55:00,2022-09-29 17:50:00,19553.9844989296,19394.80375315828,0.4072756023313031,19396.74342750103,19868.46664178674,stop_loss,12,7.963860814778517,7.899030380664957,-64.83043411355976,-80.69332530900323,64.04045207728983,-1.2600367844314277,80.41382636729426,False
2022-09-29 19:45:00,2022-09-30 00:05:00,19412.25353125,19547.1739931094,0.6575782416248467,19314.987906107144,19606.784781535713,max_holding,52,12.765075543055097,12.853796303123815,88.72076006871727,63.10188822253836,63.95975875198083,0.9865873395056247,50.105272417896856,False
2022-09-30 04:50:00,2022-09-30 07:25:00,19451.9821127109,19530.14720495512,1.598208120084408,19411.92296156804,19532.100414996617,take_profit,32,31.08831576427122,31.21323984940308,124.92408513185988,62.62252951818559,64.02286064020336,0.9781276389712203,20.593865915947347,False
2022-09-30 07:30:00,2022-09-30 10:05:00,19556.3187173281,19535.7239662266,1.1644817089662403,19501.2852353281,19666.385681328095,signal,31,22.7729754410427,22.748993230084288,-23.982210958409254,-69.50417962953625,64.08548316972156,-1.0845541952998001,28.14102326489283,False
2022-09-30 14:20:00,2022-09-30 14:40:00,19523.202125,19750.063973653672,0.5594896304662778,19408.783598714283,19752.03917757143,take_profit,5,10.923029142434698,11.04995599430484,126.92685187013986,104.95386673340032,64.01597899009202,1.6394948322143819,58.60643430987233,False
2022-09-30 14:45:00,2022-09-30 15:10:00,19767.0429126406,20106.24302325574,0.3758433631026693,19596.4374446406,20108.253848640605,take_profit,6,7.429311886881627,7.556797997220019,127.48611033839171,112.50000045429007,64.12093285682542,1.7544972513966615,86.30803745101551,False
2022-09-30 15:15:00,2022-09-30 15:50:00,20110.3956034765,19884.402500648237,0.2867506825185793,19886.391139762214,20558.404530905074,stop_loss,8,5.766669665015524,5.701865988535027,-64.8036764804958,-76.27221213404636,64.23343285727971,-1.1874223241892679,111.38739790656415,False
2022-09-30 23:35:00,2022-10-01 00:40:00,19451.8024067421,19404.56320721348,1.4163182234117895,19406.50385759924,19542.399505027817,stop_loss,14,27.54994222687414,27.48303648772237,-66.90573915176982,-121.93871786636633,64.15716064514567,-1.900625224685541,23.287584459092724,False
2022-10-01 08:30:00,2022-10-01 11:25:00,19341.9164192421,19314.79278279658,2.5418908159476903,19316.724455242103,19392.3003472421,stop_loss,36,49.165039708899336,49.096094386523355,-68.94532237597565,-167.20645647139835,64.03522192727931,-2.6111638476287937,13.024543925200641,False
2022-10-01 13:35:00,2022-10-01 16:20:00,19347.7607536171,19304.49640548371,1.545180012500342,19306.42704818853,19430.428164474248,stop_loss,34,29.895773203127703,29.828921997138128,-66.85120598957185,-126.57590118983768,63.868015470807904,-1.98183551276447,21.363560339066936,False
2022-10-01 19:20:00,2022-10-01 19:40:00,19311.1594378515,19270.7133609375,2.3808211985358163,19284.386558137216,19364.705197280073,stop_loss,5,45.976417757941846,45.8801228806274,-96.29487731445819,-188.15141795302745,63.741439569618066,-2.951791161659119,13.863942142079464,False
2022-10-01 21:50:00,2022-10-02 00:45:00,19302.0081328125,19275.606607090736,2.596791675992022,19277.534360526788,19350.95567738393,stop_loss,36,50.12329404921782,50.054734786990046,-68.55926222776915,-168.737291063977,63.55328815166504,-2.655052098347743,12.679391759300547,False
2022-10-02 02:20:00,2022-10-02 04:10:00,19316.394336289,19306.969499961,2.5364578114052083,19291.404939431857,19366.37313000328,signal,22,48.99521930246356,48.971313602738185,-23.905699725367352,-121.8722326305691,63.38455086060107,-1.9227434915267838,12.936884815089297,False
2022-10-02 05:10:00,2022-10-02 05:30:00,19326.920779828102,19352.3257559956,3.2700231903875894,19313.250578685245,19354.261182113813,take_profit,5,63.19947914882169,63.28255401004065,83.07486121896186,-43.40717193990048,44.70187475440521,-0.9710369459532088,7.073139740462346,True
2022-10-02 05:35:00,2022-10-02 05:45:00,19372.2456238593,19346.1257399454,2.641691327724762,19348.314261859305,19420.108347859295,stop_loss,3,51.175493263103085,51.10649259228656,-69.00067081652631,-171.28265667191596,63.21927145603059,-2.709342463572111,12.353426889509032,False
2022-10-02 05:50:00,2022-10-02 06:55:00,19350.0559051093,19318.154030219706,2.1037127159094817,19320.08603882359,19409.995637680728,stop_loss,14,40.70695866113779,40.6398462812712,-67.11237986659268,-148.45918480900167,63.0479887993587,-2.354701357428736,15.488258242085152,False
2022-10-02 12:15:00,2022-10-02 13:00:00,19226.3325970156,19164.455022992443,1.049008453026796,19166.371660158457,19346.254470729888,stop_loss,10,20.168585414973997,20.103675316770914,-64.91009820308366,-105.18235893482857,62.899529614549685,-1.6722280687850832,31.186882133959905,False
2022-10-02 16:25:00,2022-10-02 18:15:00,19219.9823520546,19176.79160139308,1.5214433228383692,19178.709472340313,19302.528111483178,stop_loss,23,29.242113814604767,29.17640153540242,-65.71227920234759,-124.13079455235477,62.794347255614866,-1.9767829426916352,21.473942565756882,False
2022-10-02 19:05:00,2022-10-02 19:10:00,19235.0541720859,19302.90159002144,1.7962769138828127,19200.165221514468,19304.83207322876,take_profit,2,34.55148374660318,34.67335649710735,121.87275050416892,52.64791026045839,62.670216461062516,0.8400786407554366,18.138212795919,False
2022-10-02 19:15:00,2022-10-02 19:30:00,19314.4058564609,19256.598308044853,1.1224223468686876,19258.5241604609,19426.169248460905,stop_loss,4,21.678920749783167,21.6140362656233,-64.884484159865,-108.17744117527147,62.72286437132297,-1.7246891107340823,28.93265079718063,False
2022-10-02 19:35:00,2022-10-02 21:15:00,19250.8155140625,19186.78782682132,1.008144904164093,19188.70669749107,19375.03314720536,stop_loss,21,19.407611561505174,19.34306237488757,-64.54918661760568,-103.29986055399843,62.6146869301477,-1.649770455120836,32.26295349724712,False
2022-10-03 01:20:00,2022-10-03 04:25:00,19181.7597801796,19133.4341212344,0.8616622857834291,19109.212347036744,19326.854646465315,signal,37,16.5281989775382,16.486558579789488,-41.640397748710924,-74.65515530603861,62.511387069593695,-1.194264898056498,37.821051860851014,False
2022-10-03 06:05:00,2022-10-03 06:35:00,19267.8777661171,19201.241489936492,0.9647810511393149,19203.161806117103,19397.309686117096,stop_loss,7,18.58928336441829,18.524993947840755,-64.28941657753721,-101.40369388979626,62.43673191428766,-1.624103164608326,33.58748731207018,False
2022-10-03 06:40:00,2022-10-03 08:45:00,19204.572608234303,19202.2651274454,0.8177758288983596,19128.347161091446,19357.023502520016,signal,25,15.70503528333754,15.70314828132273,-1.8870020148117557,-33.295185579472026,62.33532822039787,-0.5341302681803624,39.69130097181847,False
2022-10-03 11:05:00,2022-10-03 13:40:00,19234.9838520546,19192.152615138082,1.5228366335584522,19194.072022340315,19316.807511483166,stop_loss,32,29.29173805581402,29.22651307917692,-65.22497663709449,-123.74322777208543,62.302033034818386,-1.98618282172156,21.269490023468332,False
2022-10-03 14:35:00,2022-10-03 18:35:00,19416.5215360078,19581.410803086,0.44165723477637736,19275.7374960078,19698.089616007797,max_holding,48,8.575447210569184,8.648271748311247,72.82453774206165,55.600818783181225,62.1782898070463,0.8942159547283064,72.50734367580498,False
2022-10-03 18:40:00,2022-10-03 19:10:00,19592.0957316718,19543.828653348635,1.3437817139180455,19545.7832316718,19684.7207316718,stop_loss,7,26.327499981552357,26.262639564317436,-64.86041723492063,-117.45055678079042,62.23389062582948,-1.887244322983784,23.638359384459857,False
2022-10-03 21:40:00,2022-10-04 00:10:00,19575.2600642734,19650.775817021433,1.603397440345621,19536.519550844827,19652.741091130545,take_profit,31,31.38692188115583,31.508003645817798,121.08176466196933,58.18683913499571,62.11644006904869,0.9367381496801034,19.79054852981373,False
2022-10-04 03:45:00,2022-10-04 04:10:00,19599.6003890625,19568.328070266907,2.1208941239269103,19570.285098776785,19658.230969633925,stop_loss,6,41.56867729647824,41.5023520193031,-66.32527717514138,-149.3963064909227,62.17462690818369,-2.4028500679472278,14.957085707764683,False
2022-10-04 04:15:00,2022-10-04 05:20:00,19570.490056320297,19637.00607075209,1.8114868815620313,19536.250100606012,19638.969967748864,take_profit,14,35.4516860027644,35.57217889032138,120.49288755698274,49.46902266389695,62.02523060169276,0.7975628979370029,17.49570686055841,False
2022-10-04 05:25:00,2022-10-04 05:35:00,19650.240217538998,19610.22628125,1.709694642005333,19613.932740110427,19722.855172396143,stop_loss,3,33.595910414044134,33.527498801565294,-68.41161247884054,-135.53502169444997,62.074699624356654,-2.183418083609529,18.476861873761727,False
2022-10-04 05:45:00,2022-10-04 06:30:00,19617.0943252812,19699.12421642004,1.474742004316911,19575.094324995487,19701.094325852628,take_profit,10,28.930153004139097,29.051125930211093,120.97292607199354,62.99164713764335,61.9391646026622,1.0169921977755558,21.409898728776316,False
2022-10-04 06:35:00,2022-10-04 07:20:00,19761.4993893437,19877.106346203855,1.0545044729955104,19702.70195620084,19879.094255629418,take_profit,10,20.838589499160978,20.960497552279413,121.90805311843357,80.10896606699319,62.00215624979983,1.2920351631682456,29.753528304924966,False
2022-10-04 07:25:00,2022-10-04 11:25:00,19907.885120453102,19947.7726012422,0.6568659708707945,19813.37228531024,20096.91079073882,max_holding,48,13.07681228763067,13.10301301642479,26.20072879412038,0.02090349006492076,62.08226521586683,0.00033670630400223055,47.47507561501844,False
2022-10-04 13:15:00,2022-10-04 13:50:00,19991.0340595156,20085.977270051593,1.2806807546995749,19942.558054944173,20087.986068658458,take_profit,8,25.602132586565347,25.72372452908818,121.59194252283481,70.2660854071813,62.0822861193569,1.1318218093981034,24.24887298331328,False
2022-10-04 13:55:00,2022-10-04 16:20:00,20083.471036289,20019.1463221563,0.7011745743587426,19994.830411717572,20260.752285431856,signal,29,14.082019255516077,14.036916401463332,-45.102854052744455,-73.22178970972386,62.15255220476406,-1.1780978755062503,44.13610795228693,False
2022-10-04 18:35:00,2022-10-04 19:55:00,20052.8937598671,20163.415161268087,1.103260427431257,19996.624787581386,20165.43170443853,take_profit,17,22.123564140744563,22.24549802929452,121.93388854995453,77.56482637991544,62.07933041505435,1.2494468909591498,28.060275469233268,False
2022-10-04 20:00:00,2022-10-04 20:50:00,20207.3213110781,20365.86822514797,0.7741370197843903,20127.02945879238,20367.905015649536,take_profit,11,15.6432354975836,15.76597253313766,122.73703555406072,91.32782752333947,62.156895241434256,1.4693112834641657,39.73404047457803,False
2022-10-04 20:55:00,2022-10-05 00:20:00,20362.4891703125,20255.0499581745,0.5905146909026074,20257.07566574107,20573.31617945536,stop_loss,42,12.024348998414776,11.960904565268285,-63.444433146491086,-87.42968671017414,62.24822306895761,-1.4045330517036752,51.768476677751174,False
2022-10-05 06:15:00,2022-10-05 08:20:00,20193.3609301796,20147.780102671382,1.4268239053271674,20149.7950821796,20280.492626179595,stop_loss,26,28.812370104079896,28.74733428976658,-65.03581431331719,-122.59551870716366,62.16079338224744,-1.9722322067751443,21.574342255670707,False
2022-10-05 15:50:00,2022-10-05 16:15:00,19986.305070664,20120.463581938187,0.9111823769540323,19918.21969123543,20122.47582952114,take_profit,6,18.21116896081605,18.33341183200748,122.24287119142954,85.698290398606,62.03819786354027,1.3813794299297455,34.06601629858269,False
2022-10-05 16:20:00,2022-10-05 20:10:00,20149.758914414,20152.5958668672,0.6817812900913969,20058.638936414,20331.998870413998,signal,46,13.737728627699802,13.739662808803272,1.9341811034699992,-25.543210333033073,62.12389615393889,-0.4111656208705696,45.22137380751326,False
2022-10-05 23:00:00,2022-10-06 00:50:00,20183.5689360781,20329.572606358546,0.8389581509419372,20109.55052064953,20331.60576693524,take_profit,23,16.933169674021205,17.055660643270425,122.49096924921956,88.50213893192793,62.09835294360585,1.4251930161867654,36.672610113201,False
2022-10-06 00:55:00,2022-10-06 04:55:00,20345.692568820297,20386.9825818516,0.7219084665874694,20259.550269677442,20517.97716710601,max_holding,48,14.687727724017133,14.717535334009938,29.80760999280444,0.4023469347773698,62.186855082537775,0.0064699675557375125,42.339329984209094,False
2022-10-06 11:40:00,2022-10-06 13:05:00,20209.802028125,20157.0016762422,1.3421279431437916,20163.467207553567,20302.471669267863,stop_loss,18,27.124140027350634,27.053275199680904,-70.864827669732,-125.04224289676353,62.18725742947257,-2.0107373771640544,22.926904730165095,False
2022-10-06 17:20:00,2022-10-06 18:50:00,20103.6097689609,20038.1678578125,0.9699335404818574,20039.623719818046,20231.581867246616,signal,18,19.499165399673906,19.435691095097834,-63.474304576068825,-102.40916107084057,62.06221518657579,-1.6501048304990558,31.82813926364956,False
2022-10-07 03:20:00,2022-10-07 04:05:00,20020.513569171802,19989.1336987188,2.1824466401325586,19992.123502314662,20077.293702886087,signal,9,43.6937025727673,43.62521767992935,-68.48489283794869,-155.80381309064535,61.95980602550495,-2.5145949137818593,14.180488806668963,False
2022-10-07 08:20:00,2022-10-07 10:40:00,19968.264204757797,19955.0414052891,1.6208039163118708,19930.132508757797,20044.527596757798,signal,28,32.36464082502158,32.343209259858114,-21.431565163472587,-86.13941524835228,61.804002212414304,-1.3937514103423196,19.096149574640954,False
2022-10-07 11:25:00,2022-10-07 12:30:00,19985.611642328102,19956.915415768843,2.3115014027549177,19958.911306899532,20039.012313185245,stop_loss,14,46.19676934615642,46.13043797821092,-66.33136794550063,-158.65857526986798,61.71786279716596,-2.570707540397097,13.359778978202701,False
2022-10-07 20:00:00,2022-10-07 20:50:00,19467.745407882798,19542.30214336875,1.6091561885189865,19429.489827311372,19544.256569025652,take_profit,11,31.326642999606683,31.44661643190968,119.97343230299316,57.200172871476795,61.55920422189609,0.929189608515621,19.65075039245954,False
2022-10-07 20:55:00,2022-10-07 21:25:00,19542.942379828102,19612.939595433832,1.7125489899559272,19506.96302697096,19614.901085542388,take_profit,7,33.4682462333415,33.58811989422682,119.87366088532045,52.81729475775212,61.616404394767564,0.857195340697896,18.410407275354782,False
2022-10-07 21:30:00,2022-10-07 22:05:00,19618.2624110781,19566.7814071719,1.2458849744055136,19568.76408422096,19717.259064792383,stop_loss,8,24.442098361906687,24.377958952672643,-64.13940923404547,-112.9594665486248,61.669221689525315,-1.8316992407869366,25.230739511971507,False
2022-10-07 22:10:00,2022-10-07 23:40:00,19580.2214973671,19536.1243171875,1.439950147273188,19537.472613081387,19665.71926593853,signal,18,28.194542828775397,28.131045087681446,-63.4977410939479,-119.82332901040475,61.556262222976684,-1.9465660305423664,21.83268677091379,False
2022-10-08 00:55:00,2022-10-08 03:10:00,19581.2040176093,19551.73213125,1.482549156957216,19539.764286180725,19664.083480466445,signal,27,29.03009750851392,28.986403988238,-43.69352027592012,-101.71002177267204,61.43643889396628,-1.655532508129488,21.16301499708992,False
2022-10-08 07:25:00,2022-10-08 08:25:00,19517.9848063203,19495.456940223638,2.980579017514988,19497.406680891727,19559.141057177443,stop_loss,13,58.17489597789462,58.10774989289753,-67.14608499709641,-183.42873086788856,61.33472887219361,-2.990617782791681,10.543160901482256,False
2022-10-08 10:20:00,2022-10-08 10:40:00,19521.8816799687,19498.974556075278,2.9179371300631685,19500.92464854013,19563.79574282584,stop_loss,5,56.96362340268062,56.896781855329046,-66.84154735157607,-180.70195260958573,61.15130014132572,-2.9549977219121843,10.735149291512245,False
2022-10-08 11:40:00,2022-10-08 12:15:00,19538.441929828103,19514.19455635386,2.7346276293788883,19516.14617097096,19583.03344754239,stop_loss,8,53.430363136322896,53.36405559888037,-66.30753744252988,-173.10195617773314,60.97059818871612,-2.839105426552454,11.41122661531515,False
2022-10-08 16:35:00,2022-10-08 18:55:00,19503.407176703102,19480.5283143438,2.732060607327472,19481.153828417388,19547.913873274534,signal,28,53.28449045613846,53.221984017546134,-62.506438592318254,-169.01291306600285,60.79749623253839,-2.7799321277896363,11.409979848185719,False
2022-10-08 23:45:00,2022-10-09 01:40:00,19428.4133500703,19389.605891565694,1.6444608713075877,19391.5450460703,19502.149958070295,stop_loss,24,31.949265545780573,31.885448198754858,-63.81734702571606,-127.6520607702515,60.6284833194724,-2.1054800282172446,18.976487341343407,False
2022-10-09 05:25:00,2022-10-09 08:40:00,19397.918112851497,19398.278728125,2.2632713431969096,19371.186527422928,19451.38128370864,signal,39,43.90275218249707,43.9035683527115,0.816170214433987,-86.99015032077457,60.50083125870214,-1.4378339687400963,13.780646599832597,False
2022-10-09 10:25:00,2022-10-09 10:40:00,19425.3759363593,19453.538647939666,3.106940520404263,19410.3218063593,19455.484196359303,take_profit,4,60.35348762076062,60.440987490534106,87.49986977349121,-33.29460533780351,46.7722864964348,-0.7118447232709347,7.7497238917384275,True
2022-10-09 10:45:00,2022-10-09 13:55:00,19481.3092641328,19484.6431368204,2.3013854465532257,19455.07265670423,19533.782478989942,signal,38,44.83400162027775,44.84167414636166,7.6725260839017855,-82.00314968273763,60.38054650304356,-1.358105456673933,13.467579141036193,False
2022-10-09 15:05:00,2022-10-09 17:05:00,19516.5315360078,19502.8385830938,2.539661789946488,19492.78879057923,19564.017026864934,signal,24,49.565389414284645,49.53061394497742,-34.77546930722161,-133.87147266648367,60.298543353360834,-2.2201443885961156,12.165453366938124,False
2022-10-10 10:35:00,2022-10-10 12:55:00,19307.0906720156,19392.84650655994,1.3721297005391415,19263.243015444175,19394.785985158458,take_profit,29,26.49183254207482,26.60950066964763,117.66812757280866,64.56679436108621,60.16467188069435,1.0731678964213618,22.710649323764105,False
2022-10-10 13:00:00,2022-10-10 13:35:00,19398.795153546802,19358.38255940196,1.5653487499171732,19360.318591261086,19475.748278118233,stop_loss,8,30.365879743503804,30.30261993977827,-63.25980372553555,-123.92830340881763,60.229238675055434,-2.057610325732771,19.83451136071245,False
2022-10-10 18:05:00,2022-10-10 18:55:00,19311.3332832343,19240.231611937263,0.8688569093938898,19242.155827520015,19449.688194662875,stop_loss,11,16.77878535274631,16.717008174370427,-61.777178375884404,-95.27297190300115,60.105310371646624,-1.5851007392508882,35.82220590348557,False
2022-10-11 03:20:00,2022-10-11 06:05:00,19061.7790333046,19027.556332233926,1.8567602735383724,19029.459278161743,19126.418543590313,stop_loss,34,35.393154052006665,35.32961070020546,-63.54335180120622,-134.26611655341833,60.010037399743624,-2.2373943155381526,16.955266917315406,False
2022-10-11 06:45:00,2022-10-11 07:05:00,19096.7278408359,19052.200057453203,1.4983784473372204,19056.76746140733,19176.648599693046,stop_loss,5,28.614125411373166,28.547405940444833,-66.71947092833592,-123.88100228015392,59.87577128319021,-2.0689671235171683,20.925249478144654,False
2022-10-11 07:20:00,2022-10-11 09:50:00,19071.3600703125,19048.563703125,1.3660362750484434,19027.618998883932,19158.842213169642,signal,30,26.05216967055731,26.02102900603986,-31.140664517449657,-83.21386319404684,59.75189028091006,-1.3926565804501847,22.93547563849865,False
2022-10-11 11:30:00,2022-10-11 11:50:00,19111.8445863593,19084.140779992234,2.3131696250924416,19086.049384930728,19163.434989216443,stop_loss,5,44.20893837665375,44.14485477326602,-64.08360338773997,-152.43739653765974,59.668676417716014,-2.554730650810952,13.496971112345545,False
2022-10-11 12:05:00,2022-10-11 12:25:00,19145.5764752109,19219.906526054292,1.5610359492990662,19107.450358353755,19221.828708925183,take_profit,5,29.886933147858716,30.00296502933848,116.03188147976402,56.14198330256683,59.51623902117836,0.9433052932425581,19.913799360655535,False
2022-10-11 12:30:00,2022-10-11 12:55:00,19239.0311317421,19177.6996645509,1.0026740650087218,19179.61762631353,19357.85814259924,stop_loss,6,19.290477551693204,19.228982080171647,-61.49547152155079,-100.01493115341565,59.57238100448094,-1.6788808751137996,30.88175543858013,False
2022-10-11 13:00:00,2022-10-11 13:35:00,19156.5853879921,19076.467728435506,0.7604206805806275,19078.375565992104,19313.0050319921,stop_loss,8,14.567063698337858,14.506140573131304,-60.92312520655356,-89.99632947802272,59.47236607332751,-1.5132461581747083,40.82659848608576,False
2022-10-11 15:50:00,2022-10-11 18:10:00,19163.97870625,19098.11781146858,0.9285620244961112,19100.027814250003,19291.880490249994,stop_loss,29,17.794942864875868,17.733786939082503,-61.1559257933616,-96.68465559731997,59.38236974384948,-1.628171055051808,33.370362689424525,False
2022-10-11 21:20:00,2022-10-12 00:50:00,19045.6465612187,19104.46248619206,1.952545405396592,19015.28328007584,19106.37312350441,take_profit,43,37.187489685914976,37.30233044998587,114.84076407088804,40.35094393498719,59.28568508825215,0.6806186666295773,15.942373521035766,False
2022-10-12 04:25:00,2022-10-12 05:20:00,19110.842533164,19076.83198003574,1.8480088770218108,19078.73985402114,19175.047891449714,stop_loss,12,35.31700664865306,35.254154844559615,-62.851804093447605,-133.4229655866603,59.32603603218713,-2.2489782650280583,16.79814957773318,False
2022-10-12 05:55:00,2022-10-12 08:15:00,19119.2476705937,19100.273374640703,2.1614500872206555,19091.862068022274,19174.018875736558,signal,28,41.32529954519807,41.284287551555515,-41.01199364255727,-123.62158073931084,59.19261306660048,-2.0884629742602883,14.323577498055561,False
2022-10-12 08:45:00,2022-10-12 11:15:00,19127.643041046802,19142.329715586,2.1208926496135603,19099.79203618966,19183.345050761087,signal,30,40.56767753018813,40.59882639026558,31.148860077447942,-50.017643843005764,59.068991485861176,-0.8467665112409791,14.560604669050978,False
2022-10-12 14:45:00,2022-10-12 15:00:00,19087.6683409765,19096.9944055704,1.0811236349205926,19033.077938976498,19196.8491449765,signal,3,20.63612937895523,20.646212007808494,10.082628853262284,-31.19971253350144,59.018973842018156,-0.5286386818079344,28.59982739893356,False
2022-10-12 15:25:00,2022-10-12 17:05:00,19120.0426720859,19098.070469953203,1.8306304151181125,19087.8200160859,19184.4879840859,signal,20,35.00173165387664,34.961508672365404,-40.22298151123656,-110.1862218374786,58.987774129484656,-1.8679501551560111,16.852815944308123,False
2022-10-12 18:35:00,2022-10-12 22:35:00,19139.41375,19182.331575,1.389222052767499,19097.03205314286,19224.177143714285,max_holding,48,26.588895658541496,26.648518047488313,59.62238894681691,6.384975240787103,58.877587907647175,0.10844491881702589,22.14367556432648,False
2022-10-13 06:20:00,2022-10-13 06:45:00,19091.9148595859,19064.6753727969,2.2490319092513507,19065.732939871614,19144.278699014474,signal,5,42.93832572791871,42.87706325293862,-61.26247498009113,-147.07786396094846,58.88397288288797,-2.49775714443497,13.713616421844161,False
2022-10-13 15:25:00,2022-10-13 16:45:00,18778.346396875,19083.95231992726,0.38201056062457617,18624.589142303572,19085.86090601786,take_profit,17,7.173526634672709,7.290271324668093,116.74468999538445,102.28089203604364,58.73689501892702,1.7413397831649982,81.88008215516562,False
2022-10-13 16:50:00,2022-10-13 20:20:00,19131.6805547578,19443.90003315318,0.37457610762895543,18974.59852332923,19445.84461761494,take_profit,43,7.166270434601752,7.2832203915450355,116.94995694328352,102.50046611713674,58.839175910963064,1.7420445567124028,82.10571516651521,False
2022-10-13 20:35:00,2022-10-13 23:50:00,19411.8999798984,19379.263050882902,1.0108090843099167,19353.588596184116,19528.522747326973,signal,39,19.62172484339679,19.58873513906395,-32.98970433284331,-72.20016431530405,58.941676377080206,-1.2249424982995476,30.038988339455578,False
2022-10-14 01:10:00,2022-10-14 01:30:00,19426.9639861484,19525.30367136584,1.1739567472681731,19376.81778071983,19527.25639700554,take_profit,5,22.806415450474717,22.921861987459963,115.44653698524309,69.7182595473084,58.86947621276491,1.1842853721907434,25.812682550049544,False
2022-10-14 01:35:00,2022-10-14 01:45:00,19571.2127845859,19716.506561887778,0.8004474148687545,19497.579972014475,19718.478409728752,take_profit,3,15.6657266792681,15.782026707705908,116.30002843780511,84.8522750508311,58.93919447231222,1.4396578679183007,37.623019780060304,False
2022-10-14 01:50:00,2022-10-14 05:40:00,19784.8532875,19774.204021835998,0.5283218527707084,19673.133421214286,20008.29302007142,signal,46,10.45277034564864,10.447144105882389,-5.62623976625211,-26.526154217783137,59.02404674736304,-0.44941266618538356,56.467371611138496,False
2022-10-14 10:30:00,2022-10-14 11:50:00,19688.4256767031,19631.989625115344,1.0830667093541004,19633.953020417386,19797.370989274532,stop_loss,17,21.323878410029604,21.262754401347518,-61.12400868208923,-103.71064149346635,58.99752059314526,-1.7578813558737276,27.667349934520352,False
2022-10-14 12:55:00,2022-10-14 13:35:00,19777.7549207343,19704.49521186274,0.8261268708461098,19706.465858448584,19920.333045305728,stop_loss,9,16.338934785027476,16.27841297097832,-60.52181404915825,-93.13916180516405,58.89380995165179,-1.5814762516065033,36.045073149823914,False
2022-10-14 23:45:00,2022-10-15 02:15:00,19183.7091941015,19161.7262137422,2.2356531638173216,19157.40785553007,19236.31187124436,signal,30,42.888120153544456,42.83897383395406,-49.146319590399465,-134.87341357789796,58.80067078984662,-2.293739370081934,13.710246702194778,False
2022-10-15 03:35:00,2022-10-15 05:15:00,19203.0861316015,19174.832325,2.705260094545833,19181.400306458643,19246.457781887217,stop_loss,21,51.94934260394805,51.87290870842999,-76.43389551805465,-180.25614683043267,58.66579737626873,-3.0725934853371517,11.292885421770524,False
2022-10-15 10:50:00,2022-10-15 13:35:00,19149.065105038997,19129.862212460997,1.7810534067023682,19116.227492753285,19214.74032961042,signal,33,34.10550764049515,34.07130626325056,-34.20137724458579,-102.3781911483315,58.48554122943829,-1.7504871972835594,17.148415395522665,False
2022-10-16 04:40:00,2022-10-16 06:30:00,19148.820940625,19124.920534731762,2.6552619466893477,19126.833218053565,19192.796385767862,stop_loss,23,50.84513556760968,50.78167372933094,-63.46183827874175,-165.0886475756824,58.38316303828996,-2.8276756342819387,11.482546439601252,False
2022-10-16 08:20:00,2022-10-16 09:45:00,19163.4298223671,19143.229593670578,3.034942858107539,19145.144108081386,19200.001250938527,stop_loss,18,58.15991447623806,58.098607936423406,-61.30653981464738,-177.56506222730883,55.49609797682199,-3.1995954436556797,9.541984109948373,True
2022-10-16 15:20:00,2022-10-16 18:00:00,19160.8612065312,19134.01513594403,2.3279077993612045,19135.928728816914,19210.726161959774,stop_loss,33,44.60471824516152,44.54222306805945,-62.49517710207303,-151.642118415294,58.040509328486976,-2.612694481315763,13.012190551115722,False
2022-10-16 19:35:00,2022-10-16 20:00:00,19252.794226914,19320.09193535737,1.6723657879474592,19218.179271485427,19322.024137771146,take_profit,6,32.19771438748332,32.31026077269128,112.54638520795423,48.038410047779635,57.88886721007168,0.82983848817518,17.979185265577623,False
2022-10-16 20:05:00,2022-10-16 20:15:00,19387.3779969453,19302.393993359863,0.6975847615325887,19304.324425802442,19553.485139231012,stop_loss,3,13.524339456741245,13.465055910866013,-59.28354587523094,-86.2729412428382,57.93690562011946,-1.4890843810077186,42.83899099503943,False
2022-10-16 20:20:00,2022-10-16 21:55:00,19301.017798789,19179.310392148498,0.5521056926110377,19196.235990789,19510.581414788994,stop_loss,20,10.656201799898367,10.58900644785922,-67.19535203914661,-88.4405602869042,57.85063267887662,-1.5287742966931643,54.28822930082684,False
2022-10-16 23:05:00,2022-10-17 00:55:00,19307.9833392734,19223.00002130776,0.6954203936917488,19224.922513559115,19474.10499070197,stop_loss,23,13.427165375191235,13.368066242754338,-59.09913243689756,-85.89436405484314,57.76219211858972,-1.487034354210383,43.01890272783436,False
2022-10-17 04:55:00,2022-10-17 06:05:00,19224.9769924687,19278.49649458642,2.080391411390159,19197.253220182985,19280.424537040122,take_profit,15,39.99547701930529,40.10681853185287,111.34151254758325,31.23921699642508,57.67629775453487,0.5416300666415236,14.420705052897677,False
2022-10-17 06:10:00,2022-10-17 06:40:00,19289.508836007797,19250.3325862188,1.781458892988578,19257.11542115065,19354.29566572209,stop_loss,7,34.36346705728785,34.293676178707294,-69.79087858055179,-138.44802181654694,57.70753697153129,-2.399132402494446,16.79328132848941,False
2022-10-17 07:55:00,2022-10-17 09:05:00,19290.272584375,19260.6323371407,1.450988177321578,19250.59680351786,19369.624146089285,signal,14,27.989957457238688,27.94694980892883,-43.00764830985754,-98.94455557602505,57.56908894971475,-1.7187097690993653,20.567765791593363,False
2022-10-17 09:35:00,2022-10-17 11:15:00,19333.2866503515,19409.342172878525,1.4736567214763678,19294.288324922927,19411.283301208645,take_profit,21,28.490627820519823,28.60270755249717,112.07973197734837,54.98639660433139,57.47014439413872,0.9567819462437153,20.17159634255128,False
2022-10-17 11:20:00,2022-10-17 12:15:00,19491.6286549687,19427.330259364313,0.9225354627626005,19429.27318668298,19616.33959154013,stop_loss,12,17.981718661208312,17.922401111064527,-59.31755014378528,-95.22166991605813,57.525130790743056,-1.6553055787468318,31.99089690733575,False
2022-10-17 12:20:00,2022-10-17 13:15:00,19428.9466063906,19542.881631921904,0.9911148911681609,19371.001851819172,19544.836115533457,take_profit,12,19.25631830130483,19.36924100173453,112.92270042969983,74.29714112666048,57.429909120827,1.2937011787768364,29.823930110739543,False
2022-10-17 13:20:00,2022-10-17 14:55:00,19552.537089203102,19491.9666233985,1.0313520379876915,19496.780951488814,19664.04936463168,stop_loss,20,20.165548974779544,20.103079501430106,-62.46947334943959,-102.73810182564924,57.50420626195367,-1.786618901539791,28.51606288223171,False
2022-10-17 19:35:00,2022-10-17 21:50:00,19531.8553332343,19510.8397358985,1.6526369703470025,19497.122074091443,19601.321851520017,signal,27,32.27906622317228,32.244335070061204,-34.731153111071414,-99.25455440430488,57.40146816012801,-1.7291291945255278,17.782877535323816,False
2022-10-17 22:15:00,2022-10-17 22:40:00,19583.8820203828,19521.854259336,1.399653339185446,19542.941730382798,19665.7626003828,stop_loss,6,27.410645864042603,27.323828501171256,-86.81736287135077,-141.55183723656464,57.302213605723715,-2.4702682205356465,20.90509427977142,False
2022-10-17 23:55:00,2022-10-18 02:05:00,19561.952092609303,19532.0993287266,1.6520475816706621,19527.35220432359,19631.151869180725,signal,26,32.317275647352545,32.267957460973946,-49.318186378605745,-113.90341948693224,57.16066176848715,-1.9926889571059434,17.687339239924388,False
2022-10-18 04:15:00,2022-10-18 06:40:00,19559.3209705234,19620.51385777,1.8065596242663426,19527.74340309483,19622.47610538054,take_profit,30,35.33507954341355,35.445628142805546,110.54859939199301,39.76789170577392,57.04675834900022,0.6971104556455638,16.144511088169807,False
2022-10-18 06:45:00,2022-10-18 07:10:00,19668.960839413998,19618.942386966257,1.187907778801624,19620.904477414,19765.073563413996,stop_loss,6,23.364911582084407,23.305494273338116,-59.41730874629049,-106.087714601713,57.08652624070599,-1.8583669665656821,24.432588174002948,False
2022-10-18 07:15:00,2022-10-18 09:00:00,19612.7188877812,19548.5996315313,0.9937803761940548,19555.38183435263,19727.39299463834,signal,21,19.490735154487442,19.427014695890136,-63.72045859731042,-102.638208447688,56.98043852610429,-1.8012884965893452,29.234627670257684,False
2022-10-18 11:45:00,2022-10-18 13:35:00,19583.2413313203,19653.76571476294,1.5692601570704727,19546.996353034585,19655.73128789173,take_profit,23,30.73120036753667,30.841871472575164,110.67110503849565,49.09803319838382,56.8778003176566,0.8632196203822301,18.508160969117323,False
2022-10-18 13:40:00,2022-10-18 13:55:00,19625.0873125,19574.672618614695,1.1747913015694953,19576.630281642858,19722.001374214287,stop_loss,4,23.055381867266863,22.99615512341912,-59.22674384774465,-105.27828083843063,56.926898350854984,-1.8493591586454219,24.691370838527547,False
2022-10-18 17:40:00,2022-10-18 18:35:00,19430.6635750703,19385.324737581046,1.3092505658102713,19387.26346392744,19517.463797356017,stop_loss,12,25.43960727972982,25.380247381093834,-59.359898635984315,-110.17975329680797,56.82162007001655,-1.9390463200634307,22.33588728206972,False
2022-10-18 20:55:00,2022-10-18 21:25:00,19382.3735895546,19308.667418849593,0.7901268230654199,19310.598478697462,19525.92381126888,stop_loss,7,15.314533267781878,15.25629604528241,-58.237222499466164,-88.80805181253045,56.711440316719745,-1.565963610103338,37.03112548393955,False
2022-10-18 23:10:00,2022-10-19 00:15:00,19337.0448391328,19301.4504387694,1.6819904794714315,19303.380776847083,19404.372963704227,stop_loss,14,32.52472532053355,32.46485587799982,-59.869442533732375,-124.85902373226574,56.62263226490721,-2.2051080767159803,17.409103906916055,False
2022-10-19 03:50:00,2022-10-19 04:40:00,19300.642761289,19267.323075,1.7123433059185182,19267.648341860433,19366.63160014614,signal,10,33.049326432217924,32.992271690445655,-57.05474177227409,-123.09633989493767,56.49777324117495,-2.1787821507490217,17.0949847819284,False
2022-10-19 09:35:00,2022-10-19 11:15:00,19226.5025360078,19193.935882453203,1.7502931630178231,19194.29383057923,19290.91994686494,signal,20,33.65201593751929,33.59501474646031,-57.001191058981206,-124.24822174296081,56.37467690128002,-2.2039722189545654,16.752243611779225,False
2022-10-19 15:10:00,2022-10-19 17:15:00,19181.23043125,19144.532620273498,1.0270910427136823,19126.46369067857,19290.763912392857,signal,25,19.700869964163978,19.66317797122281,-37.69199294116349,-77.05604087655028,56.25042867953706,-1.3698747313650599,28.552256210947537,False
2022-10-19 20:00:00,2022-10-19 21:45:00,19218.0759114296,19179.2049336954,1.412155549564612,19178.297451715316,19297.632830858172,signal,21,27.138912550279304,27.08402068335495,-54.891866924354424,-109.11480015798868,56.17337263866051,-1.9424648197621661,20.698461124626895,False
2022-10-20 04:25:00,2022-10-20 07:10:00,19140.5994145546,19124.4818915469,1.4572705914237902,19102.12731598317,19217.543611697456,signal,33,27.893032629053835,27.86954503676812,-23.487592285715724,-79.25016995153767,56.06425783850252,-1.4135596011958989,20.099735508897332,False
2022-10-20 08:00:00,2022-10-20 08:55:00,19156.882292679602,19122.892244778504,1.7453009113990237,19124.80472525103,19221.037427536747,stop_loss,12,33.43452412497753,33.37520126339725,-59.32286158028206,-126.13258696865685,55.985007668550985,-2.2529707902408767,16.744670107844286,False
2022-10-20 09:50:00,2022-10-20 10:40:00,19165.2776641328,19219.78406608056,1.9798081906422325,19137.063377847084,19221.70623670423,take_profit,11,37.943573695382746,38.05148591640136,107.91222101861563,31.917161406831525,55.85887508158233,0.5713892619609016,14.72156405983964,False
2022-10-20 10:45:00,2022-10-20 12:45:00,19229.5458083046,19177.7910131016,1.202804158432361,19183.078732304602,19322.479960304598,stop_loss,25,23.12937766299435,23.067126780105365,-62.25088288898356,-108.44738733208328,55.890792242989164,-1.940344428481182,24.164416811097844,False
2022-10-20 14:20:00,2022-10-20 16:10:00,19256.7965801093,19205.68106621238,1.1339084077873969,19207.601826395017,19355.186087537873,stop_loss,23,21.835443549237528,21.777483238261432,-57.96031097609394,-101.57323776359291,55.78234485565708,-1.8208850493184676,25.54669646617046,False
2022-10-20 22:00:00,2022-10-20 22:30:00,19084.402389413997,19040.989171496483,1.3414167393425855,19042.893460842566,19167.420246556856,stop_loss,7,25.600136825509573,25.54190160828629,-58.235217223280706,-109.37725565707657,55.680771617893484,-1.964363145102811,21.750185164014315,False
2022-10-21 01:45:00,2022-10-21 04:15:00,19063.4803754218,19062.7458777657,1.4590839544808307,19025.39387999323,19139.65336627894,signal,30,27.815218332338155,27.814146638593535,-1.0716937446190669,-56.70105871555076,55.57139436223641,-1.0203281628305156,19.978773381630713,False
2022-10-21 11:30:00,2022-10-21 11:55:00,19011.8502129218,18971.44785611702,1.4417520107271424,18973.345190636086,19088.86025749323,stop_loss,6,27.410373272123255,27.35212309296185,-58.25017916140385,-113.01267552648895,55.51469330352086,-2.0357254773723383,20.25316939407757,False
2022-10-21 13:50:00,2022-10-21 17:50:00,18998.903606390602,19132.930265625,0.41297415054045566,18864.750704676317,19267.209409819174,max_holding,48,7.846056078049159,7.9014056237962595,55.34954574710056,39.60208404525514,55.401680627994374,0.7148173773133567,70.610864970735,False
2022-10-21 18:10:00,2022-10-21 18:25:00,19192.7472078125,19141.515900216746,1.1241827876843389,19143.43024324107,19291.381136955362,stop_loss,4,21.576156059399466,21.51856270520976,-57.59335418970814,-100.68807295431736,55.44128271203962,-1.8161209125930262,25.695625559719247,False
2022-10-21 19:40:00,2022-10-21 21:25:00,19178.614934726498,19157.1114402657,1.690365237555498,19145.87609615507,19244.092611869357,signal,21,32.41886399012438,32.38251523060188,-36.348759522499826,-101.15013874322608,55.34059463908531,-1.827774699619634,17.070491629794148,False
2022-10-21 23:15:00,2022-10-21 23:50:00,19188.235037640603,19170.20900759001,2.8759424789121963,19172.12622021203,19220.452672497748,stop_loss,8,55.18426024010198,55.13241841455332,-51.84182554865183,-162.15850420330713,46.3280323278724,-3.500224293051779,8.39515327854412,True
2022-10-22 04:35:00,2022-10-22 06:40:00,19159.8982192421,19144.542167560772,2.8717409196437194,19146.456813242097,19186.7810312421,stop_loss,26,55.02226373240637,54.978165130428934,-44.09860197742988,-154.0990308402652,38.60023562774959,-3.992178501871213,7.01538486592933,True
2022-10-22 07:30:00,2022-10-22 10:00:00,19163.834159796803,19151.02220625,2.8631180059864194,19150.511615511088,19190.47924836823,signal,30,54.86831864665185,54.83163651176014,-36.682134891713595,-146.38209005012558,38.14401642998119,-3.8376160601448692,6.951920046179291,True
2022-10-22 11:05:00,2022-10-22 12:30:00,19182.9317723671,19164.510107120695,2.8526443946009734,19166.426749795675,19215.941817509956,stop_loss,18,54.72208279245593,54.66953233235156,-52.55046010437452,-161.94207522918202,47.082960121140346,-3.439504967668116,8.604014635135796,True
2022-10-22 13:10:00,2022-10-22 16:30:00,19206.768140765602,19202.9701359375,2.5073612844088418,19184.986332479886,19250.33175733703,signal,40,48.158306834772866,48.14878386450888,-9.522970263981868,-105.8300609632636,54.614862800019196,-1.9377520245867286,11.340694137648617,False
2022-10-22 19:45:00,2022-10-22 21:00:00,19192.131911288998,19223.377908102324,2.837338676734726,19175.54764786043,19225.30043814614,take_profit,16,54.45457816089504,54.54323363614662,88.65547525158043,-20.34233654546123,47.055172051036365,-0.43230819607667764,8.641178325172973,True
2022-10-22 21:05:00,2022-10-22 21:15:00,19227.7624269843,19200.8492540469,2.831023960956107,19209.449927270012,19264.387426412875,stop_loss,3,54.434256146364106,54.35806430891297,-76.19183745113057,-184.98415790640763,51.843125476150334,-3.5681521167451,9.523988963264847,True
2022-10-22 21:20:00,2022-10-23 01:20:00,19209.241044031198,19189.7390371797,2.208078840496945,19184.64785231691,19258.42742745977,max_holding,48,42.41551869133073,42.37245672265472,-43.061968676016626,-127.84994409000207,54.30370624460405,-2.354350244790263,12.802791978046265,False
2022-10-23 03:20:00,2022-10-23 04:55:00,19208.7800609375,19187.418605183604,2.7864623890100577,19189.337538937496,19247.66510493751,stop_loss,20,53.52454317856868,53.46502028553594,-59.52289303273574,-166.51245649684034,54.17585630051406,-3.0735546767031043,10.121684947365637,False
2022-10-23 09:00:00,2022-10-23 10:45:00,19189.659008023402,19173.725818542258,2.811690839998894,19175.643382880546,19217.69025830911,stop_loss,22,53.95538845556166,53.910589252645565,-44.79920291609911,-152.66518062430634,39.40760483102683,-3.8740030326356782,7.303738506763496,True
2022-10-23 13:40:00,2022-10-23 17:05:00,19164.7971470859,19181.388309336,1.408469820878293,19126.55942422876,19241.272592800182,signal,41,26.993038404924903,27.016406556247457,23.36815132255698,-30.64129363861538,53.85667866339291,-0.5689413903542972,19.952062400491645,False
2022-10-23 17:20:00,2022-10-23 17:45:00,19219.8026470859,19270.517144361307,2.0449945467949964,19193.481776228757,19272.444388800188,take_profit,6,39.3043916037667,39.40810247413836,103.71087037165651,24.99837629375145,53.8260373697543,0.4644290665877334,13.694662396096199,False
2022-10-23 17:50:00,2022-10-23 17:55:00,19280.7794471562,19363.578387662285,1.2710384863534676,19238.4117011562,19365.5149391562,take_profit,2,24.506612724228468,24.61185336424099,105.24064001252313,56.12217392405368,53.851035746048055,1.042174456749837,21.974083628786534,False
2022-10-23 18:00:00,2022-10-23 22:00:00,19461.4557159765,19529.5605196329,0.6381694657787097,19376.984175405072,19630.398797119356,max_holding,48,12.419706797540739,12.46316920370711,43.46240616637031,18.579530165122456,53.9071579199721,0.34465794306397507,43.40453345536821,False
2022-10-23 22:05:00,2022-10-24 00:55:00,19598.6823282656,19524.875442187502,0.7627487086520439,19527.983109979887,19740.080764837032,stop_loss,35,14.94886963716622,14.892573530120522,-56.296107045698236,-86.13755021298499,53.92573745013723,-1.597336527713369,36.07345488923512,False
2022-10-24 06:50:00,2022-10-24 07:00:00,19352.153771875,19316.8552302891,1.8280104290665464,19322.701204732144,19411.05890616071,stop_loss,3,35.375938919887005,35.31141281773714,-64.52610214986483,-135.21345388748898,53.83959989992424,-2.511412680235747,15.219270934928506,False
2022-10-24 09:10:00,2022-10-24 10:15:00,19338.3535629921,19387.537383359,2.100996817935821,19312.7921789921,19389.476330992096,take_profit,14,40.62981929996425,40.733154350049034,103.33505008478278,21.972076434769498,53.70438644603676,0.4091300150472342,13.217973245104739,False
2022-10-24 10:20:00,2022-10-24 12:30:00,19410.9877796875,19375.572350105962,1.6048412200338704,19377.510101116073,19477.943136830356,stop_loss,27,31.15155331041624,31.094717169198578,-56.83614121766031,-119.08241169727513,53.72635852247152,-2.216461620927982,17.246767115303648,False
2022-10-24 18:15:00,2022-10-24 19:10:00,19301.6838813906,19361.38036229264,1.7395693584043685,19270.867475104882,19363.316693962035,take_profit,12,33.57661784567459,33.680464014656344,103.84616898175895,36.589087121428015,53.60727611077425,0.6825395688044326,15.965656921481761,False
2022-10-24 19:15:00,2022-10-24 20:05:00,19378.9728595156,19342.416772966222,1.5494311502896367,19344.35120808703,19448.216162372744,stop_loss,11,30.026384209150912,29.969743069918618,-56.64113923229176,-116.6372665113613,53.64386519789567,-2.174289009210632,17.865576096087867,False
2022-10-24 21:10:00,2022-10-24 21:20:00,19388.75118125,19348.430197476602,1.5836614727593705,19354.95151582143,19456.350512107147,stop_loss,3,30.70521825066336,30.641363462117678,-63.854788545688294,-125.20137025846934,53.52722793138431,-2.3390221219556326,17.432616011523674,False
2022-10-24 21:50:00,2022-10-24 22:10:00,19363.1939377812,19328.596243070402,1.3486348463163025,19323.596839495487,19442.38813435263,signal,4,26.11387808047231,26.067218423783114,-46.659656689197114,-98.84075319345254,53.402026561125844,-1.8508801923521747,20.44967292738467,False
2022-10-24 23:25:00,2022-10-24 23:55:00,19334.6227219453,19342.960041546903,2.434357316769174,19312.72651737387,19378.41513108816,signal,6,47.06738029013906,47.08767630511347,20.29601497440694,-73.85904162084559,53.303185807932394,-1.3856402858730095,11.32486777028034,False
2022-10-25 03:15:00,2022-10-25 05:35:00,19328.7256472968,19317.1579340157,2.4031177873738288,19306.57553586823,19373.025870153946,signal,28,46.44920441028766,46.421405832742614,-27.798577545051195,-120.66918778808147,53.22932676631156,-2.2669681380312348,11.459685357823313,False
2022-10-25 06:30:00,2022-10-25 07:00:00,19349.3155970859,19330.70711019133,2.7419885582173955,19332.640374228755,19382.666042800192,stop_loss,7,53.05560197654693,53.004577718396284,-51.02425815064674,-157.08443784558995,45.72327028001912,-3.435546864508403,8.617991046493254,True
2022-10-25 11:35:00,2022-10-25 12:10:00,19317.8886267031,19293.287229885085,2.3355621362159047,19295.21675156024,19363.232376988817,stop_loss,8,45.118129228163625,45.060671137257444,-57.458090906180445,-147.6368912716015,52.95157314067788,-2.78814929406102,11.736207605794185,False
2022-10-25 13:05:00,2022-10-25 13:35:00,19335.0504987187,19400.95507603929,1.5566081472483972,19301.12806529013,19402.895365575845,take_profit,7,30.097097133764716,30.199684735762904,102.58760199818786,42.29082012866024,52.80393624940628,0.8009027949907003,17.544527970495757,False
2022-10-25 13:40:00,2022-10-25 15:05:00,19406.5088158359,19508.1694100794,1.0200831540785211,19354.703012693044,19510.120422121614,take_profit,18,19.796252722510513,19.89995498213192,103.70225962140795,64.00605191676551,52.84622706953494,1.2111754323075232,26.69506588458683,False
2022-10-25 15:15:00,2022-10-25 15:50:00,19575.707374999998,19705.537964128496,0.8028785309990388,19509.806705,19707.508714999996,take_profit,8,15.71691518050705,15.821153373185279,104.23819267822834,72.70012412453602,52.91023312145169,1.37402766602177,33.66451527782867,False
2022-10-25 15:55:00,2022-10-25 17:05:00,19767.0839317421,19951.761547478356,0.5676550511148641,19673.747436027814,19953.756923170673,take_profit,15,11.220885039664873,11.325718221065406,104.83318140053488,82.2865781398046,52.98293324557622,1.5530770589541694,47.21814104527947,False
2022-10-25 17:10:00,2022-10-25 18:30:00,20058.624801914,20302.080997058896,0.4323268028884168,19935.88149877114,20304.111408199715,take_profit,17,8.671881130949783,8.777133769440153,105.25263849037134,87.8036235899814,53.06521982371603,1.6546360098321877,61.19228230000437,False
2022-10-25 18:35:00,2022-10-25 20:05:00,20325.0147192421,20180.206386539103,0.41145335811655387,20195.831125527817,20583.381906670667,stop_loss,19,8.362795560000547,8.303213685226641,-59.581874773907,-76.24788401913419,53.153023447306005,-1.4344975896756578,63.55891766808002,False
2022-10-26 00:55:00,2022-10-26 01:45:00,20123.8657003515,20225.94892946455,1.0196676879707312,20071.812687208643,20227.971726637214,take_profit,11,20.519655611710913,20.6237465819212,104.09097021029017,62.94756801665805,53.07677556328687,1.1859719688812218,25.866309146531222,False
2022-10-26 01:50:00,2022-10-26 05:10:00,20249.3489504218,20176.623496857133,0.7515419993915397,20178.64136099323,20390.764129278938,stop_loss,41,15.218236196576976,15.163579963798329,-54.65623277864715,-85.03804893902246,53.139723131303526,-1.6002727136703556,34.91845076189329,False
2022-10-26 07:30:00,2022-10-26 08:35:00,20346.154412,20748.43364684451,0.2624168307683184,20143.97726914286,20750.508697714282,take_profit,14,5.339173359119879,5.444738201011679,105.56484189180064,94.78093033166908,53.05468508236451,1.7864761648198808,99.36872529479012,False
2022-10-26 08:40:00,2022-10-26 11:55:00,20726.042397,20607.049089,0.1486947907696295,20368.602397000002,21440.922397000002,signal,39,3.0818545377043853,3.064160852668339,-17.693685036046226,-23.83970042641895,53.14946601269617,-0.44854073267122196,172.459359656495,False
2022-10-26 14:25:00,2022-10-26 17:10:00,20824.998306601497,20761.304520914102,0.32688090804478537,20662.47542745864,21150.04406488721,signal,33,6.807294356493014,6.78647407399071,-20.82028250230582,-34.41405093278954,53.12562631226976,-0.6477862628951513,78.04220521417123,False
2022-10-26 20:15:00,2022-10-26 21:20:00,20761.876761078103,20737.568613742198,0.6164037451648678,20675.74618079239,20934.137921649533,signal,13,12.797698592179978,12.782714959124107,-14.98363305587139,-40.56404660717548,53.09121226133696,-0.7640444600794274,41.48496847220507,False
2022-10-26 21:45:00,2022-10-27 01:45:00,20753.289964484302,20743.9351640235,1.32303614492409,20713.192308484304,20833.485276484298,max_holding,48,27.457352749103112,27.444976009964922,-12.37673913819348,-67.27906789726151,53.05064821472978,-1.2682044453998045,19.321108156161436,False
2022-10-27 04:35:00,2022-10-27 06:45:00,20787.6332424687,20745.845838977024,1.3341698579085086,20747.920631040128,20867.058465325845,stop_loss,27,27.734233689358653,27.6784821951798,-55.75149417885345,-111.1642100633919,52.98336914683253,-2.098096286691832,19.103960015726596,False
2022-10-27 12:40:00,2022-10-27 13:55:00,20615.430476914,20502.3050324532,0.6892294284506216,20538.718423199716,20768.85458434257,stop_loss,16,14.208761364866964,14.130791979438024,-77.96938542893866,-106.30893877324365,52.87220493676913,-2.0106772339148806,37.21098805100819,False
2022-10-27 17:50:00,2022-10-27 18:20:00,20616.6786487187,20571.390277385053,1.2205561649296512,20573.44762214727,20703.140701861554,stop_loss,7,25.16381422506712,25.108537224236215,-55.27700083090375,-105.54935228020709,52.765895997995884,-2.0003327960964783,20.968957855932967,False
2022-10-27 19:10:00,2022-10-27 20:00:00,20626.964833234302,20594.153538204064,1.7124383906704328,20596.213159520015,20688.468180662876,stop_loss,11,35.32240646343936,35.26621914218197,-56.18732125739421,-126.77594686301553,52.66034664571568,-2.407427123788782,14.908482155716667,False
2022-10-28 04:15:00,2022-10-28 05:00:00,20301.7467676796,20258.652061866633,1.2791651551447076,20260.6781296796,20383.8840436796,stop_loss,10,25.969287053787443,25.91416180774028,-55.1252460471604,-107.00869490868813,52.533570698852664,-2.0369583389279344,20.229115489403085,False
2022-10-28 06:25:00,2022-10-28 07:15:00,20280.857961007798,20258.0169637032,1.268321788527844,20239.52258186494,20363.52871929351,signal,10,25.722654041984573,25.693684307431447,-28.96973455312535,-80.38607290254137,52.42656200394398,-1.5333081138620923,20.381474601482893,False
2022-10-28 10:25:00,2022-10-28 10:50:00,20224.1862784062,20177.0856046485,1.3732556187789704,20186.06797383477,20300.42288754905,stop_loss,6,27.772977442053868,27.70829617716783,-64.68126488603791,-120.16253850525962,52.34617593104144,-2.295536137416351,18.847880476717922,False
2022-10-28 13:10:00,2022-10-28 13:35:00,20273.1032786171,20440.706325271352,0.6157010068274906,20188.27961775996,20442.750600331387,take_profit,6,12.482170100162252,12.585363464734629,103.193364572377,78.12583100748013,52.226013392536174,1.4959179522334631,41.84049165606012,False
2022-10-28 13:40:00,2022-10-28 16:55:00,20462.883973788998,20712.69642614156,0.41530350428890317,20336.942009217568,20714.767902931853,take_profit,40,8.498307422171807,8.602055409048832,103.74798687702369,86.64762404580306,52.30413922354365,1.6566112229756451,61.54653700463207,False
2022-10-28 17:00:00,2022-10-28 19:05:00,20716.659348789,20612.889148581777,0.5151062219699178,20614.95064364614,20920.076759074713,stop_loss,26,10.67128012899248,10.617827453210676,-53.452675781804075,-74.74178336400723,52.39078684758946,-1.426620745006928,49.09512843285831,False
2022-10-28 20:40:00,2022-10-28 21:30:00,20667.3497313203,20626.46600757711,1.3476267767599122,20628.528860463157,20744.991473034584,stop_loss,11,27.851873902589013,27.796777901739034,-55.096000849978886,-110.74465265430693,52.316045064225435,-2.116839155527755,18.783671521420438,False
2022-10-29 01:30:00,2022-10-29 02:35:00,20626.6405828125,20688.059292839076,1.6445793946348215,20594.896721383928,20690.12830566964,take_profit,14,33.92214808303182,34.02315602798658,101.00794495475994,33.06264084374154,52.20530041157113,0.6333196166497553,15.3897389645807,False
2022-10-29 02:40:00,2022-10-29 03:20:00,20694.6766817421,20763.093467600786,1.482080167481448,20659.43003031353,20765.169984599244,take_profit,9,30.67116988245075,30.772569043894734,101.39916144398121,39.955422517635725,52.238363052414876,0.7648674304274292,17.031747811583905,False
2022-10-29 03:25:00,2022-10-29 04:25:00,20772.3914844453,20705.5386140625,0.8183686120481136,20708.510346159586,20900.153761016725,stop_loss,13,16.999473188045556,16.94476289729895,-54.710290746602716,-88.65452683194721,52.27831847493252,-1.6958182554103591,30.752905043960958,False
2022-10-29 07:20:00,2022-10-29 08:15:00,20694.6844955234,20747.841647859455,1.8898293699444013,20667.0684235234,20749.916639523406,take_profit,12,39.109422561373165,39.20988050908045,100.45794770728429,22.138644636830676,52.18966394810057,0.4241959606953247,13.344524293653533,False
2022-10-29 08:20:00,2022-10-29 10:15:00,20823.3536111484,20952.63760126951,0.7948244151739312,20757.663879434116,20954.73307457697,take_profit,24,16.550909855940994,16.65366792778036,102.75807183936503,69.55349405564368,52.211802592737406,1.3321412133224928,31.546182685537275,False
2022-10-29 10:20:00,2022-10-29 10:25:00,20976.294684726498,20919.59704694777,0.9574380951397128,20921.689215869355,21085.50562244078,stop_loss,2,20.08350362603382,20.02921914772003,-54.2844783137874,-94.39720108754125,52.28135608679305,-1.8055614496844927,26.031989766477718,False
2022-10-29 14:15:00,2022-10-29 18:15:00,20836.2591985781,20841.3980727579,0.7596256217535678,20767.558305149527,20973.660985435246,max_holding,48,15.827756348738387,15.831659969232332,3.9036204939439623,-27.755795824026755,52.18695888570551,-0.5318530992544447,32.971798235866366,False
2022-10-29 20:50:00,2022-10-29 22:05:00,20870.6259159062,20833.805161316894,1.5015388278620982,20835.888750191913,20940.100247334773,stop_loss,16,31.338055174518125,31.282767381831103,-55.287792687023874,-117.9086152433731,52.15920308988148,-2.2605524674177118,16.6440459688429,False
2022-10-30 02:45:00,2022-10-30 04:45:00,20787.1859317421,20763.2691684297,1.5538856254758517,20753.69486031353,20854.16807459924,signal,24,32.3009094134279,32.26374549870885,-37.16391471904906,-101.72856963118582,52.04129447463811,-1.9547663189039695,16.111402254514815,False
2022-10-30 05:55:00,2022-10-30 06:40:00,20802.6386488593,20870.47884824882,1.4855271126981449,20767.6749208593,20872.566104859303,take_profit,10,30.902883728542793,31.003662184066773,100.77845552397531,38.87190961136575,51.939565905006916,0.7484065169597142,16.807352466279397,False
2022-10-30 06:45:00,2022-10-30 08:25:00,20879.5975159765,20826.76128298833,1.0241380968482077,20828.84416740507,20981.10421311936,stop_loss,21,21.38359126296874,21.329479663871602,-54.11159909713405,-96.82467002397439,51.978437814618275,-1.8627853028076902,24.307627832670228,False
2022-10-30 12:10:00,2022-10-30 12:20:00,20768.4731236484,20710.005152869493,0.9199395542111998,20712.076360505544,20881.266649934114,stop_loss,3,19.105739907016392,19.051952908042413,-53.78699897398146,-91.94469178904026,51.881613144594304,-1.7722018691436978,27.15498766187082,False
2022-10-30 12:40:00,2022-10-30 13:30:00,20743.3417047578,20672.322814875268,0.7511033895444365,20674.39025390066,20881.244606472086,stop_loss,11,15.580394264922054,15.5270517360096,-53.342528912453375,-84.44997491338502,51.789668452805266,-1.630633627059079,33.240281068756616,False
2022-10-30 15:10:00,2022-10-30 15:40:00,20733.7216018437,20690.616277445402,1.274214090964672,20693.14347698656,20814.87785155798,stop_loss,7,26.419200223207852,26.36427481146394,-54.92541174391324,-107.70888677858504,51.705218477891876,-2.0831337715870832,19.571076353958514,False
2022-10-30 18:40:00,2022-10-30 19:55:00,20685.8847876406,20654.43435,1.8511799804031988,20658.012019926315,20741.630323069174,stop_loss,16,38.29329579580735,38.23507537527216,-58.22042053519846,-134.74879170627798,51.59750959111329,-2.6115367345071623,13.474293219953813,False
2022-10-30 20:30:00,2022-10-30 22:00:00,20713.073053195298,20673.023400961436,1.354919879213948,20675.09091005244,20789.037339481016,stop_loss,19,28.064554439385056,28.010290369417792,-54.26406996726453,-110.33891477606738,51.462760799407015,-2.1440535459446,18.337280540319405,False
2022-10-31 00:20:00,2022-10-31 00:30:00,20674.6336626406,20628.5092077735,1.2236684740263508,20632.667702926316,20758.56558206917,stop_loss,3,25.29889742501725,25.242456383714725,-56.441041302524035,-106.98239511125601,51.35242188463095,-2.0832979474970843,20.298284554428932,False
2022-10-31 04:20:00,2022-10-31 06:15:00,20537.565269171802,20509.8812636404,1.999212529562232,20511.932456886087,20588.830893743234,stop_loss,24,41.05895781283041,41.003611602103554,-55.34621072684974,-137.4087801417837,51.24543948951969,-2.6813855342168633,12.480940145418435,False
2022-10-31 09:40:00,2022-10-31 09:45:00,20547.8416877109,20628.19942032339,1.2401737479258301,20506.63130828233,20630.26244656805,take_profit,2,25.482893837635043,25.582551388063898,99.65755042885407,48.59210520315512,51.10803070937791,0.950772403645732,20.055819027075234,False
2022-10-31 09:50:00,2022-10-31 12:55:00,20689.400764203103,20712.178575,0.7385274039990117,20620.132349060244,20827.93759448882,signal,37,15.279689436682087,15.296511474158702,16.822037476614366,-13.754163434226424,51.15662281458107,-0.26886378884076967,33.48014567087267,False
2022-10-31 18:50:00,2022-10-31 19:10:00,20445.509189484303,20399.4969552891,1.2107859430910137,20403.269792055733,20529.987984341446,stop_loss,5,24.75513512596574,24.699424159591977,-55.71096637376105,-105.16552565931877,51.14286865114684,-2.0563086982208323,20.65949888413371,False
2022-10-31 21:10:00,2022-10-31 23:50:00,20419.3268845156,20495.45905363515,1.3056139610152961,20380.235924515604,20497.5088045156,take_profit,33,26.659758254958543,26.759157477843402,99.39922288485954,45.98030715205759,51.037703125487525,0.9009086290385129,19.144098246275302,False
2022-10-31 23:55:00,2022-11-01 00:25:00,20501.270625070298,20469.498581925218,1.7185491985911239,20471.54573649887,20560.720402213155,stop_loss,7,35.23244220281431,35.17784038352973,-54.60181928457951,-125.01210187092356,51.08368343263958,-2.4472021880679007,14.499046968864139,False
2022-11-01 01:35:00,2022-11-01 03:50:00,20532.8089345859,20489.681294953203,1.2452163303005928,20491.885385728758,20614.65603230019,stop_loss,28,25.56778899228828,25.514085751130327,-53.70324115795403,-104.78511590137263,50.95867133076867,-2.0562764523670722,19.930808779022207,False
2022-11-01 05:25:00,2022-11-01 06:15:00,20526.7634080937,20611.37840411889,1.1734202485907543,20483.4252380937,20613.439748093697,take_profit,11,24.086519821088906,24.18580877075929,99.28894967038369,51.01662107853549,50.853886214867295,1.0032000477403165,21.113007023265467,False
2022-11-01 06:20:00,2022-11-01 09:20:00,20627.9668864296,20600.6975362188,0.9174452958320873,20572.481395286744,20738.937868715315,signal,36,18.925031182534905,18.90001304546361,-25.01813707129744,-62.84318129929595,50.904902835945826,-1.2345211914424885,26.898187033331688,False
2022-11-01 10:40:00,2022-11-01 11:15:00,20636.3173313906,20565.587575528032,0.7403501521777829,20567.64433996203,20773.663314247748,stop_loss,8,15.27810067668405,15.2257358911677,-52.364785516350175,-82.86862208420193,50.842059654646526,-1.6299226004434393,33.27773571503998,False
2022-11-01 18:05:00,2022-11-01 22:05:00,20452.7032688203,20463.568672476602,1.5242642882853172,20419.402487963154,20519.304830534587,max_holding,48,31.175325191559157,31.191886938330263,16.56174677110597,-45.80546535878345,50.75919103256233,-0.9024073163301395,16.281848134917155,False
2022-11-01 23:20:00,2022-11-02 00:05:00,20484.169305109303,20461.679293685535,2.473262258759136,20463.725666252158,20525.05658282359,stop_loss,10,50.662722844359195,50.60709914790573,-55.62369645346724,-156.89351844573216,50.56248041707807,-3.102963247679984,9.980213770272657,True
2022-11-02 01:05:00,2022-11-02 02:40:00,20512.4162705234,20497.069228086,1.0827793688771283,20465.724863666263,20605.799084237682,signal,19,22.210421143542266,22.193803682617766,-16.617460924501408,-61.02168575066145,50.556492048757804,-1.2069999969897196,22.762509419348504,False
2022-11-02 03:15:00,2022-11-02 05:45:00,20521.7375145546,20500.8247125,1.5764439809196258,20489.706265126028,20585.800013411743,signal,30,32.35136958283208,32.31840172190894,-32.96786092313413,-97.63763222787514,50.49547036300714,-1.9335918949950852,15.60844904377823,False
2022-11-02 09:10:00,2022-11-02 09:35:00,20490.591822296803,20440.3268558907,1.0598987938057534,20443.04215715395,20585.691152582513,stop_loss,6,21.717953556818415,21.6646777795539,-53.27577726451503,-96.65840860088734,50.39783273077927,-1.9179080401577573,23.205608483749945,False
2022-11-02 09:50:00,2022-11-02 10:05:00,20486.6969018437,20428.1776809297,0.9380953332918669,20433.07636612942,20593.937973272266,stop_loss,4,19.218474758184524,19.163578150137226,-54.89660804729966,-93.2786609556214,50.30117432217838,-1.8544032462974476,26.173343595207395,False
2022-11-02 14:45:00,2022-11-02 16:05:00,20446.9878533359,20406.741617943422,1.3141585216304557,20408.782496193042,20523.398567621614,stop_loss,17,26.870583329135794,26.81769339593122,-52.88993320457075,-106.57820992963777,50.207895661222764,-2.122738038032366,18.68507841688063,False
2022-11-02 17:05:00,2022-11-02 17:55:00,20492.0099330937,20439.605277578023,0.9948536418689835,20441.649442522274,20592.730914236556,stop_loss,11,20.386550711153653,20.334415748762993,-52.13496239066208,-92.85592885057874,50.10131745129312,-1.8533630166681798,24.5756715597221,False
2022-11-02 18:05:00,2022-11-02 18:50:00,20607.085892539,20507.66271088506,0.5135804289099076,20509.713682253285,20801.830313110426,stop_loss,10,10.583396011273486,10.532334210996067,-51.06180027741792,-72.17753049968748,50.008461522442545,-1.4433063586108525,47.25180978692783,False
2022-11-02 23:55:00,2022-11-03 01:30:00,20161.875360937498,20243.956789655866,1.1874603011924434,20119.822347508925,20245.981387794644,take_profit,20,23.941426588703344,24.038895026771563,97.46843806821879,49.488116452743874,49.93628399194285,0.9910252124633205,20.857689414174285,False
2022-11-03 01:35:00,2022-11-03 04:05:00,20250.6322817421,20339.320244589802,1.1019536155562812,20205.271232599243,20341.354380027806,take_profit,31,22.315257460166453,22.4129874814828,97.73002131634813,53.00177637469888,49.98577210839559,1.0603372547644758,22.399818688008427,False
2022-11-03 04:10:00,2022-11-03 04:30:00,20366.8392142734,20332.761649903317,1.5615603974291152,20334.79512941626,20430.927383987688,stop_loss,5,31.80404953781566,31.7508353628545,-53.21417496116395,-116.76905986183411,50.038773884770286,-2.33357156453775,15.733459924741082,False
2022-11-03 04:45:00,2022-11-03 06:50:00,20355.6173892031,20336.595043109402,1.0795249488120515,20309.372969488813,20448.106228631674,signal,25,21.97439682011718,21.9538617229241,-20.535097193084145,-64.46335573612542,49.92200482490846,-1.2912813890831882,22.718259451474783,False
2022-11-03 14:20:00,2022-11-03 18:00:00,20242.7037549687,20238.0931752813,0.4955693659611703,20142.09717011156,20443.91692468298,signal,44,10.03166386518964,10.029379003137244,-2.284862052398208,-22.345904920725093,49.857541469172325,-0.44819508267454194,49.70017151609356,False
2022-11-03 21:20:00,2022-11-03 22:10:00,20262.520189413997,20234.99704533926,1.9543641607631326,20237.020747414,20313.519073413994,stop_loss,11,39.60034326493012,39.54655301855893,-53.790246371187145,-132.9371426546762,49.8351955642516,-2.667535286046641,12.58453625789285,False
2022-11-04 00:35:00,2022-11-04 04:35:00,20292.507562851497,20329.080169671903,1.012912940880818,20243.438924851496,20390.644838851502,max_holding,48,20.55454351333415,20.591588380064284,37.044866730135084,-4.101265163263349,49.70225842159691,-0.0825166761734361,24.180667592716933,False
2022-11-04 04:40:00,2022-11-04 05:50:00,20332.9998926796,20385.409808395703,1.825505223998632,20305.775562393887,20387.44855325103,take_profit,15,37.11799752365024,37.21367209857931,95.67457492907506,21.342905306845516,49.69815715643366,0.42945063817285983,13.389234460929043,False
2022-11-04 05:55:00,2022-11-04 06:10:00,20442.9991735078,20529.62569362165,1.121327807597664,20398.659329507802,20531.6788615078,take_profit,4,22.92330344395036,23.020440169829435,97.13672587907672,51.192982265296926,49.71950006174049,1.0296359014416214,21.689500461096003,False
2022-11-04 06:15:00,2022-11-04 09:55:00,20561.1144988593,20589.2865684297,0.6195364115288372,20480.7791188593,20721.7852588593,signal,44,12.738359093656836,12.755812716543822,17.453622886985677,-8.040548923214981,49.77069304400579,-0.16155187785120378,39.07151044971678,False
2022-11-04 11:15:00,2022-11-04 11:45:00,20623.5777765625,20585.335791546902,1.4529714918579522,20589.328892276786,20692.07554513393,stop_loss,7,29.96547056946052,29.909906055440803,-55.56451401972082,-115.43989064462214,49.76265249508257,-2.3198098344140647,16.60666478763676,False
2022-11-04 13:05:00,2022-11-04 14:25:00,20763.6484222265,21048.484211299477,0.34604492842676043,20620.177998226496,21050.5892702265,take_profit,17,7.185155232147785,7.283721212390925,98.56598024313868,84.09710379859996,49.64721260443795,1.6938937633546531,69.09692414480712,False
2022-11-04 14:30:00,2022-11-04 15:55:00,21106.5928692421,20938.253299080145,0.2991437308679078,20940.347333813526,21439.083940099245,stop_loss,18,6.313904936815061,6.263547209744114,-50.35772707094734,-62.935179217506516,49.73130970823655,-1.2655041579788342,78.76474258942936,False
2022-11-04 18:50:00,2022-11-04 22:50:00,20992.614676562498,21167.627165586,0.5081337673746622,20894.8680245625,21188.107980562494,max_holding,48,10.667056382646328,10.755986138031457,88.92975538512879,67.506712864451,49.66837452901904,1.359148824671317,46.56239992302085,False
2022-11-04 22:55:00,2022-11-05 00:05:00,21178.5629565312,21127.48068916635,1.015654157128048,21129.5936485312,21276.5015725312,stop_loss,15,21.510095508798997,21.458213591594358,-51.88191720463718,-94.85022630503053,49.7358812418835,-1.907078429830965,23.122110834672196,False
2022-11-05 00:50:00,2022-11-05 04:50:00,21357.0222066718,21410.0130805704,0.46270657423949396,21249.73816581466,21571.59028838609,max_holding,48,9.882034581205907,9.906553806933484,24.519225727577197,4.730637339437806,49.64103101557846,0.0952969195573965,50.23361394624947,False
2022-11-05 11:10:00,2022-11-05 12:30:00,21361.0499534062,21315.165991919745,1.1347023844890374,21317.297721691913,21448.554416834777,stop_loss,17,24.23843431731946,24.186369676810973,-52.06464050848423,-100.48944450261466,49.6457616529179,-2.024129374933428,20.482247740500203,False
2022-11-05 15:45:00,2022-11-05 18:50:00,21319.5731501406,21275.5577774454,0.9352989954135438,21266.600493854887,21425.51846271203,signal,37,19.940175349972066,19.89900781610749,-41.16753386457443,-81.00671703065399,49.545272208415284,-1.635003975553796,24.84695913593593,False
2022-11-05 20:00:00,2022-11-05 22:45:00,21324.679129687498,21301.8735056094,1.5224479599579097,21292.189174830353,21389.659039401784,signal,33,32.465714237749744,32.43099386189648,-34.7203758532658,-99.61708395291203,49.46426549138463,-2.0139202101416567,15.235847001286574,False
2022-11-06 00:50:00,2022-11-06 01:50:00,21331.134853195297,21281.132643098383,1.0311394080211855,21283.2609691953,21426.882621195295,stop_loss,13,21.995373764943878,21.943814515624794,-51.55924931908336,-95.49843759965204,49.364648407431716,-1.9345511551394945,22.44319598065156,False
2022-11-06 08:10:00,2022-11-06 08:45:00,21199.3052645546,21247.56868776032,1.9555753797855773,21174.111068268885,21249.69365712603,take_profit,8,41.45683944392175,41.551222206087026,94.3827621652723,11.37470051526352,49.269149969832064,0.23086861701954162,11.884444311409206,False
2022-11-06 08:50:00,2022-11-06 09:55:00,21276.9497472265,21237.01333321609,1.3032865930043658,21239.137246940783,21352.57474779793,stop_loss,14,27.729963345587926,27.67791475263549,-52.04859295243652,-107.45647105065994,49.28052467034734,-2.180505823943018,17.77157944862134,False
2022-11-06 11:10:00,2022-11-06 11:20:00,21263.2100923984,21225.285462179698,2.22441903495265,21241.10406496983,21307.42214725554,stop_loss,3,47.29828927372829,47.213929004376276,-84.36026935202138,-178.87248763012593,49.17306819929668,-3.6376108748220095,10.396373516749945,False
2022-11-06 15:15:00,2022-11-06 16:00:00,21271.9238546875,21234.193079302117,1.375965342932301,21236.316710973213,21343.138142116066,stop_loss,10,29.26943000154488,29.217513762252633,-51.916239292248775,-110.40318305604629,48.994195711666556,-2.25339311019156,16.739033083008646,False
2022-11-06 17:15:00,2022-11-06 18:20:00,21269.714648789,21219.4188608985,0.9863837818740734,21220.15605564614,21368.83183507471,signal,13,20.98010157465487,20.9304906251831,-49.61094947176754,-91.5215416716055,48.88379252861051,-1.872226702092317,23.3000742892803,False
2022-11-07 10:25:00,2022-11-07 12:20:00,20793.6631423984,20734.622954735958,0.8565078698848676,20736.6966243984,20907.596178398406,stop_loss,24,17.809936125199137,17.759367739826775,-50.56838537236095,-86.13768923738685,48.7922709869389,-1.765396188680065,27.396095440175728,False
2022-11-07 16:00:00,2022-11-07 17:00:00,20782.165898788997,20701.5780721563,0.6353420944564513,20705.504626503283,20935.488443360424,stop_loss,13,13.20378480947804,13.152583970917528,-51.20083856051181,-77.55720734090738,48.70613329770151,-1.592349917552732,36.88800900688635,False
2022-11-07 19:25:00,2022-11-07 19:40:00,20767.0354798984,20834.3737084487,1.4009583172652535,20732.32454275554,20836.45735418412,take_profit,4,29.09375108050628,29.18808913186373,94.33805135745048,36.05621114508047,48.6285760903606,0.7414613801991975,16.71444014070199,False
2022-11-07 19:45:00,2022-11-07 21:30:00,20851.4755640625,20794.82277095924,0.8917329188500839,20796.902461205358,20960.62176977679,stop_loss,22,18.593947167072653,18.543428006517672,-50.51916055498128,-87.65653572857161,48.66463230150568,-1.8012369884044008,26.172297825866746,False
2022-11-08 01:55:00,2022-11-08 02:55:00,20636.6103296875,20571.59370086662,0.7715620053344955,20573.651065973216,20762.528857116067,stop_loss,13,15.922424449280252,15.872260088767124,-50.164360513128294,-81.95904505117566,48.57697576577711,-1.6871994141083708,30.508529602709437,False
2022-11-08 07:05:00,2022-11-08 08:55:00,19796.9345735078,19751.868365625,0.44020945988565335,19686.771069222083,20017.261582079227,signal,22,8.714797875995487,8.694959304964305,-19.838571031181548,-37.24832821214134,48.49501672072592,-0.768085686548945,55.64674868054397,False
2022-11-08 10:15:00,2022-11-08 10:40:00,19785.298644031198,19737.8482827735,0.9398175453890384,19733.737818602625,19888.420294888343,signal,5,18.59457080642247,18.549976124377437,-44.594682045033906,-81.73922897583381,48.457768392513785,-1.6868137284766431,26.06017041048171,False
2022-11-08 16:20:00,2022-11-08 17:30:00,20124.381376914,19839.265555374535,0.17086052091427925,19841.24968034257,20690.644770056853,stop_loss,15,3.4384622851371467,3.389747247348011,-48.715037789135565,-55.543247321620726,48.37602916353795,-1.148156396504839,140.69088200456568,False
2022-11-08 21:55:00,2022-11-09 00:55:00,18651.8493734375,18412.826501203202,0.2064141206591709,18417.7545074375,19120.0391054375,signal,36,3.8500050870854094,3.8006673910957374,-49.337695989672,-56.98836846785314,48.32048591621633,-1.1793831826663788,125.50758979073625,False
2022-11-09 04:40:00,2022-11-09 07:40:00,18337.0561782656,18278.0645887422,0.34898191252962424,18198.75818683703,18613.65216112274,signal,36,6.399300935254291,6.378713937519253,-20.586997735038942,-33.36501260781249,48.26349754774848,-0.6913094637371341,75.41995295433097,False
2022-11-09 12:15:00,2022-11-09 12:55:00,17917.3091297578,17719.507984317996,0.24603567965499945,17721.280112329227,18309.367164614945,stop_loss,9,4.408297329328687,4.359631190073867,-48.66613925481953,-57.434067774222086,48.230132535140655,-1.1908337123555572,109.40762142848774,False
2022-11-10 00:30:00,2022-11-10 04:30:00,16170.962637570301,16359.9282965547,0.18747985806452216,15914.013976713157,16684.85995928459,max_holding,48,3.031729780058371,3.0671570349838353,35.42725492546418,29.328368110421977,48.17269846736644,0.6088172148024851,158.89509277584412,False
2022-11-10 05:05:00,2022-11-10 08:30:00,16608.8931442421,16558.287364664102,0.2589188048090534,16422.7265702421,16981.226292242103,signal,41,4.300354762108445,4.28725197414368,-13.102787964766106,-21.69039470101823,48.202026835476865,-0.4499892665312991,112.08848921069854,False
2022-11-10 09:45:00,2022-11-10 10:05:00,16692.180769171802,16683.4623459141,0.250760690906524,16500.044050028944,17076.454207457522,signal,4,4.185742782414114,4.1835565445743965,-2.186237839716847,-10.555537166705356,48.18033644077584,-0.2190839239921128,115.10582218095107,False
2022-11-10 13:00:00,2022-11-10 13:30:00,16574.5303333046,17002.121804800183,0.2244150709445715,16359.884406447456,17003.822187018886,take_profit,7,3.719574400621504,3.815532371032479,95.95797041097507,88.42286363932108,48.169780903609144,1.8356501105176493,129.50347463290547,False
2022-11-10 13:35:00,2022-11-10 17:35:00,17332.0299046875,17612.6604328125,0.17546977843218814,17057.007024973213,17882.075664116073,max_holding,48,3.0412474471555746,3.090489623746976,49.24217659140148,43.11043952049893,48.25820376724847,0.8933287224784113,158.67897830011668,False
2022-11-10 20:30:00,2022-11-10 20:55:00,17471.1199833046,17712.53270489107,0.39724064096718015,17349.527907304604,17714.3041353046,take_profit,6,6.94023890058243,7.036137844843069,95.89894426064005,81.92256751521455,48.301314206768964,1.6960732613717142,69.59603970220029,False
2022-11-10 21:00:00,2022-11-10 22:10:00,18003.7709000703,17752.225410560666,0.19371109200856085,17754.00081064173,18503.311078927443,stop_loss,15,3.4875301213245686,3.4388029698618294,-48.727151462739116,-55.653484553925516,48.38323677428418,-1.1502637744878097,138.7320971894808,False
2022-11-11 05:30:00,2022-11-11 05:55:00,17157.0807705234,17319.795045803552,0.5877608152088215,17074.8575565234,17321.527198523403,take_profit,6,10.084259780286429,10.179896855371204,95.6370750847747,75.37291844911707,48.32758328973024,1.5596252350804813,47.923778584329135,False
2022-11-11 06:00:00,2022-11-11 07:00:00,17330.244569171802,17213.621248893487,0.4212550378301341,17215.342783171804,17560.048141171803,stop_loss,13,7.300452831591945,7.251324670396227,-49.12816119571747,-63.679938697705644,48.40295620817936,-1.3156208563753944,66.3013066788414,False
2022-11-11 07:30:00,2022-11-11 10:20:00,17380.0542376406,17284.5057515625,0.4268873609968339,17266.81763078346,17606.52745135489,signal,34,7.419325487488236,7.378537046419113,-40.788441069122754,-55.5863036030301,48.33927626948166,-1.1499200627900952,65.1531953288743,False
2022-11-11 11:40:00,2022-11-11 12:15:00,17380.9078379921,17286.800078813216,0.5226700759645763,17288.528931706387,17565.66565056353,stop_loss,8,9.08448042001663,9.035293110377747,-49.18730963888404,-67.30708316927841,48.28368996587863,-1.3939921165272027,53.149643935046576,False
2022-11-11 13:15:00,2022-11-11 14:00:00,17411.2468095859,17313.616279947284,0.5027829848950472,17315.347814728757,17603.044799300187,stop_loss,10,8.754078641667968,8.70499167255938,-49.08696910858787,-66.54603942281523,48.21638288270935,-1.3801541186673916,55.07876368988432,False
2022-11-11 17:35:00,2022-11-11 19:25:00,16821.2718019843,16814.8827965547,0.39791418580272225,16700.2662219843,17063.2829619843,signal,22,6.693422673252874,6.690880397359265,-2.5422758936094696,-15.926578964221608,48.149836843286536,-0.3307711927676496,71.936047062581,False
2022-11-11 22:00:00,2022-11-11 22:55:00,16792.2825753515,16926.826330861793,0.7066222680208428,16724.16427163721,16928.51918278007,take_profit,12,11.865800798641756,11.96087241230848,95.07161366672602,71.24494045577579,48.13391026432231,1.4801403015990533,40.565243830683606,False
2022-11-11 23:00:00,2022-11-11 23:15:00,16931.1909958046,16861.183279990764,0.7055642133242344,16862.86956694746,17067.833853518892,stop_loss,4,11.946042455597233,11.896647516662417,-49.394938934816764,-73.23762890707641,48.20515520477808,-1.5192903870127386,40.35240573098071,False
2022-11-11 23:20:00,2022-11-11 23:55:00,16858.0704034765,17022.172703967357,0.5805857259701837,16775.1680594765,17023.875091476504,take_profit,8,9.787555043658871,9.882830496922733,95.2754532638612,75.60506772327959,48.13191757587101,1.5707886062113,49.17665071733574,False
2022-11-12 00:00:00,2022-11-12 00:35:00,17038.5786875,16922.014660296903,0.4299829800521722,16926.46373207143,17262.808598357147,stop_loss,8,7.3262988399046804,7.27617829212101,-50.12054778367046,-64.72302491569616,48.20752264359429,-1.342591806556905,65.8006500922661,False
2022-11-12 02:55:00,2022-11-12 03:05:00,16930.6128129921,16871.067279250914,0.8320817294730755,16872.754554706386,17046.329329563534,stop_loss,3,14.08765359047348,14.038106839775713,-49.546750697764814,-77.67251112801401,48.14279961867859,-1.6133775298326938,34.17375314455084,False
2022-11-12 07:20:00,2022-11-12 08:25:00,16801.0314971562,16741.4780277657,0.8884789958814517,16746.933282870486,16909.227925727624,stop_loss,14,14.927363594365985,14.874451587680657,-52.912006685327526,-82.71382186737416,48.06512710755057,-1.7208697208330197,32.199341031454296,False
2022-11-12 08:45:00,2022-11-12 11:35:00,16840.0549301093,16819.390157773498,0.6302138359263144,16763.918211823584,16992.328366680737,signal,34,10.612835614714026,10.599812389271735,-13.023225442290846,-34.23587344627661,47.982413285683194,-0.7135087858636692,45.211680485429,False
2022-11-12 12:25:00,2022-11-12 13:10:00,16847.313468890603,16817.7653202735,0.8744645030349415,16792.481995176317,16956.976416319172,signal,9,14.732377600047297,14.706538792951239,-25.838807096059092,-55.27772348905762,47.948177412236916,-1.1528639141756016,32.546123045395596,False
2022-11-12 14:40:00,2022-11-12 17:10:00,16857.7871721562,16862.7627730782,0.8856973835807255,16803.71351158477,16965.934493299057,signal,30,14.930897991339464,14.935304868057822,4.406876718357256,-25.45932614104003,47.89289968874786,-0.5315887387587338,32.07636922878163,False
2022-11-12 20:20:00,2022-11-12 20:30:00,16872.2456488593,16841.622144497505,1.6540707359236495,16843.30647514502,16930.123996287868,stop_loss,3,27.9078877770933,27.85723433469702,-50.65344239627737,-106.41856450806767,47.867440362606814,-2.223193128814131,17.15193953226953,False
2022-11-12 23:25:00,2022-11-12 23:30:00,16825.145236288998,16785.6572034063,2.0236381236858434,16801.54367371757,16872.348361431854,stop_loss,2,34.04800533670568,33.96809584793488,-79.9094887707888,-147.92558995542936,47.76102179809874,-3.0972032085234398,14.027553545584551,False
2022-11-13 00:45:00,2022-11-13 04:45:00,16858.0450109375,16870.9650777657,1.1287560370212506,16815.86309150893,16942.408849794643,max_holding,48,19.02862007847168,19.043203681902728,14.583603431047845,-23.488220329326563,47.61309620814331,-0.49331428115169185,25.021833433949908,False
2022-11-13 11:40:00,2022-11-13 15:15:00,16662.863384726497,16622.5153162266,0.8733647855470694,16608.373429583637,16771.843295012215,signal,43,14.552758106601772,14.51751952440912,-35.23858219265156,-64.30885982366246,47.58960798781398,-1.3513214868281682,32.701435452448855,False
2022-11-13 20:00:00,2022-11-13 20:50:00,16551.7839188906,16513.377951659426,1.2930483426053663,16515.029454604886,16625.292847462028,stop_loss,11,21.402256763483646,21.35259599120922,-49.66077227442574,-92.41562502911862,47.525299127990316,-1.9445564094238361,22.205741970668058,False
2022-11-14 03:50:00,2022-11-14 04:15:00,16175.867425,16091.9483592285,0.5762732428890882,16093.557714999999,16340.486845000003,stop_loss,6,9.321719577548714,9.27335926537635,-48.360312172365425,-66.95539101529049,47.4328835029612,-1.4115817144262486,50.884263475596185,False
2022-11-14 06:55:00,2022-11-14 07:45:00,16410.5490938203,16774.545020698864,0.25906127595486156,16227.71231924887,16776.22264296316,take_profit,11,4.251337787364984,4.345635036624518,94.29724925953333,85.70027643554383,47.36592811194591,1.8093232805023367,111.41417238761383,False
2022-11-14 07:50:00,2022-11-14 11:50:00,16773.8139316718,16754.668115625,0.13873285075165298,16431.777938528943,17457.885917957516,max_holding,48,2.3270790247186213,2.3244228710784824,-2.65615364013919,-7.307655535936293,47.45162838838145,-0.15400220780885943,203.9106875372187,False
2022-11-14 13:05:00,2022-11-14 13:15:00,16804.5748204531,16913.84755225677,0.855127763450088,16749.09267759596,16915.539106167387,take_profit,3,14.370058481943724,14.463500628697078,93.44214675335402,64.60858764271322,47.44432073284551,1.3617770608734832,33.01609439687409,False
2022-11-14 13:20:00,2022-11-14 13:50:00,16981.7370659062,16876.732817554523,0.45983915844987594,16878.420659620486,17188.369878477628,stop_loss,7,7.808867681403372,7.760582616207675,-48.28506519569703,-63.85451549330808,47.508929320488214,-1.3440529266099632,60.83971615197113,False
2022-11-14 18:00:00,2022-11-14 19:45:00,16569.0668970156,16494.322992042384,0.6490939758325533,16495.972589301313,16715.255512444175,stop_loss,22,10.754881508019404,10.706365689571088,-48.51581844831569,-69.97706564590618,47.4450748049949,-1.4749068461483206,44.1149209962168,False
2022-11-14 22:25:00,2022-11-14 23:10:00,16414.0279566718,16507.749784027965,0.9934722251785226,16366.341572957515,16509.400724100375,take_profit,10,16.306880878257214,16.39999091062854,93.11003237132456,60.40316058243881,47.375097739348995,1.2749981206322434,29.05221304616053,False
2022-11-14 23:15:00,2022-11-14 23:40:00,16534.2216158359,16685.618735089516,0.6198051560127501,16457.6886918359,16687.2874638359,take_profit,6,10.247995808152554,10.341832523271423,93.8367151188681,73.24688678744413,47.43550089993144,1.54413646736784,46.287588117664164,False
2022-11-14 23:45:00,2022-11-15 00:55:00,16696.272975351498,16583.255667078505,0.4266276270487423,16584.914158494354,16918.990609065786,stop_loss,15,7.123091320032254,7.0748750139883105,-48.21630604394299,-62.414272377963556,47.50874778671888,-1.3137427376145563,66.69681133121252,False
2022-11-15 03:20:00,2022-11-15 04:55:00,16814.7984987187,16763.92718377286,0.9644591974831623,16765.603744147273,16913.188007861554,stop_loss,20,16.217187065915322,16.16812375832774,-49.06330758757972,-81.44861841182278,47.446333514340914,-1.7166472597340843,29.25682075534656,False
2022-11-15 07:25:00,2022-11-15 07:30:00,16871.3354018437,16806.796852930773,0.7535255670308832,16808.47770070084,16997.050804129412,stop_loss,2,12.712982575242489,12.664351128577524,-48.63144666496278,-74.0087803687828,47.364884895929094,-1.5625242314300163,37.25709888737549,False
2022-11-15 07:35:00,2022-11-15 10:05:00,16811.337215625,16808.7173971563,0.605154632998777,16733.190451910716,16967.63074305357,signal,30,10.17345860294023,10.17187320765628,-1.5853952839506866,-21.930727094547194,47.29087611556031,-0.4637411884896596,46.484561407555915,False
2022-11-15 12:50:00,2022-11-15 13:30:00,16850.7845189609,16954.353422629574,0.898098438494918,16798.152264675187,16956.04902753233,take_profit,9,15.133663263893123,15.226678334554588,93.01507066146712,62.6547290630194,47.26894538846577,1.3254945408261205,31.234304982352217,False
2022-11-15 13:35:00,2022-11-15 13:45:00,17037.309028546802,16949.402423079235,0.5490172711350679,16951.09753283252,17209.732019975374,stop_loss,3,9.353776910337622,9.30551466568907,-48.26224464855107,-66.92153622457776,47.33160011752878,-1.4138870449848588,50.601591818187124,False
2022-11-15 13:50:00,2022-11-15 17:50:00,16940.6118597968,17011.079971875,0.4139600876140336,16826.434962082516,17168.965655225373,max_holding,48,7.012737169716821,7.0419081555667065,29.170985849885973,15.116340524602446,47.26467858130421,0.3198231952133023,67.39833168909821,False
2022-11-15 18:00:00,2022-11-15 18:20:00,16994.8106391328,16942.670332084515,0.937238160155923,16944.364768561372,17095.70238027566,stop_loss,5,15.928185055619132,15.879317170171232,-48.86788544789929,-80.67538767368966,47.27979492182882,-1.7063396278912852,29.68310247321586,False
2022-11-15 21:45:00,2022-11-16 00:45:00,16859.3478752109,16812.4006227969,0.7086372926891963,16792.74240578233,16992.55881406804,signal,36,11.947162634794806,11.913894060944953,-33.26857384985337,-57.12963054559313,47.19911953415513,-1.2103961071615308,39.50655145238657,False
2022-11-16 02:30:00,2022-11-16 05:10:00,16881.6274469453,16892.154365625,0.9332469368101665,16831.113496088154,16982.655348659584,signal,32,15.754727103232131,15.764551317844013,9.824214611880997,-21.695063809195148,47.14198990360954,-0.4602067891821005,29.92244143279271,False
2022-11-16 17:15:00,2022-11-16 19:30:00,16522.6091267031,16516.436081211,0.803512940978218,16463.966269274526,16639.894841560246,signal,27,13.276130252030756,13.271170130092603,-4.960121938150939,-31.507422320274298,47.12029483980035,-0.6686592778630371,35.49249212329225,False
2022-11-16 21:05:00,2022-11-16 21:35:00,16580.2437955937,16548.762926203202,1.6539869539574423,16551.773929307987,16637.183528165122,stop_loss,7,27.423506931345806,27.371437984074685,-52.068947271118695,-106.86389218653919,47.08878741748008,-2.2694126998664164,17.170957578607982,False
2022-11-16 23:05:00,2022-11-17 02:30:00,16700.265562570297,16665.8176265625,0.6968811635907877,16632.84815199887,16835.10038371315,signal,41,11.638100497519149,11.614094379790735,-24.006117728414335,-47.25831260572422,46.98192352529353,-1.005882881323109,40.36906498213217,False
2022-11-17 06:10:00,2022-11-17 09:20:00,16573.9033176093,16565.1441009219,1.3685045481469715,16539.60700103787,16642.495950752153,signal,38,22.681462070696508,22.6694750428216,-11.987027874909414,-57.337964988427515,46.93466521268781,-1.2216549266644687,20.69296285503809,False
2022-11-17 11:35:00,2022-11-17 13:05:00,16576.897758023402,16539.07013703103,1.2959007091918828,16540.724209451975,16649.24485516626,stop_loss,19,21.48201356082386,21.432992719952804,-49.02084087105601,-91.93584715183268,46.877327247699384,-1.9612007029761844,21.821663558200264,False
2022-11-17 15:25:00,2022-11-17 15:50:00,16670.569233234302,16586.993515139122,0.5711326762288835,16588.65238037716,16834.402938948584,stop_loss,6,9.521106820435994,9.473373996892542,-47.73282354345116,-66.7273043607797,46.78539140054755,-1.4262423026346371,49.13860571349533,False
2022-11-17 17:05:00,2022-11-17 19:55:00,16673.3390421875,16648.6689506016,0.8469382515809448,16618.177211901788,16783.662702758927,signal,34,14.121288616406588,14.100394572172483,-20.894044234103994,-49.115727422683065,46.718664096186764,-1.0513084732380427,33.083853297855164,False
2022-11-17 21:15:00,2022-11-18 00:10:00,16699.1619362187,16748.038306033824,1.8464217689844906,16673.886265647274,16749.71327736156,take_profit,36,30.83369612283141,30.92394251604699,90.24639321558017,28.48875457670177,46.669548368764076,0.6104356174950536,15.13589165011155,False
2022-11-18 03:20:00,2022-11-18 04:10:00,16902.244742468698,16851.7326262032,0.9018523807478036,16850.464608468697,17005.8050104687,signal,10,15.243329660977443,15.197775188666792,-45.554472310649004,-75.99557716029324,46.69803712334078,-1.627382687618552,30.63506344213406,False
2022-11-18 10:20:00,2022-11-18 10:45:00,16782.4944876406,16752.2074237188,1.8102508162204793,16756.740022497743,16834.003417926317,stop_loss,6,30.380524344467094,30.32569716228173,-54.82718218536344,-115.53340369211226,46.62204154618049,-2.4780854690302023,15.346029257941794,False
2022-11-18 11:10:00,2022-11-18 14:35:00,16771.8938176796,16708.121988703202,0.9965521335676032,16725.226406536745,16865.228639965313,signal,41,16.7140665679779,16.650514615749962,-63.55195222793768,-96.91653341166554,46.50650814248838,-2.0839348573479017,27.824771400389864,False
2022-11-18 20:05:00,2022-11-19 00:05:00,16639.7673253515,16690.613974679698,1.4460129420411818,16607.6724593515,16703.9570573515,max_holding,48,24.061318905012246,24.134843818000252,73.52491298800592,25.328750264993428,46.40959160907671,0.5457654201817986,19.288049750011442,False
2022-11-19 00:10:00,2022-11-19 01:45:00,16686.9614972968,16655.1331481172,1.5130992013241173,16656.2728812968,16748.3387292968,signal,19,25.249028114086087,25.200868664362968,-48.15944972312214,-98.6093465015712,46.4349203593417,-2.123603222283402,18.39077533975904,False
2022-11-19 04:40:00,2022-11-19 05:15:00,16640.118923507798,16620.5174690313,2.618729300637524,16622.42472693637,16675.50731665065,stop_loss,8,43.5759669910828,43.52463608791008,-51.33090317271911,-138.431506251712,46.33631101284014,-2.987538352229887,10.633455597743179,False
2022-11-19 07:30:00,2022-11-19 08:25:00,16614.686692539,16591.66575317329,2.1626593830482874,16593.325085681856,16657.409906253288,stop_loss,12,35.931908072026985,35.88212162150114,-49.78645052583764,-121.60048021936576,46.19787950658843,-2.6321658378719293,12.857062701480501,False
2022-11-19 08:50:00,2022-11-19 12:50:00,16633.122129898402,16649.3270877813,1.9845858350300374,16609.90505446983,16679.556280755547,max_holding,48,33.00985857132101,33.042018701192674,32.160129871660054,-33.89174740085363,46.07627902636906,-0.7355573869464953,13.958338817725247,False
2022-11-19 14:20:00,2022-11-19 14:35:00,16660.912017609302,16644.983959603996,2.760736677527946,16646.648624466445,16689.438803895016,stop_loss,4,45.996390888080136,45.952417714143095,-43.97317393703951,-135.92198253926273,39.37747259548658,-3.4517701005229577,8.56099181592336,True
2022-11-19 15:15:00,2022-11-19 16:55:00,16667.0552098671,16652.7818202735,2.148175627985752,16645.685232152813,16709.795165295673,signal,20,35.80376179212946,35.77310004447574,-30.661747653716674,-102.23860949032186,45.90646529642894,-2.2271069843897346,12.82168772179696,False
2022-11-19 20:40:00,2022-11-19 21:35:00,16637.6968063203,16660.382162626414,2.75028862176027,16625.521025748865,16662.04836746316,take_profit,12,45.75846821871989,45.82085949604918,62.391277329288044,-29.188050385481027,33.4869107666627,-0.871625650656873,7.318188757237099,True
2022-11-19 21:40:00,2022-11-19 22:05:00,16664.5022205937,16690.119872545696,2.7441149289604603,16650.858805165128,16691.78905145084,take_profit,6,45.729309327225906,45.7996071083923,70.29778116638992,-21.231135269228282,37.439099959550425,-0.5670845531053528,8.18711249095124,True
2022-11-19 22:10:00,2022-11-19 22:25:00,16698.0895629921,16744.996369602715,1.8835907601472797,16673.798826134956,16746.671036706386,take_profit,4,31.452367212963647,31.540720440483415,88.35322751977088,25.360139866323816,45.75380750128391,0.5542738681499279,14.547015552592706,False
2022-11-19 22:30:00,2022-11-19 23:35:00,16771.430881390603,16727.16592122438,1.074828269325442,16728.83880510489,16856.615033962033,stop_loss,14,18.026408028356336,17.97883079782911,-47.57723052722144,-83.58246935340688,45.77916764115024,-1.8257752086841308,25.395612686197705,False
2022-11-20 07:35:00,2022-11-20 08:40:00,16704.9320441718,16687.832848277667,2.732721995866312,16689.501798457513,16735.792535600376,stop_loss,14,45.649935236560275,45.603207887828745,-46.72734873152698,-137.980491855916,42.166571865055595,-3.2722719859108014,9.236940128511966,True
2022-11-20 14:10:00,2022-11-20 14:35:00,16578.151789413998,16552.115273206113,1.868559315994379,16553.77065027114,16626.914067699716,stop_loss,6,30.977259968078407,30.928609193162128,-48.65077491628242,-110.55664407752296,45.55760467994091,-2.426744005841054,14.706789666641699,False
2022-11-20 15:35:00,2022-11-20 17:55:00,16577.241542398402,16553.62563485353,2.069501949348524,16555.28116296983,16621.162301255546,stop_loss,29,34.30663368681483,34.25776052011508,-48.87316669974386,-117.43756090667378,45.44704803586339,-2.5840525618737855,13.247306177210325,False
2022-11-20 19:10:00,2022-11-20 20:15:00,16579.841411359303,16557.211194365478,2.1611946535344373,16558.867081073586,16621.790071930733,stop_loss,14,35.832264614678586,35.78335631070321,-48.90830397537753,-120.52392490075933,45.3296104749567,-2.658834338921692,12.650501150962018,False
2022-11-21 04:30:00,2022-11-21 07:05:00,16181.191199324201,16106.755373379001,0.4725376111379346,16085.518208467058,16372.537181038488,signal,31,7.646221434694828,7.611047707319605,-35.173727375223955,-50.43099651723839,45.20908655005595,-1.1155057614667947,59.126049299225286,False
2022-11-21 10:15:00,2022-11-21 12:25:00,16076.667075956999,16053.829026543,0.5220114981207484,15990.158147099855,16249.684933671286,signal,26,8.392205065108826,8.38028334072007,-11.921724388756937,-28.69421279458583,45.15865555353871,-0.6354089253292065,53.810238433387376,False
2022-11-21 13:15:00,2022-11-21 15:45:00,16167.8597883164,16144.410787461002,0.778241304855519,16109.870112030685,16283.839140887829,signal,30,12.58249629838043,12.564247317357168,-18.248981023263497,-43.395724639001095,45.129961340744124,-0.9615723867200097,35.867255805633,False
2022-11-21 23:15:00,2022-11-22 03:15:00,15802.483410331999,15882.238765285201,0.4602884686433118,15704.530564046285,15998.389102903428,max_holding,48,7.273700889703056,7.310411359900569,36.71047019751321,22.126357947909582,45.086565616105126,0.4907527917807505,61.98572954784475,False
2022-11-22 03:30:00,2022-11-22 04:50:00,15866.0766830234,15836.905408074299,0.8414416489179875,15812.467865309114,15973.294318451974,signal,16,13.350377726022444,13.325831800328231,-24.545925694212066,-51.22213522056274,45.10869197405304,-1.1355269456721604,33.78832636782071,False
2022-11-22 10:55:00,2022-11-22 11:40:00,15759.4048839101,15717.497428066501,1.2480560456188872,15723.302763338672,15831.609125052957,stop_loss,10,19.668620540719818,19.61631768709771,-52.302853622109865,-91.58779184992738,45.05746983883246,-2.0326883017961452,22.908301955162678,False
2022-11-22 12:50:00,2022-11-22 13:10:00,15792.6962987187,15913.599757305341,0.7341669493073134,15731.448809861557,15915.191276432985,take_profit,5,11.59447566296721,11.683238986318466,88.76332335125743,65.48560870197174,44.965882046982536,1.4563399119703513,38.7821608790846,False
2022-11-22 13:15:00,2022-11-22 14:10:00,15961.9143908359,16168.020641932475,0.4335708715720969,15858.05278340733,16169.637605693044,take_profit,12,6.920621134393918,7.009982801318317,89.36166692439942,75.43106298868719,45.031367655684505,1.6750782158215263,65.06839022279203,False
2022-11-22 14:15:00,2022-11-22 17:45:00,16145.408324394499,16126.1098837344,0.3026168556218938,15996.3525203945,16443.519932394498,signal,42,4.885872699859812,4.880032666428847,-5.840033430964865,-15.605938797253522,45.10679871867318,-0.34597752978628077,92.32086361965061,False
2022-11-22 19:40:00,2022-11-22 21:00:00,16189.522110332,16128.033866506023,0.7530853037409946,16129.646831189142,16309.272668617716,stop_loss,17,12.192091175880922,12.145785283102736,-46.30589277818653,-70.64376923717019,45.09119277987593,-1.5666866383871374,36.983969467910356,False
2022-11-22 23:15:00,2022-11-23 02:15:00,16185.9172578828,16279.115633797695,0.9495356807091591,16138.504032739944,16280.743708168513,take_profit,37,15.36910596136587,15.457601144681208,88.49518331533812,57.66847620929104,45.02054901063876,1.2809367605815616,29.292887383175884,False
2022-11-23 02:20:00,2022-11-23 02:25:00,16306.720351984299,16401.318337835215,0.9368042879376637,16258.601211127156,16402.958633698585,take_profit,2,15.276205547939261,15.364825346714664,88.61979877540483,57.97876788075091,45.07821748684805,1.2861814666399953,29.508779091368698,False
2022-11-23 02:30:00,2022-11-23 05:40:00,16418.917117539,16498.744491546902,0.52559832435138,16333.041280110428,16590.668792396144,signal,38,8.629755324642689,8.671712458658613,41.957134015924254,24.655666232622956,45.1361962547288,0.5462504215791079,52.302984912955964,False
2022-11-23 07:40:00,2022-11-23 08:25:00,16566.2384892031,16512.9129965547,0.9214401603871313,16517.22732834596,16664.260810917378,stop_loss,10,15.264797450502773,15.215661200004108,-49.136250498664985,-79.61670914917187,45.16085192096142,-1.762958530731741,29.584966369451543,False
2022-11-23 08:30:00,2022-11-23 12:30:00,16520.5034471562,16539.3341821719,0.7166479499472329,16457.5977551562,16646.314831156196,max_holding,48,11.839384927500685,11.852879935145687,13.495007645001744,-10.197257217644628,45.08123521181224,-0.22619737834895726,38.07734564580035,False
2022-11-23 18:40:00,2022-11-23 19:00:00,16452.5630597968,16539.442432999676,1.0181693185463143,16408.29631836823,16541.09654265394,take_profit,5,16.75149491893357,16.83995283114328,88.45791220970246,54.866464459625604,45.071037954594594,1.217333057980584,26.905681058740928,False
2022-11-23 19:05:00,2022-11-23 19:25:00,16567.127250070298,16500.021446623206,0.6894120503554354,16501.671613784583,16698.038522641727,stop_loss,5,11.421577165970369,11.375313616425164,-46.263549545208264,-69.0604403276038,45.12590441905422,-1.530394597441981,39.50934600652444,False
2022-11-23 20:40:00,2022-11-23 22:45:00,16521.5133141328,16489.766873398497,0.9267784345298761,16472.896684418512,16618.746573561373,signal,25,15.311782245336502,15.282360328690869,-29.42191664563299,-60.01605921966036,45.05684397872662,-1.3320076134936718,29.426257020112434,False
2022-11-23 23:35:00,2022-11-24 01:45:00,16558.2650359375,16650.31747138482,0.9602638508071234,16511.406219080356,16651.982669651785,take_profit,27,15.900303346094296,15.988697972233114,88.39462613881767,56.50562482049027,44.99682791950696,1.255769071579244,28.29935186774902,False
2022-11-24 01:50:00,2022-11-24 04:50:00,16708.9402579531,16686.559692148498,0.6486608638346196,16639.48434338167,16847.85208709596,signal,36,10.83843562148491,10.823918224336989,-14.517397147921963,-36.179750993743866,45.05333354432745,-0.8030427084412528,41.56811473329115,False
2022-11-24 07:15:00,2022-11-24 08:00:00,16682.007876984302,16646.288952180974,1.321929368000912,16647.95374755573,16750.11613584145,stop_loss,10,22.052436129808097,22.005218234117162,-47.21789569093583,-91.2755500548611,45.017153793333705,-2.0275726553902547,20.41368741682212,False
2022-11-24 13:55:00,2022-11-24 14:15:00,16574.8663048984,16541.528950571508,1.4179789538879974,16543.1832688984,16638.23237689841,stop_loss,5,23.502811583853255,23.455539917039413,-47.27166681384202,-94.23001831473469,44.925878243278845,-2.0974552306906102,19.115108029944608,False
2022-11-24 15:55:00,2022-11-24 16:15:00,16561.5016875703,16627.371149879255,1.3277085068998113,16527.735504713157,16629.034053284584,take_profit,5,21.98884667762267,22.076302123075184,87.45544545251485,43.390296651816996,44.831648224964106,0.9678496858756019,20.388358190058145,False
2022-11-24 16:20:00,2022-11-24 16:25:00,16642.9824908359,16593.7291321329,1.0189567860167246,16598.942312550185,16731.06284740733,stop_loss,2,16.95847994859477,16.908292904510233,-50.18704408453891,-84.05381693764392,44.875038521615934,-1.873063950622703,26.46171039954227,False
2022-11-24 16:30:00,2022-11-24 18:40:00,16578.4604142734,16589.9756015235,0.8091274698090336,16523.10327170197,16689.174699416257,signal,26,13.414087728330259,13.423404982654311,9.317254324051472,-17.520238386933098,44.79098470467828,-0.39115546359272524,33.39100325852254,False
2022-11-24 22:45:00,2022-11-25 00:10:00,16591.4812472265,16561.516335675493,1.5816209033341533,16563.172652940786,16648.09843579793,stop_loss,18,26.241433557890044,26.19404042741441,-47.39313047563231,-99.82860446093676,44.77346446629135,-2.2296377028428265,17.062125957226627,False
2022-11-25 07:35:00,2022-11-25 10:25:00,16443.2984614296,16444.048789664103,2.335331291134738,16424.168997429602,16481.557389429596,signal,34,38.400549426444236,38.4023016914489,1.752265004655283,-75.05058611323784,44.67363586183041,-1.679974881501906,11.633592885800288,False
2022-11-25 11:00:00,2022-11-25 12:25:00,16476.8506453125,16552.219810935512,1.1580355472624226,16438.33836874107,16553.875198455356,take_profit,18,19.080778754205664,19.16805892716462,87.28017295895596,49.03133527758567,44.598585275717184,1.0993921662416948,23.373566587730096,False
2022-11-25 12:35:00,2022-11-25 12:40:00,16568.1918095156,16536.19873883462,1.471610684968553,16537.85252408703,16628.870380372744,stop_loss,2,24.381928097491624,24.33484675283254,-47.08134465908305,-95.7981195094072,44.64761661099477,-2.145649124881087,18.311766170612263,False
2022-11-25 15:25:00,2022-11-25 15:45:00,16537.559840625,16500.465991290424,1.2569764664288343,16502.116202910714,16608.44711605357,stop_loss,5,20.787323531824207,20.74069743616139,-46.62609566281736,-88.15411663080295,44.551818491485356,-1.9786872818143386,21.43220526840748,False
2022-11-25 18:00:00,2022-11-25 20:20:00,16512.6237532656,16560.662833359074,1.7894510602874556,16487.776097265603,16562.3190652656,take_profit,29,29.548532083408954,29.634495666217457,85.96358280849904,26.780555058872626,44.46366437485455,0.6023020242573119,15.047672841866893,False
2022-11-25 20:25:00,2022-11-25 20:55:00,16566.71900625,16531.9384368204,1.4839809591341557,16536.73853739286,16626.67994396429,stop_loss,7,24.584695560600924,24.533081857819553,-51.613702781370336,-100.73148019979081,44.49044492991344,-2.2641149208211977,18.09680531542281,False
2022-11-25 23:35:00,2022-11-26 00:00:00,16551.655,16519.9240133829,1.4829120221412262,16521.720848285713,16611.52330342857,stop_loss,6,24.544648185833935,24.49759392430504,-47.05426152889712,-96.0965036390361,44.389713449713646,-2.1648372149979718,18.08529220448692,False
2022-11-26 01:05:00,2022-11-26 01:25:00,16586.6565458046,16655.963996542938,1.2481784219152292,16551.169938947456,16657.629759518888,take_profit,5,20.70310679219229,20.789614856681837,86.50806448954741,45.015342840673284,44.2936169460746,1.016294128688505,21.394671529578808,False
2022-11-26 01:30:00,2022-11-26 04:20:00,16666.7446328125,16618.8594318516,0.823152854961355,16612.880235669643,16774.473427098215,signal,34,13.719278427411451,13.679861587530088,-39.416839881363025,-66.81597989630457,44.33863228891528,-1.5069472477392736,32.3184871008417,False
2022-11-26 05:30:00,2022-11-26 06:10:00,16637.9370643437,16600.9705959141,1.770042937148125,16612.925345486557,16687.960502057984,stop_loss,9,29.449862989456577,29.384430753101455,-65.43223635512325,-124.26653009768128,44.27181630901897,-2.8068992975191294,15.032944745742567,False
2022-11-26 09:15:00,2022-11-26 11:10:00,16599.898104828102,16583.213390211793,2.656850424868642,16584.87187739953,16629.95055968524,stop_loss,24,44.1034463325887,44.05911754147156,-44.32879111715278,-132.49135499121303,39.92243872777055,-3.318718976429924,9.051999797637412,True
2022-11-26 13:55:00,2022-11-26 14:40:00,16610.3386017734,16638.527262073858,2.6472119798869675,16595.41226205911,16640.191281201976,take_profit,10,43.97108733659349,44.045708695837824,74.62135924433349,-13.395436788097825,39.513185307529774,-0.33901181805115427,8.986174256975044,True
2022-11-26 14:45:00,2022-11-26 14:45:00,16641.2967752812,16615.755569835757,1.8426570844980348,16617.417311566915,16689.05570270977,stop_loss,1,30.664203398206208,30.61713971504554,-47.06368316066488,-108.34502627391663,44.00166298714197,-2.4622938979732854,14.349520975886817,False
2022-11-26 20:55:00,2022-11-26 21:25:00,16498.6243064609,16523.96058457488,2.657765137133532,16485.129886746614,16525.61314588947,take_profit,7,43.84946849237568,43.91680636905174,67.33787667605634,-20.42839818537108,35.864998262478835,-0.5695915007681128,8.179118127444317,True
2022-11-26 21:30:00,2022-11-26 21:45:00,16529.9184515625,16511.622034797714,2.6357857523660098,16513.27336213393,16563.208630419642,stop_loss,4,43.56932354240045,43.52109810777248,-48.225434627968866,-135.31585627814178,43.87288956268268,-3.0842704373235192,10.069674256013364,False
2022-11-26 21:55:00,2022-11-26 22:25:00,16516.5323470859,16492.34555958999,1.9406673793078102,16493.9949590859,16561.6071230859,stop_loss,7,32.05309554527187,32.00615703576831,-46.93850950356221,-110.9977620846024,43.73757370640455,-2.5378125185839666,13.645350928627,False
2022-11-27 01:30:00,2022-11-27 03:00:00,16489.0432704531,16541.101049206343,1.6244612694295033,16462.187243310244,16542.755324738817,take_profit,19,26.785812162798255,26.870378008155427,84.56584535717175,30.909655186218075,43.62657594431995,0.708505183300832,16.28719550453324,False
2022-11-27 03:05:00,2022-11-27 07:05:00,16544.2616817421,16559.4161577735,1.5596310831694598,16516.26949431353,16600.246056599244,max_holding,48,25.80294476693442,25.826580158802134,23.635391867716592,-27.994133058019962,43.65748559950617,-0.6412218356967543,16.91957487559781,False
2022-11-27 07:10:00,2022-11-27 07:35:00,16564.587933164,16558.1037890235,2.2196244316593576,16544.931683735427,16603.900432021142,signal,5,36.7671640768206,36.75277171206794,-14.392364752655944,-87.91230054154448,43.62949146644815,-2.0149742201132597,11.866428255192472,False
2022-11-27 08:15:00,2022-11-27 08:25:00,16570.2623285468,16558.230781869745,2.6250689471514566,16559.8867705468,16591.013444546796,stop_loss,3,43.49808108482179,43.46649744525365,-31.58363956814117,-118.54821809821661,27.23655511516816,-4.352540825994422,6.261553253822058,True
2022-11-27 10:55:00,2022-11-27 11:40:00,16563.124896875,16537.06477472463,1.7791766633331922,16538.71864658929,16611.93739744643,stop_loss,10,29.46872528839299,29.422359727219437,-46.3655611735528,-105.25664618916522,43.423030947808385,-2.4239820181063996,14.73529327205465,False
2022-11-27 12:45:00,2022-11-27 13:15:00,16578.0111503515,16551.77489218512,1.7622523022380017,16553.43023520864,16627.172980637213,stop_loss,7,29.214638316234193,29.16840340987838,-46.234906355813976,-104.61794808192656,43.317774301619224,-2.4151275029385784,14.827421045821437,False
2022-11-27 13:35:00,2022-11-27 13:45:00,16562.650239413997,16540.21647663334,2.079597627387094,16541.870663699712,16604.209390842567,stop_loss,3,34.44364814112763,34.396994941275615,-46.653199852017636,-115.49384293442088,43.2131563535373,-2.6726546422468607,12.546045115917437,False
2022-11-27 15:55:00,2022-11-27 17:05:00,16573.1356628515,16543.3474528047,1.5964076602716128,16546.139010565785,16627.128967422923,stop_loss,15,26.457480726896787,26.4099266001923,-47.55412670448776,-100.42153403157684,43.09766251060287,-2.3300923572565257,16.289405236829523,False
2022-11-27 19:10:00,2022-11-27 19:40:00,16561.2106424687,16545.76404887534,2.5936682780745324,16547.418790754415,16588.794345897273,stop_loss,7,42.95428668988142,42.914223350074,-40.06333980741283,-125.93184984736826,35.77148828725189,-3.52045318428217,8.327804054927642,True
2022-11-27 20:55:00,2022-11-27 21:55:00,16564.0507704531,16588.27124200103,2.5856284335034245,16551.111038167386,16589.93023502453,take_profit,13,42.82848064607784,42.891105785985026,62.625139907181904,-23.094446524880965,33.45733971986658,-0.6902654759238898,7.811937107073293,True
2022-11-27 22:00:00,2022-11-27 23:00:00,16590.9518972968,16573.202892401816,2.580045408841339,16574.86037843966,16623.134935011083,stop_loss,13,42.80540927092811,42.759616032337306,-45.79323859080581,-131.35826389407123,41.51684934865211,-3.1639747706032497,9.698972642891855,True
2022-11-28 04:25:00,2022-11-28 06:00:00,16199.6920722265,16166.7786674493,1.4290654638438685,16169.800609940787,16259.474996797928,stop_loss,20,23.150420465324203,23.10338505525959,-47.0354100646109,-93.2892155851947,42.71685641630497,-2.183897023601819,18.451870660530034,False
2022-11-28 07:10:00,2022-11-28 10:05:00,16208.163622296799,16198.4835046485,1.7028141897523228,16183.132372582513,16258.22612172537,signal,35,27.5994910058744,27.583007564184403,-16.483441689994773,-71.66594026005357,42.62356720071977,-1.6813688991015134,15.443606257683367,False
2022-11-28 12:15:00,2022-11-28 12:40:00,16231.7509417929,16208.279226342693,1.9473907811235303,16209.900216364329,16275.45239265004,stop_loss,6,31.609562145540675,31.563853543255785,-45.70860228488751,-108.88201797368397,42.551901260459715,-2.5588050063196555,13.461718028404496,False
2022-11-28 14:45:00,2022-11-28 15:10:00,16263.478724253899,16205.5706868594,0.9612250251977128,16219.323590825328,16351.78899111104,stop_loss,6,15.63286274652342,15.577200091819742,-55.66265470367646,-86.87271754201963,42.44301924248603,-2.0468081463690706,27.14987007221368,False
2022-11-28 17:10:00,2022-11-28 18:10:00,16311.0772336289,16181.9539077735,0.3343459487691565,16184.393639343185,16564.444422200326,stop_loss,13,5.453542593124643,5.410370732233291,-43.171860891352146,-54.03577421671008,42.35614652494401,-1.275748118042037,77.66721502889331,False
2022-11-28 20:25:00,2022-11-28 21:45:00,16240.8446250703,16206.738018899108,1.302173547946649,16208.358854784587,16305.816165641729,stop_loss,17,21.148398267078058,21.103985546711698,-44.41272036635982,-86.66510418014957,42.3021107507273,-2.048718199686041,20.00251282224974,False
2022-11-29 03:30:00,2022-11-29 04:25:00,16288.154042539001,16340.61858925755,1.5606803661475428,16261.104656539,16342.252814539004,take_profit,12,25.42060221497735,25.50248260295982,81.88038798247018,30.957303164533013,42.215445646547145,0.7333169812709308,16.60678424906653,False
2022-11-29 04:30:00,2022-11-29 05:10:00,16378.4374839804,16475.424821298977,0.8566205476617839,16329.119961694685,16477.07252855183,take_profit,9,14.03010608737158,14.113187433381677,83.08134601009714,54.93805248934388,42.24640294971168,1.300419648857201,30.11124982706826,False
2022-11-29 05:15:00,2022-11-29 08:15:00,16492.2740625,16442.162259336,0.5542058833795708,16415.94621707143,16644.929753357144,signal,36,9.140115315745795,9.112343059605548,-27.772256140247716,-46.02471451559906,42.30134100220102,-1.0880202240681756,46.280970798396766,False
2022-11-29 08:55:00,2022-11-29 12:20:00,16516.387801632798,16487.3862524844,1.0705261713514465,16476.916261918508,16595.330881061378,signal,41,17.681225397837693,17.650178480464596,-31.046917373094583,-66.37832125139687,42.25531628768541,-1.5708868630748292,23.898409378827886,False
2022-11-29 17:25:00,2022-11-29 17:50:00,16395.9870907656,16389.2144296485,1.5927061517792243,16369.498251051316,16448.96477019417,signal,5,26.11398950395512,26.103202644929993,-10.786859025124247,-63.00405117400936,42.18893796643402,-1.4933784591623538,16.15568466091489,False
2022-11-29 19:10:00,2022-11-29 23:10:00,16443.0855501406,16474.5535508829,1.233461152868121,16408.932926997742,16511.390796426316,max_holding,48,20.281907259385566,20.32072181585962,38.81455647405376,-1.788072601191427,42.12593391526,-0.04244588629864661,20.77020340173678,False
2022-11-30 00:45:00,2022-11-30 02:05:00,16736.0914097968,16920.294300289766,0.45320342820122816,16643.14386522537,16921.98649893966,take_profit,17,7.5848540016090364,7.668335383065023,83.48138145598706,68.228192071313,42.12414584265881,1.619693187991454,55.53718744450806,False
2022-11-30 02:10:00,2022-11-30 04:05:00,16929.9408708046,16871.2736409063,0.6691452979889475,16866.886741661743,17056.049129090316,signal,23,11.328590328929806,11.289333427897322,-39.25690103248365,-61.87482478931078,42.19237403473013,-1.466493085655225,37.24415201685202,False
2022-11-30 07:40:00,2022-11-30 09:30:00,16884.869958164,16864.640357179298,2.2720472019789613,16866.326989878286,16921.955894735427,stop_loss,23,38.363221544225134,38.317258935910694,-45.96260831444164,-122.64308879457747,42.13049920994081,-2.911028615716936,10.98200242682246,False
2022-11-30 16:15:00,2022-11-30 17:20:00,16878.3282890625,16844.991278610734,1.3271641947876571,16846.675946205356,16941.63297477679,stop_loss,14,22.40031297311537,22.356069286482523,-44.24368663284723,-89.00006889244511,42.00785612114624,-2.1186529642402667,18.753245176334655,False
2022-11-30 19:05:00,2022-11-30 23:00:00,16955.601640625,17127.963449554707,0.4816189556911912,16868.564252339285,17129.676417196428,take_profit,48,8.16613915527366,8.24915186969143,83.01271441777098,66.5974233928059,41.91885605225379,1.5887223475227743,51.33252722638551,False
2022-11-30 23:05:00,2022-12-01 03:05:00,17132.8771784062,17131.442934375,1.0876777415975163,17094.276173834773,17210.07918754906,max_holding,48,18.635049156476487,18.63348916116773,-1.5599953087546174,-38.82853362639884,41.98545347564659,-0.924809199665334,22.530369049793908,False
2022-12-01 03:40:00,2022-12-01 05:30:00,17153.1585033359,17130.688566298108,2.0208718771928273,17132.401806478756,17194.671897050186,stop_loss,23,34.66433562442253,34.61892676058056,-45.40886384196936,-114.69212622697245,41.946624942020186,-2.7342396768632318,12.100801641346608,False
2022-12-01 09:20:00,2022-12-01 10:05:00,17102.3077157656,17107.294958414102,1.713788491333063,17077.898675194174,17151.125796908455,signal,9,29.309738138515733,29.31828521757022,8.547079054487648,-50.08094430159831,41.83193281579321,-1.1971941273220532,14.272366616889743,False
2022-12-01 12:20:00,2022-12-01 13:35:00,17132.238442538997,17186.90908945806,1.4819015835814042,17104.043687681853,17188.627952253282,take_profit,16,25.388291278292748,25.469307796537528,81.01651824477669,30.158919169946415,41.78185187149161,0.7218186322307151,16.4571342803269,False
2022-12-01 13:40:00,2022-12-01 13:45:00,17181.7512063203,17140.28365767741,1.051785874465998,17141.997857463157,17261.25790403458,stop_loss,2,18.071523217396816,18.02790823548549,-43.61498191132294,-79.71441336420526,41.81201079066157,-1.9064955704548163,23.13695989412261,False
2022-12-02 05:00:00,2022-12-02 09:00:00,16939.369548578103,16966.859784336,1.9243547899509275,16917.683164863818,16982.742316006676,max_holding,48,32.597356929555154,32.65025789641275,52.900966857590525,-12.346647968377376,41.73229637729736,-0.29585354845447787,12.802355868140893,False
2022-12-02 09:10:00,2022-12-02 10:55:00,16972.6502203125,16963.988977445402,2.45561364411973,16956.61617974107,17004.718301455356,signal,21,41.67827145787111,41.65700279171164,-21.268666159475643,-104.6039404090584,39.373408797565176,-2.656715372216566,9.446986983940608,True
2022-12-02 11:35:00,2022-12-02 13:05:00,17002.063317328102,17057.98681204997,1.4442385162185871,16973.2485853281,17059.692781328104,take_profit,19,24.555034698072408,24.635801563111276,80.76686503886911,31.576028777685433,41.615345788919925,0.7587592552479173,16.94778537298779,False
2022-12-02 13:10:00,2022-12-02 13:25:00,17074.9495112187,17037.481084147006,1.1644762777746793,17039.18500264727,17146.478528361557,stop_loss,4,19.883373650014533,19.839742555524015,-43.631094490517604,-83.35421069605616,41.64692181769762,-2.0014494963379326,20.945601360595656,False
2022-12-02 17:15:00,2022-12-02 21:00:00,16965.2725286171,17020.369428882066,1.4635288999661868,16936.872974902813,17022.07163604567,take_profit,46,24.829166641433556,24.909802547269887,80.63590583633147,30.896936647628028,41.56356760700156,0.7433658472191234,16.739815801003385,False
2022-12-02 21:05:00,2022-12-02 21:40:00,17031.9901377109,17008.9219836954,1.994095075419313,17011.13132056804,17073.70777199662,stop_loss,8,33.963407658199614,33.91740756587829,-46.000092321326655,-113.88090754540455,41.594464543649195,-2.7378861296771357,12.246846653977387,False
2022-12-02 21:45:00,2022-12-02 22:45:00,17011.5173876406,17057.866118433038,1.7263907170139363,16987.4900436406,17059.5720756406,take_profit,13,29.368525700343902,29.448541718929345,80.01601858544119,21.19895116616794,41.48058363610379,0.5110572057553414,14.124162737804049,False
2022-12-02 22:50:00,2022-12-03 00:05:00,17065.921264484303,17110.88076471048,1.7784918478041778,17042.58588477002,17112.59202391287,take_profit,16,30.351601844153297,30.431561948786904,79.96010463360699,19.17694084066679,41.501782587269965,0.4620751120832343,13.67367126136196,False
2022-12-03 09:55:00,2022-12-03 11:05:00,16988.3392890625,16967.579861383594,2.178148696556623,16969.2767890625,17026.4642890625,stop_loss,15,37.003129079133146,36.957911958793076,-45.21712034007041,-119.17816137799663,41.52095952811062,-2.870313276293876,11.220932002619522,False
2022-12-03 13:50:00,2022-12-03 14:25:00,16974.1386501406,16955.03616924207,2.3784821459681114,16956.731842426314,17008.952265569173,stop_loss,8,40.372685722546684,40.32725081278583,-45.43490976085337,-126.13484629618588,41.40178136673263,-3.0466043279369233,10.254898980775815,False
2022-12-03 15:45:00,2022-12-03 16:55:00,16972.8553188203,16960.167094671902,2.4294328404841496,16957.059002248872,17004.447951963157,signal,14,41.234412108328115,41.20358691989457,-30.825188433542497,-113.26318746176517,38.3760902373116,-2.9513998628146783,9.306811538016516,True
2022-12-03 17:45:00,2022-12-03 19:40:00,16980.3306752812,16962.37087512444,2.4216997217118554,16964.067281852625,17012.85746213834,stop_loss,24,41.12126207090376,41.077768827862144,-43.493243041619955,-125.69227394038586,39.38505534006609,-3.19136974304363,9.577783695489696,True
2022-12-04 00:30:00,2022-12-04 01:25:00,16949.251395664,17010.94410484135,1.2946559003852536,16917.554408806856,17012.645369378286,take_profit,12,21.94344832650939,22.0233191564566,79.87082994720828,35.90406246424229,41.03669105903428,0.8749258660400193,18.70111317438598,False
2022-12-04 01:30:00,2022-12-04 01:45:00,17019.1372895546,16983.2312074417,1.2006866356458774,16984.92970041174,17087.55246784032,stop_loss,4,20.434650693790612,20.391538740859247,-43.11195293136536,-83.93814236601521,41.07259512149852,-2.0436532465921466,20.099484809876916,False
2022-12-04 01:50:00,2022-12-04 03:50:00,16984.2314563203,16968.230741226602,1.016393007897804,16943.903889463156,17064.886590034588,signal,24,17.26265409672189,17.246391081779294,-16.263014942599597,-50.77206012110078,40.98865697913251,-1.2386856233652408,23.744122282399253,False
2022-12-04 04:50:00,2022-12-04 05:05:00,16996.5510471562,17031.893446904112,2.210125291017296,16978.028167441917,17033.59680658477,take_profit,4,37.56450732938643,37.64261846091453,78.11113152810198,2.904005737801022,40.9378849190114,0.07093687774896285,10.898022582871999,False
2022-12-04 05:10:00,2022-12-04 06:55:00,17043.3897145546,17014.680263792972,1.5158868870432332,17016.38190198317,17097.405339697456,stop_loss,22,25.83585097906083,25.792330699117066,-43.52027994376452,-95.1484616219424,40.94078892474921,-2.3240505159006353,15.846502969045016,False
2022-12-04 09:10:00,2022-12-04 10:30:00,17025.8352252812,17005.7914377813,1.5025533533629238,16998.651072138346,17080.203531566913,signal,16,25.58222581155086,25.55210895142879,-30.11686012206957,-81.25119488504922,40.84564046312727,-1.9892256300497333,15.966413854686833,False
2022-12-04 14:55:00,2022-12-04 15:05:00,16981.824965695298,17033.1717027477,1.536822495948312,16955.299853409582,17034.875190266725,take_profit,3,26.09805062953721,26.17696145013288,78.91082059567303,26.63580851600294,40.76438926824222,0.6534087470495664,15.619706562338402,False
2022-12-04 15:10:00,2022-12-04 17:10:00,17046.7533328828,17002.6862793282,1.0324945437049402,17007.24607802566,17125.767842597084,stop_loss,25,17.600679804085495,17.55518081173322,-45.49899235227562,-80.65485296809433,40.79102507675822,-1.9772695786958687,23.17582362204541,False
2022-12-04 18:15:00,2022-12-04 22:15:00,17090.4979409062,17108.7440324922,0.9091280976686973,17045.718365477627,17180.057091763345,max_holding,48,15.537451881226842,15.55403991576031,16.58803453346831,-14.503457263518841,40.71037022379012,-0.3562595275796186,26.201445729320977,False
2022-12-04 22:20:00,2022-12-04 23:35:00,17109.7947923984,17147.056478120016,2.0882224487412056,17090.30651096983,17148.77135525554,take_profit,16,35.72905757884171,35.806868267443534,77.81068860181867,6.274762755533423,40.6958667665266,0.1541867332997703,11.39013159715306,False
2022-12-04 23:40:00,2022-12-05 00:40:00,17125.2943892031,17191.09966102309,1.205550848999459,17091.532112345958,17192.818942917384,take_profit,13,20.645413190269473,20.7247447915807,79.33160131122985,37.96144332937968,40.70214152928214,0.9326645209090354,19.714859254289827,False
2022-12-05 00:45:00,2022-12-05 03:55:00,17220.3058423984,17208.6324796485,0.5917475655178844,17151.458743826974,17358.000039541253,signal,38,10.190074059712655,10.183166375723996,-6.907683988661412,-27.280924424098064,40.74010297261152,-0.6696331730540372,39.98018339599813,False
2022-12-05 05:05:00,2022-12-05 05:45:00,17372.8445317421,17316.15571213487,0.7408118927315845,17317.887500884957,17482.758593456383,stop_loss,9,12.870009839691424,12.828014087941472,-41.99575174995042,-67.69377567758332,40.71282204818742,-1.6627139135052202,31.63387017982542,False
2022-12-05 05:50:00,2022-12-05 09:50:00,17319.1067375,17325.318075921903,0.5656335778808751,17247.24903692857,17462.822138642856,max_holding,48,9.796268309632895,9.799781651207905,3.5133415750108794,-16.08270838582992,40.64512827250983,-0.39568600394127423,41.4904196045167,False
2022-12-05 22:05:00,2022-12-05 22:15:00,16985.866384796802,16967.11481648418,2.3822803211692483,16968.811697653946,17019.975759082514,stop_loss,3,40.465095226511664,40.42042373432945,-44.671492182220504,-125.55701114306162,40.629045564124,-3.090326376111827,10.040516483822561,False
2022-12-06 07:05:00,2022-12-06 10:00:00,17008.7397659062,16995.8236846563,1.8937135625677406,16987.351373620484,17051.516550477634,signal,35,32.20968117688183,32.18522181864367,-24.459358238161453,-88.85426123368696,40.50348855298093,-2.1937434134213003,12.574942400253219,False
2022-12-06 12:35:00,2022-12-06 14:45:00,17006.628226773402,16978.97368645518,1.5570156264803332,16980.671753630544,17058.541173059115,stop_loss,27,26.479585902827708,26.436527351409108,-43.05855141860023,-95.97466467283705,40.41463429174724,-2.3747502941635004,15.262562805950614,False
2022-12-06 20:25:00,2022-12-06 23:10:00,16975.076243890602,17001.447357123412,2.3727953069032566,16961.040529890604,17003.1476718906,take_profit,34,40.278381245828584,40.34095449954521,62.573253716625636,-18.04608202874816,33.303876308231175,-0.5418613095283448,8.268424717708902,True
2022-12-06 23:15:00,2022-12-06 23:30:00,17024.8448922578,17071.340711456174,1.672116253089569,17000.7433302578,17073.0480162578,take_profit,4,28.4675198506732,28.545266265655517,77.74641498231702,20.733628865988305,40.30061354504566,0.5144742732716333,14.156699900954887,False
2022-12-06 23:35:00,2022-12-07 02:10:00,17083.602720453102,17057.444474960997,1.0778664361176917,17046.194238453103,17158.4196844531,signal,31,18.41384198034529,18.38564688550162,-28.195094843666322,-64.99458370951322,40.32134717391165,-1.6119149846155296,21.897302701386362,False
2022-12-07 10:05:00,2022-12-07 10:30:00,16840.5315407656,16811.37255709364,1.4650565514165046,16813.053862479886,16895.486897337032,stop_loss,6,24.672331063134926,24.629611503073672,-42.71956006125382,-92.02150262746243,40.25635259020213,-2.2858877346443767,16.316396082392327,False
2022-12-07 13:30:00,2022-12-07 15:40:00,16848.7120457343,16823.5108396641,1.2626437477213843,16816.902336020015,16912.331465162868,signal,26,21.27392092170439,21.242100776424813,-31.820145279576213,-74.33616697770542,40.164331087574666,-1.8508005726678773,18.879609092932945,False
2022-12-07 20:30:00,2022-12-08 00:20:00,16824.863958163998,16867.98502582184,1.7894109861505645,16802.459940735425,16869.67199302114,take_profit,47,30.106596407227332,30.183757719428815,77.16131220148283,16.870958074826685,40.089994920596965,0.4208271442349054,13.316016987882774,False
2022-12-08 03:20:00,2022-12-08 04:30:00,16853.610973578103,16824.010789664102,1.5123838190348067,16827.09200043525,16906.648919863816,stop_loss,15,25.489128528746978,25.44436168955499,-44.76683919198919,-95.70032941029116,40.10686587867179,-2.3861333293854585,15.734890988304576,False
2022-12-08 07:30:00,2022-12-08 09:40:00,16835.669726632797,16816.20110834313,2.249482653697114,16817.882896632796,16871.2433866328,stop_loss,27,37.87154701343412,37.82775269430007,-43.794319134053495,-119.49361884178768,40.011165549261506,-2.9865068213188604,10.564967291953618,False
2022-12-08 11:10:00,2022-12-08 11:40:00,16830.423108023402,16815.025360296902,2.3678442220095612,16817.0051400234,16857.2590440234,signal,6,39.85182011030942,39.81536064232326,-36.45946798615341,-116.12664873878609,31.771657999912893,-3.6550389891237174,7.972448413138793,True
2022-12-08 12:10:00,2022-12-08 16:10:00,16856.1288033359,16914.7790559297,0.9447522401129382,16814.02724105019,16940.33192790733,max_holding,48,15.924865446583814,15.980275404104994,55.409957521179976,23.504816670491167,39.775545281680934,0.5909363782202269,24.977005560956588,False
2022-12-08 16:15:00,2022-12-08 18:30:00,16928.5501067421,16986.904817231487,1.3254515769935886,16898.523321313525,16988.603677599247,take_profit,28,22.437973435196298,22.515319778239462,77.34634304316336,32.3930498297276,39.79905009835142,0.8139151499766424,17.737363943894536,False
2022-12-08 18:35:00,2022-12-08 18:35:00,17030.8982315312,17094.46428385536,1.2204070313648738,16998.260396674057,17096.173901245482,take_profit,1,20.784627952220273,20.862204409432785,77.57645721251285,35.92962485085979,39.831443148181144,0.9020417542290449,19.16389518241352,False
2022-12-08 18:40:00,2022-12-08 21:35:00,17160.9795973671,17195.0498540469,0.6659116515866367,17101.1107353671,17280.717321367098,signal,35,11.4276962665273,11.450384047422927,22.687780895628055,-0.1902994183221729,39.867372773032,-0.004773312237191099,34.886622678104374,False
2022-12-08 23:00:00,2022-12-09 02:55:00,17212.6507799687,17216.2313296875,1.1946221863525488,17179.2785699687,17279.395199968698,signal,47,20.562614507689112,20.56689191182253,4.277404133418286,-36.852102286093356,39.867182473613674,-0.9243718768057947,19.388187459676335,False
2022-12-09 07:15:00,2022-12-09 08:10:00,17231.666353335902,17213.950366999623,2.309152174583103,17215.671934193044,17263.655191621616,stop_loss,12,39.79053983149609,39.74963092312279,-40.90890837330425,-120.44907912792314,36.93354774492539,-3.2612377224030054,9.281992127106239,True
2022-12-09 09:50:00,2022-12-09 10:10:00,17230.3087955937,17252.58113122323,2.302350558642535,17218.309912450844,17254.306561879417,take_profit,5,39.670211081118545,39.72148980549746,51.27872437891838,-28.112976507697624,27.62563530704183,-1.0176409047335673,6.963823623361194,True
2022-12-09 10:15:00,2022-12-09 10:15:00,17254.1842298984,17232.64327122761,2.0023577274539965,17234.3667078984,17293.819273898403,stop_loss,1,34.54904912365195,34.50591641860073,-43.132705051223795,-112.18767059347647,39.68176831569196,-2.8271842550200166,11.485632549153488,False
2022-12-09 10:20:00,2022-12-09 11:15:00,17230.2365223671,17215.8602727969,1.5118478928539398,17204.063531795673,17282.58250350996,signal,11,26.049496779715696,26.02776207709585,-21.734702619848374,-73.81196147665992,39.56958064509849,-1.8653713350839631,15.190151648499658,False
2022-12-09 11:50:00,2022-12-09 12:40:00,17243.7671722968,17267.82816192791,2.2881492180339595,17230.873199725374,17269.555117439657,take_profit,11,39.45631237125058,39.511367505860136,55.05513460954919,-23.912545267561526,29.503333256660355,-0.8105031746595375,7.47746849200171,True
2022-12-09 12:45:00,2022-12-09 12:45:00,17261.4408144843,17235.05753779128,1.6006690467412956,17236.78121591287,17310.760011627157,stop_loss,1,27.629854013901877,27.58762311954775,-42.23089435412959,-97.44837148757921,39.471856138354276,-2.468806410978224,14.285944514398857,False
2022-12-09 16:10:00,2022-12-09 17:50:00,17192.8929453828,17171.7885084141,1.4087556821335694,17164.94316795423,17248.792500239942,signal,20,24.22058562912218,24.190854633624294,-29.730995497881622,-78.1424357606281,39.374407766866696,-1.9845996471440124,16.256587833914292,False
2022-12-09 23:05:00,2022-12-10 01:10:00,17138.672679898402,17160.707553518812,2.2905512612319754,17126.797121898402,17162.4237958984,take_profit,26,39.257008322783285,39.3074803303456,50.472007562318474,-28.09248109081041,27.201574354732852,-1.0327520284105374,6.929100182844572,True
2022-12-10 04:55:00,2022-12-10 05:40:00,17162.413334726498,17149.8688256016,2.2857475310149495,17151.80116958364,17183.63766501221,stop_loss,10,39.22894390610914,39.20027032534911,-28.67358076003118,-107.10279499148943,24.256730274011566,-4.415384669805986,6.183375808450978,True
2022-12-10 06:55:00,2022-12-10 08:45:00,17159.954104828103,17154.061765265702,2.279839903296102,17149.064037685246,17181.73423911382,signal,22,39.12194810691685,39.10851451605872,-13.433590858131165,-91.66405348110673,24.827609621857846,-3.6920208943678214,6.346209946909129,True
2022-12-10 10:40:00,2022-12-10 13:10:00,17160.7393393437,17164.652503086,2.274399421500066,17146.460321629416,17189.29737477227,signal,30,39.03037562591673,39.03927572326845,8.9000973517174,-69.16955399746779,32.476189628959325,-2.12985435753795,8.320747394343462,True
2022-12-10 14:45:00,2022-12-10 15:45:00,17177.4910143437,17206.582684563637,2.268158669961697,17162.08476405799,17208.30351491513,take_profit,13,38.96127517237281,39.02725969640583,65.98452403301349,-12.00401083576515,34.943820157138234,-0.343523140337391,8.968859464311546,True
2022-12-10 15:50:00,2022-12-10 17:55:00,17206.1149704531,17181.78333828426,1.7241297586397284,17183.501688453103,17251.3415344531,stop_loss,26,29.665574851134725,29.623623960036145,-41.95089109857879,-101.24008990974966,38.98823243670942,-2.5966832447225006,13.142584504887184,False
2022-12-11 01:05:00,2022-12-11 05:05:00,17150.6621597265,17171.7709321719,2.2651104570073683,17136.248097440788,17179.490284297928,max_holding,48,38.84814420259708,38.895957903797736,47.81370120066674,-29.93040090572807,32.64944321132209,-0.9167201018407838,8.404376549122109,True
2022-12-11 05:40:00,2022-12-11 05:50:00,17188.4178879218,17171.353482557126,2.2583953889944173,17173.07078963609,17219.112084493227,stop_loss,3,38.81824370219176,38.779705527800246,-38.53817439151502,-116.13612362150702,34.65981600289311,-3.3507426470992505,8.928743986667318,True
2022-12-11 05:55:00,2022-12-11 07:30:00,17174.6919064609,17173.4563106172,2.253444999739092,17157.902286175187,17208.271147032323,signal,19,38.70222359867377,38.699439251398076,-2.784347275684483,-80.18601012575633,37.83448588035542,-2.1193894474826425,9.775791249795768,True
2022-12-11 07:55:00,2022-12-11 08:20:00,17191.2638754921,17173.9152487188,2.246613045682581,17175.83530492067,17222.121016634952,stop_loss,6,38.62211769445223,38.583142043218665,-38.975651233571064,-116.18091097124196,34.66202792200513,-3.3518209388287032,8.974657525572209,True
2022-12-11 08:30:00,2022-12-11 08:55:00,17181.891845382797,17170.4312221563,2.2410834147273873,17167.468854525654,17210.737827097084,signal,5,38.50605284832713,38.48036863569179,-25.68421263533956,-102.67063411935848,32.3231256007086,-3.176383230621351,8.394297314250132,True
2022-12-11 12:55:00,2022-12-11 13:45:00,17172.289322226497,17158.126909365703,2.2363637172457427,17159.84289365507,17197.182179369353,stop_loss,11,38.40348478227382,38.37181247600329,-31.67230627053547,-108.44760352881258,27.834741266431294,-3.896124001684198,7.247972787948447,True
2022-12-11 16:45:00,2022-12-11 19:00:00,17171.7970860078,17197.730043294683,2.2301186839211806,17157.97063486494,17199.449988293512,take_profit,28,38.29514551800928,38.352979090584085,57.83357257481134,-18.81455203378202,30.834627026008686,-0.6101760860577994,8.051837017176997,True
2022-12-11 19:05:00,2022-12-11 19:30:00,17239.6202736484,17213.806645114324,1.590341428687096,17215.528197934116,17287.804425076974,stop_loss,6,27.416882336017025,27.375829853134544,-41.052482882482,-95.84519507163358,38.314626111493496,-2.501530219627597,13.974829684103184,False
2022-12-11 19:35:00,2022-12-11 19:40:00,17198.0067377109,17160.3482465547,1.112180155547922,17163.642897710903,17266.734417710897,stop_loss,2,19.12728180866152,19.085398782109714,-41.88302655180503,-80.09570714257626,38.21878091642186,-2.095715907781891,19.981292323049804,False
2022-12-12 05:00:00,2022-12-12 07:30:00,16939.662546875,16926.701691546903,2.194397946234026,16922.282524589282,16974.42259144643,signal,30,37.17236070275995,37.143919428446544,-28.441274313410048,-102.75755444461655,38.13868520927928,-2.6943129759390674,10.259957798818943,False
2022-12-12 09:20:00,2022-12-12 10:35:00,16950.3745549687,16982.248705972917,2.241716228858857,16933.58828211156,16983.947100682984,take_profit,16,37.997929725109564,38.06938252669681,71.45280158724974,-4.61451066455664,37.63006028590757,-0.12262830910969258,9.903186978379273,True
2022-12-12 10:40:00,2022-12-12 12:25:00,16986.7883519843,16967.7600852969,2.2366393833303753,16970.38656655573,17019.591922841446,stop_loss,22,37.993319824345775,37.95076045367622,-42.559370669554276,-118.50345094757628,36.684879246474594,-3.230307782980216,9.655612990936175,True
2022-12-12 14:10:00,2022-12-12 17:20:00,16997.850005039,17006.980771836,1.6272605414508725,16974.551455896144,17044.44710332471,signal,38,27.65993060270048,27.674788739222425,14.858136521947094,-40.47658281997581,37.912809693222535,-1.067622873311117,13.706762405803381,False
2022-12-12 18:30:00,2022-12-12 20:15:00,17028.1792096562,17059.521077221918,2.2218757593492966,17011.655214513343,17061.227199941914,take_profit,22,37.83449861179077,37.90413634758778,69.63773579700798,-6.100899162370574,36.71426425551662,-0.1661724478505344,9.703911932924349,True
2022-12-12 20:20:00,2022-12-12 21:00:00,17068.0152238593,17116.66387714497,1.5038071141385279,17042.83497843073,17118.37571471644,take_profit,9,25.667002717864314,25.740160908768562,73.15819090424748,21.7510272776146,37.866232211240195,0.5744175220886655,14.752884326803448,False
2022-12-12 21:05:00,2022-12-13 00:00:00,17140.7314797578,17211.619519958113,1.0436113411314603,17104.42679261494,17213.340854043516,take_profit,36,17.888261767564277,17.962241330267904,73.97956270362889,38.12905960579671,37.88798323851781,1.0063628714614141,21.180360468124324,False
2022-12-13 04:15:00,2022-12-13 07:05:00,17171.5197142734,17141.8310291636,1.355746912380396,17143.54538370197,17227.468375416258,stop_loss,35,23.280234833505265,23.23998449033502,-40.250343170243596,-86.77056249408388,37.926112298123606,-2.2878844478445752,16.29112101718999,False
2022-12-13 08:35:00,2022-12-13 10:00:00,17192.28155625,17262.10539478649,1.057700195164441,17156.506445392857,17263.831777964286,take_profit,18,18.184279557367642,18.258132245014817,73.85268764717519,37.41027584479272,37.83934173562952,0.9886608521407552,20.808820946826195,False
2022-12-13 10:05:00,2022-12-13 13:30:00,17392.8055126406,17544.785232366252,0.492755798151786,17315.938325783456,17546.539886354887,take_profit,42,8.570405762480002,8.645294650576302,74.88888809629843,57.67318768324212,37.87675201147431,1.5226539927650269,44.19481767980374,False
2022-12-13 13:35:00,2022-12-13 16:15:00,17822.1023440312,17783.9811890235,0.2569608908763061,17674.47511145977,18117.35680917405,signal,32,4.57958329561096,4.569787649658948,-9.795645952012013,-18.94501689728192,37.93442519915755,-0.49941489287948015,82.83379240096723,False
2022-12-13 19:55:00,2022-12-13 23:55:00,17748.456308163997,17777.835319671904,0.9808794814490365,17709.801732449712,17825.765459592567,max_holding,48,17.40909662007278,17.43791388964614,28.8172695733605,-6.029740936358419,37.91548018226027,-0.159031110970331,21.779119853090776,False
2022-12-14 00:00:00,2022-12-14 02:20:00,17783.8446126406,17764.9303602969,1.3733697478132405,17756.24137578346,17839.051086354888,signal,28,24.423794190812078,24.397817928840734,-25.97626197134375,-74.79787409099656,37.909450441323905,-1.9730666949859483,15.521523865274364,False
2022-12-14 03:20:00,2022-12-14 03:35:00,17826.788359585902,17801.452790845913,1.6062092276627633,17803.23311415733,17873.898850443045,stop_loss,4,28.633551962758013,28.592857738459756,-40.69422429825451,-97.92063399947229,37.83465256723291,-2.5881203435254343,13.213398259650857,False
2022-12-14 03:40:00,2022-12-14 04:20:00,17804.1376567421,17774.0212481172,1.332470773409529,17775.816786456387,17860.779397313527,stop_loss,9,23.723493073368864,23.683363839076122,-40.12923429273916,-87.53609120518415,37.73673193323343,-2.3196521458206654,15.906903682575871,False
2022-12-14 06:55:00,2022-12-14 10:10:00,17793.441275210902,17811.855354328203,1.5525441584341546,17769.191275210902,17841.9412752109,signal,39,27.62510331026986,27.65369198123637,28.588670966510485,-26.690124324995747,37.64919584202825,-0.7089161860716622,13.628617210648349,False
2022-12-14 10:50:00,2022-12-14 12:15:00,17819.801332953102,17858.39701179295,1.8633444545240812,17799.610484381676,17860.18303009596,take_profit,18,33.204427994479,33.27634503861381,71.91704413482151,5.4362711017287,37.62250571770325,0.14449518972817021,11.33056883978211,False
2022-12-14 12:20:00,2022-12-14 14:20:00,17873.3887221562,17927.9261079625,1.335973834203488,17845.223543299056,17929.719079870487,take_profit,25,23.878379661348397,23.951240181771475,72.86052042307672,25.03090057995685,37.62794198880498,0.6652210898859154,15.758163879818364,False
2022-12-14 14:25:00,2022-12-14 14:45:00,17935.0843441015,18013.64887105989,0.937036536746076,17894.901308101496,18015.4504161015,take_profit,5,16.805829320045635,16.87944715229782,73.6178322521845,39.932555779841046,37.652972889384934,1.0605419098553774,22.40470980177888,False
2022-12-14 14:50:00,2022-12-14 16:30:00,18015.9361784765,18118.249172930027,0.7239933779266904,17963.873678190783,18120.06117904793,take_profit,21,13.04341849036687,13.117492420827075,74.07393046020485,47.913019549010905,37.69290544516477,1.2711415844213507,28.898026597093864,False
2022-12-14 16:35:00,2022-12-14 18:25:00,18121.5990877109,18215.33652388693,0.7898943779809418,18073.8195117109,18217.1582397109,take_profit,23,14.314149239407403,14.388191913249196,74.04267384179369,45.34033268913709,37.740818464713776,1.2013606099064484,26.36609262170598,False
2022-12-14 18:30:00,2022-12-14 19:00:00,18237.3059692421,18172.16100454472,0.5966778872563012,18173.978402384957,18363.961102956386,stop_loss,7,10.881797194974109,10.84292663507309,-38.87055990101993,-60.595283731067134,37.78615879740292,-1.6036370369361785,34.72418950690877,False
2022-12-14 22:35:00,2022-12-15 00:00:00,17849.968411359303,17811.8631665469,1.1093569007630006,17815.96171478787,17917.981804502164,stop_loss,18,19.80198563554302,19.759713319255116,-42.2723162879026,-81.83401524270073,37.72556351367185,-2.169192654022089,19.051404342985386,False
2022-12-15 04:00:00,2022-12-15 04:20:00,17748.077364273402,17713.383415923116,1.143406675374573,17715.15493141626,17813.92222998769,stop_loss,5,20.29327013337457,20.253600841235748,-39.669292138818264,-80.21616311342858,37.643729498429146,-2.130930281941803,18.549858771415945,False
2022-12-15 06:00:00,2022-12-15 07:55:00,17734.5779674687,17719.870534913065,2.115978593728212,17721.642699182983,17760.448504040134,stop_loss,24,37.52598734796776,37.49486673551133,-31.12061245642512,-106.1414665399042,27.37075079670866,-3.877915784197916,7.293812296771171,True
2022-12-15 11:40:00,2022-12-15 13:10:00,17705.8172796875,17677.6304971563,1.534394189832636,17681.405448544643,17754.64094197321,stop_loss,19,27.16770316019079,27.124453524844842,-43.24963534594956,-97.54179203098518,37.45737186877581,-2.604074636434792,13.78746360997591,False
2022-12-15 19:50:00,2022-12-15 21:30:00,17447.9555580937,17410.639620914102,0.8572959903175177,17404.37687523656,17535.112923807985,signal,20,14.958062339191976,14.926071535872968,-31.990803319010716,-61.874937194075656,37.359830076744814,-1.6561889352005013,24.976383457673812,False
2022-12-16 00:35:00,2022-12-16 04:35:00,17393.1805501406,17412.8679140625,0.8345561673183928,17348.488584997744,17482.564480426314,max_holding,48,14.515586097402155,14.532016308381415,16.43021097926117,-12.617391426522401,37.29795513955074,-0.3382864121991214,25.69510792693788,False
2022-12-16 07:00:00,2022-12-16 07:05:00,17428.441887921803,17455.639229996388,2.1372013572985713,17413.97034763609,17457.384968493236,take_profit,2,37.24808965846575,37.30621585486247,58.12619639671729,-16.428109116610933,30.92859554083016,-0.531162467268308,8.303404503269794,True
2022-12-16 07:10:00,2022-12-16 07:55:00,17457.2045298984,17502.745375173068,1.5761424909842832,17433.558882469828,17504.495824755544,take_profit,10,27.515041833376177,27.586820694688925,71.77886131274336,16.67699878467826,37.2689096390076,0.4474775072899701,13.544922033809097,False
2022-12-16 08:00:00,2022-12-16 08:35:00,17504.826478617102,17468.545967317437,1.0796938066595638,17470.2929966171,17573.893442617104,stop_loss,8,18.899852735613226,18.86068089226054,-39.1718433526904,-76.93237698056416,37.28558663779228,-2.0633275192346394,19.727977333672335,False
2022-12-16 14:55:00,2022-12-16 15:20:00,17056.9418516328,16997.699499974526,0.6466300794892812,16999.399439918518,17172.02667506137,stop_loss,6,11.029531665365365,10.991223778803445,-38.30788656192222,-60.32864200609103,37.20865426081172,-1.6213604927289553,33.73547979163369,False
2022-12-16 20:00:00,2022-12-16 20:30:00,16874.3669549687,16934.172250099316,1.208097597331746,16843.61751411156,16935.865836682984,take_profit,7,20.3858821747919,20.45813280814691,72.2506333550135,31.406618372074693,37.148325618805636,0.8454383299627288,18.222574475948498,False
2022-12-16 20:35:00,2022-12-16 21:00:00,16936.293068960902,16890.49280247312,0.8428666667896494,16892.182020675187,17024.515165532328,stop_loss,6,14.275036886807717,14.236433368855083,-38.603517952634675,-67.11498820829748,37.1797322371777,-1.805149853693302,26.045279274575723,False
2022-12-17 04:30:00,2022-12-17 08:30:00,16710.448220734303,16750.6782796485,1.0396406082684235,16674.75067587716,16781.843310448592,max_holding,48,17.37286055264221,17.414685355562437,41.824802920229224,7.037257012024579,37.11261724896941,0.18961899035078156,21.36241014340325,False
2022-12-17 08:35:00,2022-12-17 09:40:00,16750.3643219453,16718.745926203203,1.3939316882026813,16723.734857373875,16803.623251088156,stop_loss,14,23.348863617299177,23.30478973354413,-44.07388375504324,-90.72753710588654,37.11965450598143,-2.4441913135604962,15.897842016807825,False
2022-12-17 11:30:00,2022-12-17 12:55:00,16739.3280614296,16709.4128756016,1.0327435233742686,16703.47315057246,16811.037883143887,signal,17,17.287432641078574,17.256537926664166,-30.894714414406767,-65.43868498214951,37.028926968875545,-1.7672314684450248,21.41956399059918,False
2022-12-17 16:10:00,2022-12-17 17:40:00,16705.9282377812,16676.113471875,1.5315630674177578,16681.79375120977,16754.197210924063,stop_loss,19,25.586182695917117,25.54051950159147,-45.663194325644355,-96.78989652315295,36.96348828389339,-2.618527120053454,14.446660028653591,False
2022-12-17 18:40:00,2022-12-17 22:40:00,16723.041276914,16742.5228452735,1.0858652009596268,16689.089826628282,16790.94417748543,max_holding,48,18.158968576812352,18.180122933954053,21.1543571416979,-15.184734369068504,36.866698387370235,-0.41188213301656756,20.302198459909366,False
2022-12-17 22:45:00,2022-12-17 23:10:00,16743.1936829531,16780.652724714466,1.8831926232734955,16723.625045524528,16782.330957810245,take_profit,6,31.530658833776666,31.601201424896566,70.54259111989707,7.410730861223833,36.85151365300117,0.2010970548185422,11.687517805217768,False
2022-12-17 23:15:00,2022-12-18 01:10:00,16769.688519171803,16753.9103784063,1.3034276088967105,16741.410060028942,16826.245437457525,signal,23,21.858075008486722,21.837509344195908,-20.565664290814023,-64.26124864349666,36.85892438386239,-1.7434379792056978,16.86284101850294,False
2022-12-18 03:50:00,2022-12-18 04:10:00,16746.5494875,16759.396816207653,2.19495396693067,16739.2877695,16761.072923500004,take_profit,5,36.75790522998891,36.78610452510023,28.199295111323465,-45.34471464376567,15.939136730835287,-2.8448664071024248,4.336247300031492,True
2022-12-18 04:15:00,2022-12-18 04:25:00,16766.0983171875,16785.91509094533,2.1896928623593372,16755.35055061607,16787.593850330362,take_profit,3,36.71260581476037,36.755998462812876,43.39264805250941,-30.07595622506384,23.53430774776958,-1.2779622221059055,6.410416047968889,True
2022-12-18 04:30:00,2022-12-18 05:05:00,16789.9307781953,16769.8208961954,2.092570722846723,16772.383346195296,16825.0256421953,stop_loss,8,35.134117585074584,35.09203623476169,-42.081350312890514,-112.30750413272679,36.71924246435006,-3.058546325996888,10.451163993356944,False
2022-12-18 05:10:00,2022-12-18 06:00:00,16772.9681441015,16749.396831764745,1.6718392397853084,16751.07193895864,16816.760554387212,stop_loss,11,28.041706310977844,28.00229886608002,-39.407444897819495,-95.45145007487736,36.60693496021732,-2.6074690541180097,13.054460578915037,False
2022-12-18 08:10:00,2022-12-18 09:15:00,16767.422667609302,16751.78247782694,2.1753497376852025,16753.4578236093,16795.352355609306,stop_loss,14,36.475008501640815,36.4409856189004,-34.02288274041111,-106.93887686095233,30.378419732218916,-3.5202251402015654,8.32855727253699,True
2022-12-18 12:00:00,2022-12-18 14:10:00,16733.962290906198,16721.019136859402,2.173315310778988,16718.35347433477,16765.179924049058,signal,26,36.36817645682467,36.340046901964996,-28.129554859672385,-100.83777821846205,33.92288003782565,-2.972559467416182,9.327627432213433,True
2022-12-18 18:00:00,2022-12-18 18:05:00,16724.23475625,16754.46204419849,2.168555987417834,16708.283305392855,16756.13765796429,take_profit,2,36.26743941564738,36.332988981911484,65.54956626410467,-7.050862133454196,34.591614264262404,-0.20383154366804573,9.537925704602694,True
2022-12-18 18:10:00,2022-12-18 21:45:00,16759.2441158359,16754.570468390702,1.374431744805554,16732.835633835897,16812.0610798359,signal,43,23.03443713175055,23.028013522337844,-6.423609412708512,-52.48606006679691,36.29665599292957,-1.446030181871877,15.757561509023567,False
2022-12-18 22:30:00,2022-12-18 23:55:00,16782.1702362187,16761.16303771511,1.8749330146249823,16762.839321647272,16820.832065361552,stop_loss,18,31.465445032943176,31.426057942924015,-39.38709001916177,-102.27859299502896,36.244169932862775,-2.821932277232053,11.518721535613574,False
2022-12-19 01:10:00,2022-12-19 02:30:00,16786.617946945298,16768.170671234402,1.07565507690227,16753.01805780244,16853.817725231016,signal,16,18.05661081865047,18.03676791287703,-19.842905773441284,-55.93628450496878,36.14189133986774,-1.5476855922940052,20.015877676522322,False
2022-12-19 05:15:00,2022-12-19 09:15:00,16724.85981875,16749.092501242198,1.5009291401674287,16700.817407892857,16772.944640464288,max_holding,48,25.102829467177212,25.13920100647418,36.371539296965594,-13.8704911766858,36.085955055362774,-0.3843736754481295,14.375254033632489,False
2022-12-19 09:20:00,2022-12-19 11:55:00,16758.3475421875,16749.2838881016,1.6087497879630956,16735.925109044645,16803.192408473216,signal,31,26.95998805510601,26.945406903517142,-14.581151588864662,-68.48654654748782,36.072084564186085,-1.8986024061244358,13.379859253073489,False
2022-12-19 21:00:00,2022-12-19 22:20:00,16623.3731080937,16597.476029356545,1.4854706730521736,16599.13594295084,16671.847438379416,stop_loss,17,24.693533239277354,24.655063888295587,-38.469350981766055,-87.817948109339,36.003598017638595,-2.4391436674277926,14.580172739465059,False
2022-12-20 01:15:00,2022-12-20 01:35:00,16478.5891001406,16568.329423784067,0.7859263088092667,16432.890438997747,16569.98642242631,take_profit,5,12.95095670585812,13.021485987170578,70.52928131245794,44.55683861942924,35.915780069529255,1.2405922559156946,27.732144339022796,False
2022-12-20 01:40:00,2022-12-20 02:40:00,16566.9221515625,16667.95719828928,0.7002849741357734,16515.57114699107,16669.624160705353,take_profit,13,11.601566650416316,11.672319975500189,70.753325083871,47.4794384579545,35.96033690814868,1.320327965203117,30.996104226025597,False
2022-12-20 02:45:00,2022-12-20 04:40:00,16700.111250140602,16827.87583940393,0.5563306172684581,16635.387477569173,16829.558795283458,take_profit,24,9.290783200242645,9.36186255305256,71.07935280991737,52.42670705662216,36.00781634660664,1.4559812945047648,38.75649185922909,False
2022-12-20 04:45:00,2022-12-20 05:25:00,16833.6109267734,16779.162195031207,0.6833390268185274,16780.840279059114,16939.15222220197,stop_loss,9,11.503063308543064,11.465856365182852,-37.206943360212364,-60.17586303393828,36.060243053663264,-1.6687592189655298,31.348382675493177,False
2022-12-20 05:30:00,2022-12-20 09:30:00,16779.6992861484,16821.218099961,0.6643816296249355,16725.513460434115,16888.070937576973,max_holding,48,11.148123956347641,11.175708293528551,27.58433718090917,5.260504931032976,36.00006719062932,0.14612486424476076,32.29248915027645,False
2022-12-20 09:35:00,2022-12-20 10:15:00,16831.8509847968,16805.989971722927,1.4890389326711535,16807.670738796805,16880.211476796798,stop_loss,9,25.063281425281733,25.02477336997642,-38.5080553053166,-88.59611010057475,36.00532769556036,-2.460638904600196,14.365767628193014,False
2022-12-20 12:00:00,2022-12-20 14:10:00,16820.7346392734,16807.596415265703,1.4389819458651836,16795.774818416256,16870.65428098769,signal,26,24.204733462103533,24.185827794955728,-18.905667147807648,-67.29622840486691,35.916731585459786,-1.8736735063084227,14.838722203528206,False
2022-12-20 15:10:00,2022-12-20 16:25:00,16932.929451632797,16839.218252765702,0.40069225815200976,16843.46070191851,17111.866951061373,stop_loss,16,6.784893739103418,6.74734438721523,-37.549351888188326,-51.08159001450697,35.849435357054915,-1.4248924566242709,52.83713604893125,False
2022-12-20 19:15:00,2022-12-20 21:40:00,16868.2882221562,16871.0178074922,1.1454655277611214,16837.03599072763,16930.792685013344,signal,29,19.32204267081886,19.325169316726335,3.126645907471446,-35.52056608007375,35.7983537670404,-0.9922402105757607,18.527209766027955,False
2022-12-20 22:35:00,2022-12-21 00:50:00,16885.870058164,16853.34750172064,1.159735757994824,16855.03300502114,16947.544164449715,stop_loss,28,19.58314731130693,19.54542973965816,-37.71757164876999,-76.84614869973508,35.76283320096034,-2.14877127513688,18.262045743950246,False
2022-12-21 06:05:00,2022-12-21 08:05:00,16844.4948270546,16817.364820096413,1.4023044489371785,16819.04672476889,16895.391031626026,stop_loss,25,23.62111003607796,23.58306550662079,-38.04452945716429,-85.24870499986304,35.6859870522606,-2.3888565804560753,15.107667250927339,False
2022-12-21 09:15:00,2022-12-21 12:40:00,16880.2991891328,16851.5861568516,0.9742306955728933,16843.75677827566,16953.38401084708,signal,41,16.44530562050739,16.417332503096077,-27.973117411317716,-60.835755534921184,35.60073834726073,-1.7088340961221142,21.647963965392286,False
2022-12-21 14:55:00,2022-12-21 14:55:00,16878.213042539,16841.924329098572,1.0270356169318384,16843.60868996757,16947.42174768186,stop_loss,1,17.33452594485104,17.29725614365509,-37.26980119595099,-71.90158328445712,35.53990259172582,-2.023122688614144,20.502379300590228,False
2022-12-21 16:15:00,2022-12-21 16:35:00,16863.3658549687,16833.947916963545,1.2788462401309715,16835.631480111555,16918.834604682983,stop_loss,5,21.565652019579726,21.52803100016943,-37.621019410296825,-80.71470243004599,35.46800100844136,-2.275704864529465,16.44652384089269,False
2022-12-21 21:40:00,2022-12-22 00:05:00,16795.7848785468,16828.042752831407,2.0852329616262995,16778.81445511823,16829.725725403947,take_profit,30,35.02312424513036,35.090389427860615,67.26518273025646,-2.8483309427345205,35.38728630601132,-0.08049023364220692,10.103977605861816,False
2022-12-22 03:20:00,2022-12-22 05:05:00,16859.461167538997,16842.543486176677,2.0966914977237296,16844.227908967572,16889.92768468185,stop_loss,22,35.3490888861824,35.31361772750883,-35.47115867357524,-106.13386528726646,31.939443729333533,-3.3229716267660594,9.035436198135884,True
2022-12-22 08:25:00,2022-12-22 11:10:00,16846.4012676796,16837.210641546902,1.2170318686976485,16817.41410225103,16904.375598536742,signal,33,20.50260721563454,20.49142193073776,-11.185284896779528,-52.179314043151834,35.27830410978131,-1.4790765984888863,17.20674045927162,False
2022-12-22 19:45:00,2022-12-22 20:20:00,16658.4000484375,16700.475369307682,1.6105014809228697,16636.527280723214,16702.14558386607,take_profit,8,26.8283779478142,26.89614031438593,67.76236657173403,14.0378483095339,35.22612479573816,0.39850674438172295,13.130173156297046,False
2022-12-22 20:25:00,2022-12-23 00:25:00,16804.1138363593,16815.599521875,0.8979534375227605,16764.868858645015,16882.603791787875,max_holding,48,15.089311783882616,15.099625394673744,10.313610791126127,-19.875326387430235,35.24016264404769,-0.5639964431545357,23.354386965274887,False
2022-12-23 03:00:00,2022-12-23 04:25:00,16851.2708955937,16824.618957149254,1.4105431722275195,16826.301587307986,16901.20951216513,stop_loss,18,23.76944510513601,23.73185139533657,-37.59370979944327,-85.09500629991584,35.220287317660265,-2.416079276481292,14.817462991616074,False
2022-12-23 05:40:00,2022-12-23 06:15:00,16835.2868753515,16831.2776409063,2.084912035002574,16821.032411637214,16863.795802780074,signal,7,35.10009221914122,35.09173331799528,-8.358901145941578,-78.55072668307807,29.719302950421373,-2.6430877875607894,8.467015632002948,True
2022-12-23 07:05:00,2022-12-23 08:15:00,16851.112676773402,16832.230066856155,2.0382694387591793,16833.913458201976,16885.511113916255,stop_loss,15,34.34710797815462,34.30862013143628,-38.4878467183365,-107.14357482792738,35.05664158467728,-3.0562988918698415,10.2065773942231,False
2022-12-23 10:25:00,2022-12-23 13:30:00,16864.5398003515,16845.241825985355,1.9842695175600944,16846.926518637218,16899.76636378007,stop_loss,38,33.46379225351649,33.42549987123108,-38.29238228539831,-105.18167441014587,34.94949800984936,-3.0095331950262607,10.443974115389373,False
2022-12-23 15:55:00,2022-12-23 18:50:00,16861.5648938906,16838.9995246407,1.018181753603273,16827.342795319175,16930.00909103346,signal,35,17.168137712156916,17.145162064923348,-22.975647233568512,-57.288947010648776,34.84431633543921,-1.6441403659391571,20.295920803783876,False
2022-12-23 19:30:00,2022-12-23 20:25:00,16857.3281422578,16841.04342263112,2.0615529827765857,16842.72769540066,16886.529035972082,stop_loss,12,34.75227511331525,34.71870330099519,-33.57181232006499,-103.04279073437543,30.099594768209897,-3.4233946180300574,8.661186834549808,True
2022-12-24 03:20:00,2022-12-24 05:15:00,16847.2021297578,16832.344061582797,2.05668187486333,16834.02746432923,16873.551460614937,stop_loss,24,34.649335262431755,34.618776942920746,-30.558319511011728,-99.82643171636423,27.096095594329952,-3.684162958786343,7.820091031792076,True
2022-12-24 07:45:00,2022-12-24 10:40:00,16851.62249375,16842.040236539102,2.050224455848943,16836.23354289286,16882.400395464283,signal,35,34.549608557420406,34.52996277934439,-19.64577807602025,-88.72534941278505,31.550803397168085,-2.812142318402859,9.132029193538214,True
2022-12-24 15:10:00,2022-12-24 19:10:00,16847.038050351497,16855.0545599766,2.04552110238757,16837.704344922924,16865.70546120864,max_holding,48,34.46097184472033,34.47736978432597,16.397939605643167,-52.54040202340314,19.092291417615513,-2.7519170367851555,5.540264941930414,True
2022-12-24 19:15:00,2022-12-24 20:15:00,16863.2838157656,16849.11491890857,2.040437930508072,16850.79999890846,16888.251449479885,stop_loss,13,34.408483930611034,34.37957317603048,-28.910754580541912,-97.69881168718342,25.47245343282551,-3.8354692430718975,7.402957213748176,True
2022-12-24 23:50:00,2022-12-25 02:55:00,16853.3707145546,16842.0265659063,1.8763058732743292,16835.0660265546,16889.980090554596,signal,37,31.622078456188376,31.600793363452276,-21.28509273610021,-84.50796455574087,34.34519360285445,-2.4605470428536864,10.861143631162287,False
2022-12-25 08:40:00,2022-12-25 10:25:00,16840.9261112187,16832.884395004952,2.0323383021269477,16834.567851790132,16853.642630075836,stop_loss,22,34.226459179119594,34.21011569124356,-16.34348787603773,-84.78006274640089,12.922134171540577,-6.560840618194371,3.775480865231871,True
2022-12-25 15:50:00,2022-12-25 16:15:00,16815.5036472265,16803.4874512032,0.6385022779664796,16761.978535797927,16922.553870083644,signal,5,10.736737383907766,10.729065015374397,-7.672368533367595,-29.138170932649757,34.17590557555231,-0.8525939676487669,31.83081075148135,False
2022-12-25 17:15:00,2022-12-25 18:10:00,16824.0044972265,16808.00653125,1.3767495191365056,16799.20204265507,16873.60940636936,signal,11,23.162440101506988,23.140414909541683,-22.02519196530532,-68.32804697635399,34.14676740461966,-2.0010107008580262,14.742301439302162,False
2022-12-25 21:35:00,2022-12-25 22:10:00,16811.0481237187,16844.087876759015,1.9627989411021565,16793.685958575843,16845.772454004415,take_profit,8,32.99670745605246,33.06155784833427,64.85039228180383,-1.2078730225828949,34.0784393576433,-0.035443906626903283,10.327830254891815,False
2022-12-25 22:15:00,2022-12-26 02:15:00,16846.0262301796,16872.0059896641,1.3573025280307878,16820.91964503674,16896.23940046531,max_holding,48,22.86515398949573,22.900416382721676,35.262393225944216,-10.503177146273192,34.07723148462072,-0.30821685590900616,14.903565268038792,False
2022-12-26 02:20:00,2022-12-26 05:15:00,16876.2030765625,16885.1101481172,1.7213957006255978,16856.412897991067,16915.783433705357,signal,35,29.050623418879173,29.0659560135586,15.332594679429047,-42.783984753008724,34.06672830747445,-1.2558876909709482,11.726677192522986,False
2022-12-26 10:00:00,2022-12-26 10:05:00,16859.0353439609,16845.450051523498,2.016126882403665,16847.282554246613,16882.540923389468,stop_loss,2,33.98995436835309,33.96256469506473,-27.389673288359813,-95.34219235177763,23.695115286209973,-4.023706624768551,6.9712112671359465,True
2022-12-26 10:35:00,2022-12-26 13:20:00,16868.5988002109,16849.9417903047,1.6688182685714286,16848.267885353758,16909.260629925186,signal,33,28.15062584299403,28.119490684025646,-31.135158968386314,-87.40527549540599,33.92860213036966,-2.5761531571372664,12.052521432241484,False
2022-12-26 17:05:00,2022-12-26 18:55:00,16842.271948789,16829.1391827735,1.608578873436106,16821.234001931854,16884.347842503284,signal,22,27.092122837487537,27.070997747525222,-21.12508996231335,-75.28821054732612,33.84119685487426,-2.22475023180163,12.491157321953374,False
2022-12-26 19:45:00,2022-12-26 21:55:00,16856.392501703103,16838.569525205192,2.0011503923185767,16840.253550560246,16888.670403988814,stop_loss,27,33.73217646785908,33.696510011448005,-35.666456411080254,-103.09514289038734,32.29646841113856,-3.192149109864637,9.574380248458471,True
2022-12-26 23:30:00,2022-12-26 23:55:00,16866.2313754921,16900.257699559814,1.8849996908196518,16848.37311606353,16901.947894349247,take_profit,6,31.79284092809532,31.856980538442688,64.1396103473669,0.48978888082889327,33.66281350143655,0.014549849815969532,10.588174104217511,False
2022-12-27 00:00:00,2022-12-27 00:45:00,16920.9829441015,16890.0404228562,1.1507504358655745,16891.72959581578,16979.48964067293,stop_loss,10,19.471828498198754,19.436221378388947,-35.60711980980745,-74.51516968639515,33.66330329031739,-2.21354300983968,17.288208600148373,False
2022-12-27 05:00:00,2022-12-27 05:55:00,16893.7556126406,16880.437935454363,1.9862506394158943,16882.126148069172,16917.014541783457,stop_loss,12,33.555232887743244,33.52878064291655,-26.452244826699978,-93.53625835735977,23.099031441066746,-4.049358458860132,6.8838835118036545,True
2022-12-27 07:05:00,2022-12-27 07:40:00,16893.4118282656,16879.143945919834,1.9807597430504873,16880.832029122746,16918.571426551316,stop_loss,8,33.46179007220144,33.43352882523236,-28.261246969078318,-95.15656586651211,24.917559717828876,-3.818855736439801,7.446571048369965,True
2022-12-27 10:25:00,2022-12-27 11:10:00,16876.0331375703,16868.592268070402,1.9771665708309465,16860.35847214173,16907.38246842744,signal,9,33.36672856783929,33.352016729406174,-14.711838433110957,-81.43058373035642,30.991424494329586,-2.62751987232002,9.288121977951667,True
2022-12-27 16:00:00,2022-12-27 16:35:00,16816.8182316718,16790.145035578204,0.7734574378860208,16773.740664528945,16902.973365957514,signal,7,13.007093142863795,12.98646256095301,-20.63058191078546,-46.62413761460226,33.318664712676764,-1.399339920031764,25.61576544945148,False
2022-12-27 20:35:00,2022-12-27 21:10:00,16698.8083848671,16671.445760702758,1.2948680858661583,16673.113072009957,16750.19901058139,stop_loss,8,21.62275404955862,21.58732306078266,-35.430988775958284,-78.64106588629957,33.272040575062164,-2.3635780831922313,15.387512848180105,False
2022-12-27 22:00:00,2022-12-28 01:10:00,16706.5669736484,16681.2028058907,1.792021516587867,16688.0440936484,16743.612733648406,stop_loss,39,29.93852748509418,29.89307435072204,-45.4531343721422,-105.28473620795842,33.19339950917586,-3.1718575911109643,11.087185074717592,False
2022-12-28 07:45:00,2022-12-28 11:45:00,16661.8046848671,16684.5403631016,1.6554681471566361,16641.817520009958,16701.77901458139,max_holding,48,27.5830869299427,27.62072512106392,37.63819112121948,-17.56562092978714,33.088114772967906,-0.5308740328759309,11.995798315470358,False
2022-12-28 11:50:00,2022-12-28 12:35:00,16684.969111078102,16666.13771005762,1.9266693961811359,16667.80449050667,16719.29835222096,stop_loss,10,32.14641936254175,32.11013747850838,-36.28188403337549,-100.53844087442562,33.07054915203812,-3.0401200903018415,10.287475186294994,False
2022-12-28 14:45:00,2022-12-28 15:30:00,16728.4656472968,16689.186070924014,0.8766174000864376,16690.85515643966,16803.68662901109,stop_loss,10,14.664464063168609,14.630030903052198,-34.43316011641021,-63.72765508263102,32.970010711163695,-1.9328976153790796,22.482929187962245,False
2022-12-28 18:25:00,2022-12-28 19:25:00,16651.106350140602,16624.598856849447,1.324470075322707,16626.261482997746,16700.796084426318,stop_loss,13,22.05389208177713,22.018783700141174,-35.10838163595314,-79.18105741787144,32.906283056081065,-2.4062595366035673,14.920850675274291,False
2022-12-29 00:00:00,2022-12-29 00:55:00,16553.9774972265,16588.369833771405,1.8211307828771042,16535.951827512214,16590.02883665507,take_profit,12,30.146957999254063,30.209590942031056,62.63294277699484,2.276393835709719,32.82710199866319,0.06934495271018502,10.889026348686803,False
2022-12-29 01:00:00,2022-12-29 01:25:00,16593.444334515603,16566.1713421875,1.31826573559849,16568.540874229886,16643.251255087034,stop_loss,6,21.874569101752808,21.838616050459425,-35.95305129338001,-79.66623644559223,32.829378392498896,-2.4266751411837566,15.008011467466249,False
2022-12-29 04:00:00,2022-12-29 07:25:00,16566.885037851498,16553.2429471563,1.94091618934614,16550.01171156579,16600.63169042292,signal,41,32.15493537700231,32.128457222315475,-26.47815468683641,-90.7615472861542,32.749712156053306,-2.771369313222445,10.18497215810808,False
2022-12-29 09:40:00,2022-12-29 13:40:00,16582.034990695298,16635.2093586954,0.9411710427092526,16547.334655552437,16651.435660981017,max_holding,48,15.606531162434004,15.656577337810067,50.04617537606134,18.783066875817273,32.65895060876715,0.5751276916648707,20.926463586847213,False
2022-12-29 13:45:00,2022-12-29 14:15:00,16635.3469613593,16609.382285877422,1.344565104591546,16611.043390216444,16683.954103645017,stop_loss,7,22.367307027016725,22.33239583041175,-34.91119660497773,-79.6108994624062,32.67773367564297,-2.436242985900391,14.609596781665589,False
2022-12-29 14:45:00,2022-12-29 15:55:00,16649.6940989296,16618.1954352579,1.099364574204203,16620.042313215316,16708.997670358174,stop_loss,15,18.304083863699976,18.269455348724534,-34.62851497544025,-71.20205418786476,32.59812277618056,-2.18423786782876,17.809207507417526,False
2022-12-29 16:50:00,2022-12-29 17:30:00,16645.9632578828,16623.464808293553,1.5610971056883731,16625.127321025655,16687.635131597086,stop_loss,9,25.985965063275838,25.950842798739593,-35.122264536247485,-87.05907239826291,32.526920721992695,-2.6765236445944587,12.517110926144026,False
2022-12-29 19:20:00,2022-12-29 19:25:00,16630.1784765625,16612.393744761757,1.9487135535599942,16614.055150276785,16662.42512913393,stop_loss,2,32.40745419539905,32.3727968474925,-34.65734790653993,-99.43759894943148,31.419744461446363,-3.164812465978089,9.69522143640246,True
2022-12-29 22:40:00,2022-12-30 02:40:00,16623.656339414,16608.4093049688,1.3451718971695694,16599.614487128285,16671.740043985425,max_holding,48,22.36167533598447,22.341165453733616,-20.509882250856286,-65.21272304057436,32.340424050645005,-2.016446133744302,14.462433411061427,False
2022-12-30 09:45:00,2022-12-30 10:45:00,16527.949504687498,16507.782378783857,1.7430812859558884,16509.433322116067,16564.981869830357,stop_loss,13,28.809559476844672,28.77440653709052,-35.152939754153095,-92.73690576808829,32.27521132760443,-2.8733167639640524,11.20295204567263,False
2022-12-30 15:50:00,2022-12-30 19:50:00,16555.2881752812,16548.163377164103,0.4431662277368334,16482.6687552812,16700.527015281197,max_holding,48,7.3367446097355735,7.333587139830633,-3.1574699049400876,-17.827801654506295,32.182474421836346,-0.5539599417007486,43.864787632285115,False
2022-12-30 21:05:00,2022-12-31 01:05:00,16606.3303879921,16591.272346835998,0.9083166049687095,16570.919115706387,16677.152932563527,max_holding,48,15.083805639009697,15.070128170189307,-13.677468820389908,-43.83140262958891,32.164646620181834,-1.3627198565920735,21.323959874554276,False
2022-12-31 07:55:00,2022-12-31 09:05:00,16566.7580721562,16552.253908083443,1.9369345741212223,16553.909299013343,16592.455618441913,stop_loss,15,32.088726491061195,32.060632874199946,-28.093616861251274,-92.24297622651241,24.88723293544124,-3.706437612642411,7.755755885910262,True
2022-12-31 10:55:00,2022-12-31 14:10:00,16570.9284111484,16602.726678151,1.9145135209250503,16554.19905829126,16604.387116862687,take_profit,40,31.725266497424677,31.786144709543137,60.87821211846154,-2.6331990885062737,32.02857224132574,-0.08221406401340353,10.095603844313075,False
2022-12-31 14:15:00,2022-12-31 14:50:00,16609.9772376406,16594.849394450353,1.9261883769856833,16596.509045354887,16636.91362221203,stop_loss,8,31.99394509714009,31.964806021418177,-29.139075721914818,-93.09782684047309,25.942275439747807,-3.5886530869929785,8.108495329657474,True
2022-12-31 15:15:00,2022-12-31 16:25:00,16616.630246875,16595.2172653047,1.199959126900118,16590.01863944643,16669.853461732142,signal,14,19.939277123062215,19.91358242039279,-25.69470266942764,-65.54756221288264,31.932841215396756,-2.0526692808430145,16.01504458677818,False
2023-01-01 01:50:00,2023-01-01 03:45:00,16550.5513736484,16544.8609734375,1.9235285566181772,16535.632288219826,16580.389544505546,signal,23,31.835458194988895,31.824512547684645,-10.945647304253031,-74.60561804692657,28.697286860487175,-2.599744652155595,9.014252813551247,True
2023-01-01 06:25:00,2023-01-01 07:15:00,16550.244701984302,16537.23645980656,1.919060876738634,16538.890348841447,16572.953408270016,stop_loss,11,31.760927108028927,31.735963499390483,-24.963608638443375,-88.46049924586278,21.789694897127305,-4.059740150722586,6.860534902842629,True
2023-01-01 10:10:00,2023-01-01 12:15:00,16543.5721597968,16561.881208326304,1.9144931140010337,16533.589458653947,16563.53756208251,take_profit,26,31.672554980910185,31.70760752824383,35.0525473336449,-28.327615175509113,19.11181259712295,-1.4822045283017002,6.034187203603278,True
2023-01-01 12:20:00,2023-01-01 13:15:00,16568.6469330234,16557.466467642556,1.9098877411636765,16559.122379880544,16587.69603930911,stop_loss,12,31.64425566505054,31.62290223127916,-21.35343377137709,-84.62059166770679,18.19082728760157,-4.651827557363603,5.7485401079262575,True
2023-01-01 14:55:00,2023-01-01 15:30:00,16561.4899673984,16551.8212143438,1.9056087146485208,16551.61496796983,16581.239966255544,signal,7,31.55971960943844,31.541294749357807,-18.424860080631273,-81.52587443942751,18.8178849682355,-4.332361186022914,5.96262742543749,True
2023-01-01 16:15:00,2023-01-01 18:10:00,16573.0692502109,16598.374647317258,1.8993630391684053,16559.586549925185,16600.034650782334,take_profit,24,31.478275179429023,31.526339315384313,48.06413595529245,-14.940478539520885,25.608542590875064,-0.5834177593864531,8.135306793305556,True
2023-01-01 18:15:00,2023-01-01 21:45:00,16603.6758265625,16610.9715487188,1.809861041123989,16586.27404141964,16638.47939684822,signal,42,30.050346017947614,30.06355026124517,13.20424329755438,-46.9096529816384,31.494812976068925,-1.4894405950999714,10.480682304709104,False
2023-01-02 03:25:00,2023-01-02 03:55:00,16602.8222252109,16624.95978639461,1.892237741878969,16590.922113496614,16626.622448639475,take_profit,7,31.416486836251035,31.45837636503601,41.88952878497131,-20.985334416315734,22.517840518349995,-0.9319425812264098,7.167523420335778,True
2023-01-02 04:00:00,2023-01-02 04:45:00,16675.2279020546,16644.1615883829,1.0719295762161705,16645.909821197456,16733.86406376889,stop_loss,10,17.874669978357453,17.841369077908745,-33.3009004487053,-69.0169395049715,31.426917988670972,-2.196109065796757,17.581817189756514,False
2023-01-02 04:50:00,2023-01-02 07:10:00,16647.910717609302,16647.565544953202,0.9050744551255958,16613.2639536093,16717.2042456093,signal,28,15.067598721719806,15.067286314766163,-0.3124069536437346,-30.447291990129703,31.357901049166,-0.9709607777124957,20.811478742106313,False
2023-01-02 07:20:00,2023-01-02 11:20:00,16728.4949472265,16726.0987068516,0.9277913308225367,16694.729322655076,16796.026196369352,max_holding,48,15.520552589745355,15.518329378698958,-2.22321104639843,-33.26209301484275,31.327453757175867,-1.0617553942513995,20.184496380544047,False
2023-01-02 12:35:00,2023-01-02 13:20:00,16741.099723578103,16723.5325574922,1.753790103831338,16723.255973863816,16776.78722300668,signal,9,29.360375022464826,29.329565900431003,-30.809122033820493,-89.49906295671633,31.294191664161026,-2.85992569858301,10.658648481232463,False
2023-01-02 15:45:00,2023-01-02 17:00:00,16742.4357941718,16717.751017018727,1.3559690839879537,16719.42295931466,16788.46146388608,stop_loss,16,22.702225327550266,22.668753532885564,-33.47179466470026,-78.8427735251361,31.204692601204307,-2.5266319566978606,13.745213145839003,False
2023-01-02 19:25:00,2023-01-02 22:00:00,16733.5286535468,16756.051542529556,1.8582306049367412,16721.42932268966,16757.727315261083,take_profit,32,31.094755072606564,31.136607794225913,41.85272161934943,-20.378641247483046,22.48334689799577,-0.906388241036287,7.230591411798205,True
2023-01-02 22:05:00,2023-01-02 22:30:00,16750.616300140602,16735.831499329906,1.8551196106964263,16737.50524985489,16776.838400712022,stop_loss,6,31.074396789642048,31.046969215717883,-27.427573924162093,-89.54893992952202,24.322566501850993,-3.6817224828106516,7.827204713418081,True
2023-01-03 04:00:00,2023-01-03 06:00:00,16698.995903617102,16728.30728216051,1.8554970303622538,16683.50371533139,16729.980280188527,take_profit,25,30.984937309192976,31.03932448503609,54.38717584311566,-7.637085951113409,28.74570935795239,-0.2656774218375877,9.277317256157163,True
2023-01-03 06:05:00,2023-01-03 07:25:00,16746.2779753515,16722.363384058448,1.39412028883436,16724.03578763721,16790.76235078007,stop_loss,17,23.346325887897514,23.31298607097669,-33.3398169208236,-79.9991288796978,31.008285160551054,-2.5799275408326428,13.281869408250408,False
2023-01-03 09:35:00,2023-01-03 11:45:00,16750.1709426093,16731.94121972261,1.844601392361385,16733.614581180726,16783.283665466446,stop_loss,27,30.897388643028332,30.863762070809177,-33.62657221915406,-95.38772293299157,30.539887343587306,-3.1233816241637467,9.884294008282902,True
2023-01-03 14:30:00,2023-01-03 14:50:00,16742.021690765603,16724.926597411297,1.839807448673618,16726.59925733703,16772.866557622743,stop_loss,5,30.80209621252584,30.770644532436815,-31.451680089023597,-93.02442083398626,28.374307898559444,-3.2784736518175683,9.211810684177033,True
2023-01-03 19:05:00,2023-01-03 23:00:00,16647.7173392734,16679.294778985874,1.8446471727829994,16631.0945712734,16680.962875273402,take_profit,48,30.709164723181196,30.767413958070534,58.24923488933944,-3.22734379191229,30.66314199502972,-0.10525156855861084,9.985013357228587,True
2023-01-03 23:10:00,2023-01-04 00:40:00,16688.563220453103,16671.4283934297,1.839939136634392,16673.4025064531,16718.884648453102,stop_loss,19,30.705940603508953,30.67441356466913,-31.52703883982307,-92.90739300800115,27.89479102792363,-3.330635921057724,9.084493254290972,True
2023-01-04 01:15:00,2023-01-04 02:35:00,16698.7536923984,16734.491906131854,1.638184441502915,16680.047777255542,16736.16552268412,take_profit,17,27.355638491376414,27.414184277081663,58.545785705249244,3.775962936791167,30.64373915110446,0.12322135096411935,11.201982787118853,False
2023-01-04 02:40:00,2023-01-04 03:10:00,16737.2380094453,16789.482998948075,1.1366907140352154,16710.275956588157,16791.16211515959,take_profit,7,19.025063023933726,19.084449418356396,59.386394422671465,21.276881980381344,30.647515114041248,0.6942449298485958,16.109021597188068,False
2023-01-04 03:15:00,2023-01-04 07:15:00,16812.74360625,16865.5378865391,0.7682524635653445,16772.823406249998,16892.58400625,max_holding,48,12.916431694794056,12.956991030688316,40.55933589426127,14.685913168778894,30.668791996021632,0.4788552862037721,23.744012836287155,False
2023-01-04 08:20:00,2023-01-04 08:25:00,16887.8292390625,16864.74136854708,1.4337251263724227,16866.428011348213,16930.631694491072,stop_loss,2,24.212505109930774,24.179403449858388,-33.10166007239203,-81.4935686321812,30.683477909190415,-2.655943008591343,12.672574675722243,False
2023-01-04 16:15:00,2023-01-04 18:50:00,16867.383834726497,16952.586843642166,0.7043161038730551,16823.934616155067,16954.282271869353,take_profit,32,11.879970065005919,11.939979916283663,60.009851277745,36.18990129645542,30.601984340558232,1.18259982404119,25.759310985724262,False
2023-01-04 18:55:00,2023-01-04 19:00:00,16966.2823955937,16929.26731298137,0.8673966901578121,16930.96040902227,17036.926368736556,stop_loss,2,14.716497194220729,14.684390434076876,-32.10676014385139,-61.50764777214899,30.63817424185469,-2.007549382238438,20.81893118824941,False
2023-01-04 22:50:00,2023-01-05 00:15:00,16842.0648970859,16872.158764470983,1.8136802500324163,16826.174271085903,16873.846149085894,take_profit,18,30.54612047360894,30.600701126532357,54.58065292342023,-6.566168676721066,28.820514536845632,-0.22782968251057897,9.435081800893771,True
2023-01-05 05:00:00,2023-01-05 06:30:00,16846.715753125,16832.8442420698,1.8127901789330247,16834.527694839286,16871.091869696433,stop_loss,19,30.53956086454128,30.514414725533452,-25.14613900782788,-86.20011459790261,22.094392360608644,-3.901447624854618,7.234679129345927,True
2023-01-05 10:35:00,2023-01-05 13:20:00,16831.8685645546,16812.687703085998,1.4704085626231185,16811.13697941174,16873.331734840318,signal,33,24.749723662267982,24.721519959326063,-28.2037029419195,-77.67494656351354,30.48390031080791,-2.548064577418077,12.316864918084695,False
2023-01-05 15:15:00,2023-01-05 17:45:00,16867.4326676093,16830.8597137032,0.5691183091344734,16814.005770466443,16974.286461895015,signal,30,9.599564759229384,9.578750421542292,-20.81433768709234,-39.99265286786402,30.406225364244396,-1.3152784467253404,31.674587470239942,False
2023-01-05 19:10:00,2023-01-05 22:00:00,16845.9324708046,16851.8869077735,1.6824750528388606,16827.883922233174,16882.02956794746,signal,34,28.34286112393685,28.352879315590723,10.018191653874421,-46.67754878565315,30.366232711376536,-1.5371531012526842,10.713891084810367,False
2023-01-06 08:45:00,2023-01-06 09:00:00,16812.3451284062,16799.164485377787,1.8016086194612637,16800.84456983477,16835.346245549055,stop_loss,4,30.289265896694197,30.265519536604167,-23.746360090029622,-84.30114552332799,20.719505450903753,-4.068685216598686,6.840543947671279,True
2023-01-06 13:55:00,2023-01-06 17:55:00,16782.672239413998,16810.0766362188,0.6384894392012298,16735.31788684257,16877.380944556855,max_holding,48,10.71555898644149,10.733056404389037,17.49741794754643,-3.951197443284096,30.235254017067557,-0.13068180082276395,28.216217236379865,False
2023-01-06 18:25:00,2023-01-06 19:40:00,16840.7952391328,16883.213892323114,1.3708120938996262,16818.741667418515,16884.90238256137,take_profit,16,23.08556578469049,23.143713787490707,58.148002800216695,11.918723228035493,30.231302819624275,0.3942510615288006,13.095326794924205,False
2023-01-06 19:45:00,2023-01-06 20:10:00,16903.242889273402,16954.49704657824,1.1423361343954348,16876.76800098769,16956.192665844825,take_profit,6,19.3091851408797,19.367734616807,58.549475927302524,19.872556169615827,30.24322154285231,0.6570912474207798,15.662608920157918,False
2023-01-06 20:15:00,2023-01-06 20:50:00,16975.402448507797,16927.079549265145,0.6490044996980947,16928.772426507796,17068.662492507796,stop_loss,8,11.017112573267616,10.985750794220676,-31.36177904693884,-53.36464241442713,30.263094099021924,-1.7633571187339971,27.469170254694106,False
2023-01-06 22:10:00,2023-01-07 02:10:00,16936.1465703125,16954.2321412266,1.337215562788036,16913.5550523125,16981.3296063125,max_holding,48,22.647278767481094,22.671463074369335,24.184306888240716,-21.134434953609713,30.2097294566075,-0.6995903417131453,13.339231510668391,False
2023-01-07 07:30:00,2023-01-07 08:25:00,16948.0227578125,16935.692979328203,1.7794663729234574,16938.432356098216,16967.203561241076,stop_loss,12,30.158436585068824,30.136496158870422,-21.940426198403454,-82.2353589423427,17.065797353398864,-4.818723511091295,5.658714205977106,True
2023-01-07 13:30:00,2023-01-07 14:00:00,16932.529020593698,16921.355689222866,1.7762428366579386,16923.04799402227,16951.491073736557,stop_loss,7,30.076283379332217,30.05643682952317,-19.84654980904554,-79.97927001790093,16.840605531665293,-4.749192056515804,5.5992973996374165,True
2023-01-07 15:10:00,2023-01-07 16:40:00,16944.793918960902,16925.777955929698,1.7702418897594017,16928.46300324662,16977.45575038947,stop_loss,19,29.996384008684966,29.962721154353012,-33.662854331954534,-93.62195949499252,28.909671095553914,-3.2384304610574026,9.637718695421285,True
2023-01-07 18:20:00,2023-01-07 22:05:00,16940.7974253515,16939.5734512422,1.7651386075175026,16933.968184494355,16954.45590706579,signal,45,29.90285557762104,29.900695093666112,-2.1604839549270807,-61.96403462621423,12.054556696979569,-5.140299737587211,4.031239312810333,True
2023-01-07 23:40:00,2023-01-08 00:30:00,16952.8884783359,16941.047440450155,1.7602282633582518,16942.741714621618,16973.182005764465,stop_loss,11,29.840953445127315,29.820110515573333,-20.84292955398295,-80.5039935146836,17.86062027149608,-4.507345897900344,5.985271316594784,True
2023-01-08 03:45:00,2023-01-08 07:45:00,16939.4594015625,16949.1896765235,1.756876011783319,16930.3009195625,16957.776365562495,max_holding,48,29.760529875182577,29.77762476184961,17.09488666703491,-42.44326796999728,16.090317330147403,-2.6378142269745064,5.406596387104379,True
2023-01-08 07:55:00,2023-01-08 09:45:00,16951.845405039,16941.9716483985,1.7530910822986774,16944.042392181855,16967.451430753288,stop_loss,23,29.71812900807968,29.70081941336443,-17.30959471524751,-76.72854313669161,13.679392254921938,-5.609060819868234,4.603046258801428,True
2023-01-08 14:15:00,2023-01-08 14:55:00,16939.2914157656,16955.987388021396,1.7498652328069966,16930.09554547989,16957.68315633703,take_profit,9,29.641477116834235,29.67069281821256,29.215701378325722,-30.096468556721074,16.09153369837013,-1.8703293993517514,5.428721934114172,True
2023-01-08 15:00:00,2023-01-08 15:00:00,16960.4322016328,16948.070931042035,1.7459113283580674,16949.7659076328,16981.7647896328,stop_loss,1,29.611410714679664,29.58982903232235,-21.581682357316634,-80.78292210431866,18.62240352620184,-4.3379428434496425,6.288928178950254,True
2023-01-08 15:05:00,2023-01-08 15:50:00,16952.0993364296,16975.90157535322,1.7420089340400773,16939.34933700103,16977.599335286748,take_profit,10,29.53070849479523,29.57217220765033,41.463712855098244,-17.639167847347316,22.210612913577876,-0.7941774464298584,7.521192022024288,True
2023-01-08 15:55:00,2023-01-08 16:10:00,16998.105890625,16976.354514250197,1.4731839942616072,16978.052319482144,17038.213032910713,stop_loss,4,25.041337530832692,25.009293751304174,-32.043779528519735,-82.0944108106566,29.542600035442682,-2.7788485343932745,11.797532779176716,False
2023-01-08 20:15:00,2023-01-08 21:10:00,16953.4158750703,16979.103954866787,1.7359967316887344,16939.7227950703,16980.802035070294,take_profit,12,29.431074550081945,29.475668972652006,44.5944225700621,-14.31232095267185,23.771142126747655,-0.6020880644421122,8.076885567428754,True
2023-01-08 21:15:00,2023-01-08 21:50:00,16981.223342539,16957.952600539604,1.3648434516241277,16959.648565396143,17024.372896824716,stop_loss,8,23.176711479631138,23.144950559798826,-31.760919832311153,-78.08258187174111,29.44619330367935,-2.6517037725886476,12.705078254763691,False
2023-01-08 23:05:00,2023-01-08 23:10:00,16983.5810002812,17016.36914918557,1.702994965943328,16966.336022281197,17018.0709562812,take_profit,2,28.922952947169637,28.978790999696383,55.83805252674588,-2.0636914201201435,29.36811072180761,-0.07026980522065816,10.153911592447388,False
2023-01-08 23:15:00,2023-01-08 23:55:00,17026.911504898402,17083.025577207627,1.0157299948531915,16998.000232041257,17084.73405061269,take_profit,9,17.2947447352362,17.35174148161404,56.99674637784059,22.350260160990345,29.366047030387488,0.7610918874393504,16.979751641293262,False
2023-01-09 00:00:00,2023-01-09 02:15:00,17095.7015862187,17199.305143694084,0.5580587930679198,17043.0397562187,17201.025246218705,take_profit,28,9.54040659385453,9.598223470096785,57.816876242255745,38.678246178304434,29.388397290548486,1.3161060059149134,30.804135024474817,False
2023-01-09 02:25:00,2023-01-09 06:25:00,17205.9547984375,17213.6534625,0.6905159145429711,17163.33872700893,17291.18694129464,signal,48,11.880985613228091,11.886301663283968,5.316050055876313,-18.451237220635747,29.427075536726786,-0.6270156610570248,24.768210731576993,False
2023-01-09 09:25:00,2023-01-09 10:20:00,17218.3661954531,17263.803705284416,1.2470776484453714,17194.78416402453,17265.530258310246,take_profit,12,21.47263962509693,21.52930372800858,56.66410291164844,13.662159558542932,29.408624299506155,0.464563028158116,13.695858922316079,False
2023-01-09 10:25:00,2023-01-09 12:30:00,17268.2364159765,17249.934989984402,1.0730804869922699,17240.817888833644,17323.07347026221,signal,25,18.53020754275371,18.51056863963746,-19.638903116251882,-56.67967929864305,29.422286459064697,-1.9264199394395005,15.878012370439082,False
2023-01-09 13:40:00,2023-01-09 13:45:00,17282.1831235078,17260.45355667319,1.4680345270927242,17262.179774650656,17322.189821222084,stop_loss,2,25.370841528848633,25.33894177447666,-31.899754371974534,-82.60953767529983,29.365606779766054,-2.813139135685108,11.574549762716805,False
2023-01-09 15:10:00,2023-01-09 17:20:00,17272.2817424687,17356.361781281023,0.6824612872695431,17229.373818182987,17358.097591040125,take_profit,27,11.787663632047416,11.845045003568949,57.381371521532024,33.74866288591566,29.282997242090754,1.1525002924702683,24.84207062244153,False
2023-01-09 17:25:00,2023-01-09 19:40:00,17368.23665,17342.6210324532,0.5738899569727698,17317.152386285714,17470.405177428565,signal,27,9.967456583761383,9.95275603810962,-14.700545651763177,-34.62075827363418,29.316745904976667,-1.1809209107262184,29.412464111194065,False
2023-01-10 00:45:00,2023-01-10 02:25:00,17222.65959375,17193.129841388793,1.0529249753498584,17194.849326321426,17278.280128607144,stop_loss,21,18.13416842820822,18.10307581443121,-31.092613777010452,-67.32985801964988,29.28212514670303,-2.299350121698075,16.147487138783735,False
2023-01-10 04:05:00,2023-01-10 06:55:00,17219.8956453828,17209.1109477969,1.3131891724257376,17197.6484353828,17264.3900653828,signal,34,22.612980511817803,22.598818163720114,-14.162348097688907,-59.374146773226826,29.21479528868338,-2.0323314329786166,12.919480151418073,False
2023-01-10 08:35:00,2023-01-10 12:20:00,17255.4968611484,17243.050912461,0.8721270444815585,17222.066615719832,17322.35735200554,signal,45,15.048985478574165,15.038131030129653,-10.854448444511497,-40.94156495321532,29.155421141910157,-1.4042522230750043,19.37367883264947,False
2023-01-10 14:20:00,2023-01-10 14:50:00,17286.259703125,17248.17533766366,0.800742015883971,17249.90032769643,17358.97845398214,stop_loss,7,13.841834441774166,13.81133869020099,-30.495751573176715,-58.14892470515187,29.11447957695694,-1.9972510431261374,21.033685744058943,False
2023-01-10 15:15:00,2023-01-10 19:15:00,17329.5159813203,17438.582138382902,0.39444675770723586,17255.852476463155,17476.842991034588,max_holding,48,6.83557139146752,6.878592183496452,43.02079202893208,29.30662845396811,29.056330652251784,1.0086142260945439,42.50753739258909,False
2023-01-10 19:20:00,2023-01-10 22:40:00,17426.6409268437,17433.0573009219,0.6492539929575462,17381.842377129415,17516.23802627227,signal,40,11.314316205590664,11.318482062081246,4.165856490582172,-18.466941777089737,29.085637280705754,-0.6349161821302078,25.706933368482197,False
2023-01-11 00:50:00,2023-01-11 01:30:00,17481.329989203103,17448.618992514497,0.9386813801585538,17450.36402891739,17543.261909774526,stop_loss,9,16.409398961272288,16.378693757754263,-30.705203518022113,-63.49329623704867,29.06717033892867,-2.1843645424272435,17.713732481933008,False
2023-01-11 05:40:00,2023-01-11 06:00:00,17433.975644242102,17409.019725019138,1.2493591649194253,17410.760801099248,17480.405330527814,stop_loss,5,21.781297252115912,21.750118345715713,-31.178906400199487,-74.7103219980311,29.00367704269162,-2.5758913908764782,13.315863011728606,False
2023-01-11 07:15:00,2023-01-11 09:00:00,17443.4805016328,17443.009430609403,1.4517140346588868,17423.55304620423,17483.335412489938,signal,21,25.322945457518973,25.32226159710299,-0.6838604159847783,-51.329067470606745,28.928966720693584,-1.7743138898179116,11.424013359434811,False
2023-01-11 09:30:00,2023-01-11 11:20:00,17463.3672551093,17438.4825393438,1.0691002292299154,17436.356094823586,17517.389575680725,signal,22,18.670089935563553,18.643485680234335,-26.604255329217345,-63.91783094501523,28.877637653222976,-2.2134023465690755,15.467326484708394,False
2023-01-11 15:20:00,2023-01-11 15:35:00,17425.433775140602,17392.103431144777,0.9120875112018749,17393.84281542632,17488.61569456917,stop_loss,4,15.893520523581083,15.86312033307843,-30.400190502654734,-62.156831359314246,28.813719822277964,-2.157195660355395,18.12922428327147,False
2023-01-11 18:05:00,2023-01-11 18:10:00,17398.1009641328,17448.326939223873,1.1064467795839041,17372.115472989943,17450.071946418513,take_profit,2,19.250072782640352,19.305645151031335,55.572368390980614,17.016650457308927,28.751562990918654,0.591851318228638,14.935820407311244,False
2023-01-11 18:15:00,2023-01-11 22:15:00,17497.2339234375,17532.396974961,0.5565867856319273,17445.546423151784,17600.608924008928,max_holding,48,9.738729186895995,9.75830047671647,19.571289820475297,0.07426015686283272,28.76857964137596,0.002581293820847144,29.54038364685784,False
2023-01-11 22:35:00,2023-01-11 23:30:00,17562.7971191015,17625.199601157474,0.8967061160005363,17530.71452995864,17626.962297387214,take_profit,12,15.748667590774913,15.80462427808812,55.95668731320674,24.403395444343708,28.768653901532826,0.8482633747087995,18.267357372114848,False
2023-01-11 23:35:00,2023-01-11 23:55:00,17788.247396875,17922.35453589423,0.4237402774333156,17720.297620017856,17924.146950589286,take_profit,5,7.537596887004266,7.594423483298063,56.82659629379678,41.69457592349445,28.79305729697717,1.448077413018302,38.19925332783438,False
2023-01-12 00:00:00,2023-01-12 01:50:00,17932.8946721562,18196.42083094784,0.21733701458314306,17800.221680727627,18198.240655013342,take_profit,23,3.8974817908803803,3.954755779496719,57.273988616338976,49.42175104596188,28.834751872900668,1.713964845746052,73.98303166000771,False
2023-01-12 01:55:00,2023-01-12 04:50:00,18223.8241531953,18216.266081211,0.22395482541008174,18094.8509391953,18481.7705811953,signal,35,4.081313356532884,4.079620689841204,-1.6926666916803546,-9.853600738054443,28.884173623946623,-0.3411418608107676,70.771761687233,False
2023-01-12 09:35:00,2023-01-12 12:10:00,18158.1828237187,18210.09823977553,1.074661058740774,18131.3145197187,18211.9194317187,take_profit,32,19.513891978146074,19.569683454130676,55.791475984599295,16.70790055232255,28.87432002320857,0.5786422169904986,14.796802224561555,False
2023-01-12 12:15:00,2023-01-12 12:35:00,18217.3508489296,18194.007270529994,1.3422706595591802,18195.826853215316,18260.398840358168,stop_loss,5,24.452615539413728,24.421282139038816,-31.333400374911232,-80.20729805336379,28.891027923760895,-2.7762009114047053,11.815107417524784,False
2023-01-12 12:45:00,2023-01-12 13:30:00,18213.6805609375,18174.757992229668,0.7764691987749347,18176.575649794646,18287.89038322321,stop_loss,10,14.142361951893745,14.11213977615491,-30.222175738832966,-58.476677466881625,28.810820625707528,-2.0296776071245826,20.372000606199723,False
2023-01-12 17:15:00,2023-01-12 17:35:00,18152.656880179602,18263.91847481753,0.5084942866467185,18096.112795608173,18265.74504932246,take_profit,5,9.230522311029572,9.287098196226161,56.57588519658877,38.058264689333036,28.752343948240647,1.323657812310701,31.149205840588674,False
2023-01-12 17:40:00,2023-01-12 18:00:00,18574.8905063203,18808.559685104527,0.2444523453530412,18457.115394891727,18810.440729177444,take_profit,5,4.540675548945936,4.59779652773646,57.1209787905237,47.9825067138413,28.790402212929973,1.6666146710618728,63.40554814495241,False
2023-01-12 18:05:00,2023-01-12 21:55:00,18813.3401298984,18860.0278705938,0.1284755370317671,18588.874170184114,19262.272049326974,signal,46,2.4170539765499917,2.4230522091086333,5.998232558641512,1.1581263729828875,28.838384719643816,0.040159196995316025,119.31212541975003,False
2023-01-12 23:30:00,2023-01-13 00:40:00,18871.1193442421,18812.138129046903,0.5051507777416269,18814.028384242098,18985.3012642421,signal,14,9.532760613598956,9.502966206870957,-29.79440672799929,-48.830133548469206,28.839542846016798,-1.6931660050642388,30.253086188774905,False
2023-01-13 03:05:00,2023-01-13 05:30:00,18844.0619517734,18824.1193528047,0.758363081795957,18806.097666059115,18919.990523201974,signal,29,14.290640895300815,14.275517164487889,-15.123730812924679,-43.68988887271338,28.790712712468334,-1.5174993863140003,20.146551105301075,False
2023-01-13 07:10:00,2023-01-13 07:25:00,18850.4649360078,18814.865627277602,0.852581258329047,18816.747302007803,18917.900204007794,stop_loss,4,16.071553115229108,16.041201811796274,-30.35130343283615,-62.464058359861525,28.747022823595618,-2.172887910625336,17.886897810987207,False
2023-01-13 08:30:00,2023-01-13 09:55:00,18851.4533158359,18908.170569678314,0.9788572042655872,18822.1491858359,18910.061575835898,take_profit,18,18.452880889082365,18.508398981612167,55.51809252980593,18.556812659111394,28.684558765235753,0.6469268992766003,15.544759074561066,False
2023-01-13 10:00:00,2023-01-13 10:50:00,18915.2096908359,18975.922400246247,0.9168787825485173,18883.904445121618,18977.820182264473,take_profit,11,17.342954432983536,17.398620628072916,55.66619508937928,20.924620028322824,28.703115577894863,0.7290016991896694,16.55030328817915,False
2023-01-13 10:55:00,2023-01-13 12:25:00,18992.5416422578,18913.5518146641,0.3447284949129909,18909.217981400656,19159.188963972083,signal,18,6.547270294907836,6.520040250528024,-27.230044379811996,-40.29735492524786,28.724040197923188,-1.4029138884216381,43.8717800000764,False
2023-01-13 14:45:00,2023-01-13 15:05:00,18938.782359867102,19057.05726869346,0.47734316322646325,18878.691957295672,19058.96316500996,take_profit,5,9.040298279316504,9.096755998426001,56.457719109495756,38.32066483175325,28.68374284299794,1.3359715655485944,31.72875712367157,False
2023-01-13 15:10:00,2023-01-13 17:20:00,19083.3046236484,19264.50744595375,0.3136804161558698,18991.739890791257,19266.434089362687,take_profit,27,5.986058935975264,6.042898712684624,56.83977670936012,44.81081906070023,28.72206350782969,1.5601531919349985,47.98159158643536,False
2023-01-13 17:25:00,2023-01-13 21:25:00,19318.144511289,19471.970576203203,0.2734165976699548,19212.931899574713,19528.569734717574,max_holding,48,5.28190134557315,5.323959944874948,42.058599301799,31.452738011350895,28.766874326890395,1.0933665456295276,54.463104183118446,False
2023-01-13 21:30:00,2023-01-13 21:40:00,19478.9887191015,19664.32119774742,0.30751163163855366,19385.339165387217,19666.28782653007,take_profit,3,5.990015603679883,6.047007496583907,56.99189290402419,44.954869803760396,28.79832706490175,1.561023656077217,48.077215436984666,False
2023-01-13 21:45:00,2023-01-14 00:10:00,19720.973853195297,20043.43247863592,0.17779079216233654,19558.742268623868,20045.437022338156,take_profit,30,3.506207563572318,3.5635377380289848,57.33017445666671,50.26042915506541,28.8432819347055,1.7425350301274092,82.26347531267764,False
2023-01-14 00:15:00,2023-01-14 00:35:00,20150.790267539,20428.10997452573,0.20685324174575992,20011.10890639614,20430.152989824714,take_profit,5,4.168256290579351,4.225620770969541,57.364480390189584,48.97060332864069,28.89354236386057,1.6948632574001063,69.3180561597488,False
2023-01-14 00:40:00,2023-01-14 04:40:00,20775.0069799687,20968.2994443516,0.13103074664387182,20554.123609397273,21216.77372111156,max_holding,48,2.7221646761169476,2.7474919320456728,25.327255928725283,19.857599320562663,28.94251296718921,0.6861048777303583,106.32168296472967,False
2023-01-14 04:45:00,2023-01-14 05:10:00,20935.9722938906,20857.691003621043,0.3801069854442747,20859.776981319174,21088.36291903346,stop_loss,6,7.957909315975614,7.928154050714563,-29.755265261050177,-45.64132862774035,28.962370566509772,-1.575883732408184,36.39444660215895,False
2023-01-14 06:55:00,2023-01-14 07:40:00,20963.7504614296,20905.569293423658,0.5155379210489736,20907.6600594296,21075.9312654296,stop_loss,10,10.807608330274878,10.777613731876892,-29.99459839798523,-51.57982046013699,28.91672923788203,-1.7837363290923456,26.75590043069832,False
2023-01-14 08:50:00,2023-01-14 09:10:00,21011.589229828103,20931.948950449783,0.3722284020374533,20934.04235468525,21166.68298011381,stop_loss,5,7.821110283286279,7.791465909355471,-29.64437393080839,-45.25695012345014,28.865149417421897,-1.567875137903661,36.90671576273097,False
2023-01-14 11:50:00,2023-01-14 14:35:00,20701.4371237187,20962.097399193986,0.21936561869882637,20570.058776290127,20964.193818575844,take_profit,34,4.5411835625994055,4.598363465199248,57.17990259984258,48.04035557204392,28.81989246729845,1.6669165447634713,63.463394663574746,False
2023-01-14 14:40:00,2023-01-14 14:45:00,20883.5158767734,20769.55032088218,0.25800650104977724,20771.627483630542,21107.292663059117,stop_loss,2,5.388082860983776,5.358679006668089,-29.403854315686498,-40.150616183338364,28.867932822870486,-1.3908379387501284,53.577373562513614,False
2023-01-14 17:40:00,2023-01-14 17:55:00,20862.224684867102,20800.072127765703,0.5741845670100866,20812.01821143853,20962.637631724243,stop_loss,4,11.978767447547556,11.943080408459721,-35.68703908783647,-59.60888694384374,28.827782206687147,-2.067758335222067,24.065733250868924,False
2023-01-14 20:00:00,2023-01-14 21:10:00,20794.8585739296,20893.618333424896,0.5705178852103434,20744.43390878674,20895.707904215316,take_profit,15,11.863838736846493,11.920182945977631,56.34420913113883,32.56018744831471,28.768173319743312,1.131812822678212,24.248621342429114,False
2023-01-14 21:15:00,2023-01-14 23:05:00,20906.2935453125,21013.181970105514,0.5285025394852804,20851.79856874107,21015.28349845536,take_profit,23,11.049029229922382,11.105520033867071,56.4908039446896,34.33625468090015,28.80073350719162,1.1922007011497222,26.06630221340626,False
2023-01-14 23:10:00,2023-01-15 00:20:00,20984.4204972265,20921.048049761546,0.47054515303042665,20923.140363797927,21106.980764083644,stop_loss,15,9.874117354122266,9.844297756131956,-29.81959799030919,-49.53801310056341,28.835069761872518,-1.7179779175032752,29.20268083489447,False
2023-01-15 04:35:00,2023-01-15 05:10:00,20729.1449722265,20689.9835287266,0.615703903693253,20682.3927402265,20822.6494362265,signal,7,12.763015479623224,12.738903625986074,-24.11185363715069,-49.61377274275999,28.78553174877195,-1.723566310178606,22.55386416692,False
2023-01-15 05:40:00,2023-01-15 07:00:00,20763.128839273402,20707.69848746982,0.5385355067026978,20709.769464416262,20869.847588987686,stop_loss,17,11.181682110191499,11.151830897596248,-29.85121259525045,-52.184725603038196,28.735917976029196,-1.8160103897348756,25.69910116639603,False
2023-01-15 10:25:00,2023-01-15 14:25:00,20725.3399047578,20724.9292528047,0.4589602220892386,20662.842695043513,20850.334324186373,max_holding,48,9.512106605562598,9.511918132651003,-0.18847291159516438,-19.212497649808768,28.683733250426155,-0.6698046409117031,30.154974539133267,False
2023-01-15 15:00:00,2023-01-15 15:40:00,20791.3054846562,20864.838211594364,0.7581259144644056,20753.495774941915,20866.92490408477,take_profit,9,15.762427483463792,15.818174549316849,55.74706585305645,24.16646382027581,28.66452075277635,0.84307929055242,18.185346630681103,False
2023-01-15 15:45:00,2023-01-15 18:05:00,20888.0378129218,20820.624626517794,0.4391288091240229,20822.706897207514,21018.69964435037,stop_loss,29,9.172539169725912,9.142936097461062,-29.603072264847107,-47.91854753203408,28.688687216596623,-1.670294188446268,31.27671268091612,False
2023-01-15 20:50:00,2023-01-15 22:10:00,20899.6444424687,20860.91193807348,0.7815480212484088,20862.99823789727,20972.936851611554,stop_loss,17,16.33407575880672,16.30380444663864,-30.27131216807848,-62.90919237352384,28.64076866906459,-2.196491061410415,17.534367473239232,False
2023-01-15 23:30:00,2023-01-16 00:20:00,20902.77756875,20829.91144557121,0.4037394611170089,20831.994645035717,21044.34341617857,stop_loss,11,8.439276151455827,8.409857222149938,-29.418929305889563,-46.26806267949533,28.577859476691067,-1.6190177825331147,33.86292729828637,False
2023-01-16 01:10:00,2023-01-16 03:55:00,21091.829675070298,21088.912381851602,0.21555790964089538,20959.468067641727,21356.55288992744,signal,33,4.546510715259959,4.545881869631928,-0.6288456280316055,-9.721238212923492,28.531591414011576,-0.34071840129287323,62.75491954356959,False
2023-01-16 05:45:00,2023-01-16 07:00:00,21191.0446735781,21137.43797209966,0.5539007381261519,21139.55192729239,21294.030166149525,stop_loss,16,11.73773528635917,11.708042494841754,-29.69279151741737,-53.13856929861829,28.521870175798657,-1.8630815220422456,24.299295801077495,False
2023-01-16 14:55:00,2023-01-16 15:15:00,20865.5316565312,20768.120245273498,0.4599721107366019,20803.63935710263,20989.316255388338,stop_loss,5,9.597562637696042,9.552756105250005,-44.80653244603583,-63.95685118898188,28.468731606500036,-2.24656483024973,29.66245981524966,False
2023-01-16 15:30:00,2023-01-16 18:40:00,20903.865567539,21130.044763741043,0.24884554424272007,20789.719361539002,21132.157979538995,take_profit,39,5.201833803930899,5.258117489106177,56.28368517527845,45.82373388224138,28.404774755311045,1.6132405300511452,54.60531002325805,False
2023-01-16 18:45:00,2023-01-16 19:00:00,21133.5408767734,21251.484711766123,0.473903373004914,21073.506278773402,21253.6100727734,take_profit,4,10.015256305040143,10.07115028626833,55.893981228186085,35.80757463687761,28.45059848919329,1.2585877464222344,28.407259507553118,False
2023-01-16 19:05:00,2023-01-16 21:20:00,21289.470530179602,21203.3970262422,0.3581184746446013,21209.925887608173,21448.55981532246,stop_loss,28,7.62415271225911,7.593328200321732,-30.82451193737822,-46.04199284995906,28.486406063830167,-1.616279454375244,37.36337287424214,False
2023-01-17 03:30:00,2023-01-17 04:30:00,21107.676962640602,21192.577581506906,0.6536505429464206,21064.166918354887,21194.697051212028,take_profit,13,13.797044506967683,13.852539842586129,55.49533561844691,27.845751268893093,28.440364070980205,0.9790926445033156,20.613374158949377,False
2023-01-17 04:35:00,2023-01-17 06:10:00,21197.3831973671,21139.18480490219,0.5075971140030652,21141.298934795668,21309.55172250996,stop_loss,20,10.759730535400607,10.7301891993458,-29.541336054806195,-51.0312557895526,28.468209822249108,-1.7925698914046053,26.458106667807158,False
2023-01-17 08:40:00,2023-01-17 10:30:00,21182.444203617102,21121.371476091794,0.4819707569655423,21123.483824474242,21300.36496190282,stop_loss,23,10.209318667197698,10.179883398482376,-29.435268715323218,-49.82447078100329,28.417178566459555,-1.7533222260077044,27.83454948640528,False
2023-01-17 11:55:00,2023-01-17 12:20:00,21191.5349566015,21268.88553476647,0.7138445485483228,21151.796116887213,21271.01263603007,take_profit,6,15.127461704141199,15.182677992691323,55.21628855012419,24.90614885329167,28.36735409567855,0.8779863207998606,18.752223373940442,False
2023-01-17 12:25:00,2023-01-17 12:50:00,21298.6960626406,21239.853114909336,0.500579794944914,21241.9773126406,21412.1335626406,stop_loss,6,10.66169690763068,10.632241316921409,-29.45559070927035,-50.74952893382244,28.39226024453184,-1.7874423697421715,26.63015136381454,False
2023-01-17 12:55:00,2023-01-17 14:15:00,21227.032647015603,21357.0786455589,0.42882582906342165,21160.941687015602,21359.214567015602,take_profit,17,9.102699873412785,9.158466956554493,55.76708314170993,37.50591631174265,28.34151071559802,1.3233562842894226,31.135279762851525,False
2023-01-17 14:20:00,2023-01-17 14:35:00,21350.615316046802,21246.191574359404,0.45684613851864836,21288.495897189656,21474.854153761094,stop_loss,4,9.753946162133092,9.706240578973535,-47.70558315955678,-67.1657699006634,28.379016631909764,-2.3667405665191823,29.094908009727572,False
2023-01-17 18:20:00,2023-01-17 18:50:00,21240.6531489296,21351.891630226306,0.49944219714672494,21183.9662069296,21354.0270329296,take_profit,7,10.6084784775329,10.664035669038993,55.55719150609201,34.28467735952012,28.3118508620091,1.2109655962311454,26.687946741815214,False
2023-01-17 18:55:00,2023-01-17 20:55:00,21372.513990695297,21299.309069631083,0.3988213073449937,21301.43921355244,21514.663544981013,stop_loss,25,8.523813971018267,8.494618288695351,-29.19568232291707,-46.214114582630685,28.346135539368618,-1.630349735626081,33.255225460982636,False
2023-01-18 03:20:00,2023-01-18 04:05:00,21349.2577583046,21263.039166307743,0.336534938405998,21265.16568287603,21517.44190916174,stop_loss,10,7.184771144704814,7.155755576157699,-29.015568547114437,-43.356095267976954,28.299921424785985,-1.5320217543079213,39.3887583262037,False
2023-01-18 05:20:00,2023-01-18 06:30:00,21306.4019111484,21279.557377445402,0.6984725206346886,21265.94711229126,21387.311508862687,signal,14,14.88193624853557,14.863186079414772,-18.750169120796482,-48.495291448746826,28.25656532951801,-1.7162486269372088,18.987156548462266,False
2023-01-18 08:05:00,2023-01-18 08:20:00,21296.115726632797,21260.5377955938,0.930147411749387,21265.789275489944,21356.768628918508,stop_loss,4,19.808526923442912,19.77543420297159,-33.09272047132304,-72.67668159773754,28.208070038069263,-2.576449983981676,14.24036736658378,False
2023-01-18 12:25:00,2023-01-18 13:30:00,21246.5834298984,21322.099444997297,0.7246866512097564,21207.759210755543,21324.231868184113,take_profit,14,15.397115395461773,15.451840843556496,54.72544809472426,23.876491855705986,28.13539335647152,0.848628329207776,18.273158727357657,False
2023-01-18 13:35:00,2023-01-18 13:55:00,21306.1655595156,21417.118499758737,0.4979760934008873,21249.618126372745,21419.260425801316,take_profit,5,10.609961090680109,10.665213002413727,55.25191173361908,33.97673764052524,28.159269848327227,1.2065915708586314,26.540408214185256,False
2023-01-18 14:00:00,2023-01-18 15:45:00,21420.182819101497,21325.401070290558,0.3043016975581081,21327.533823672926,21605.48080995864,stop_loss,22,6.518197993857607,6.489355746796912,-28.842247060695072,-41.84980080134959,28.19324658596775,-1.4843909754678248,43.25313010211645,False
2023-01-19 03:05:00,2023-01-19 07:05:00,20775.909414203103,20833.2426383829,0.692367804210632,20735.24981591739,20857.22861077453,max_holding,48,14.384570781590801,14.424266460124484,39.695678533682646,10.88684129196736,28.151396785166394,0.3867247289734441,19.570550426985427,False
2023-01-19 07:10:00,2023-01-19 08:15:00,20852.8702345156,20813.42317090061,0.7536972266053885,20815.504721372745,20927.601260801315,stop_loss,14,15.716750462516467,15.687019320072121,-29.731142444346297,-61.13491222693489,28.162283626458365,-2.170808057962276,17.918642720468057,False
2023-01-19 14:05:00,2023-01-19 18:05:00,20792.7040625,20860.3903143438,0.3819660551567345,20719.1343085,20939.843570500005,max_holding,48,7.942107146794532,7.967960997399654,25.85385060512125,9.943782460927064,28.101148714231428,0.3538567964622449,35.38248501919691,False
2023-01-19 18:50:00,2023-01-19 19:45:00,20966.8191282656,21100.767991866203,0.4132186949798891,20898.789552551316,21102.878279694174,take_profit,12,8.663881638061287,8.719231812672367,55.35017461108019,37.96706116034654,28.111092496692354,1.3506078130835317,32.44630255934886,False
2023-01-19 19:50:00,2023-01-19 21:40:00,21113.980326914,21022.200999142482,0.3138942176302907,21024.30342948543,21293.334121771142,stop_loss,23,6.62755633577802,6.598747335492544,-28.809000285474426,-42.03530395674499,28.149059557852695,-1.4933111307094618,42.47275787893885,False
2023-01-20 10:05:00,2023-01-20 12:30:00,20965.6822955937,21027.423093274825,0.8804941479193169,20933.760420450843,21029.526045879415,take_profit,30,18.460160568405882,18.514522979451986,54.362411046102345,17.387727498244477,28.10702425389595,0.6186256980169056,15.225774526577219,False
2023-01-20 12:35:00,2023-01-20 14:45:00,21041.5219097968,21116.237083476393,0.7321490841400493,21003.108405511088,21118.34891836823,take_profit,27,15.40553099517051,15.460233641151389,54.702645980878835,23.836881344556936,28.124411981394196,0.8475512789503407,18.25604842196672,False
2023-01-20 15:00:00,2023-01-20 16:45:00,21142.8406346562,21290.806209105933,0.3750727688136376,21067.7932006562,21292.935502656197,take_profit,22,7.930103777425988,7.98560163512395,55.4978576979615,39.58215228541156,28.14824886273875,1.4062030102983933,35.49543568757093,False
2023-01-20 16:50:00,2023-01-20 20:00:00,21333.2600656953,21475.377939411814,0.3907768155277574,21261.127252552444,21477.525691981013,take_profit,39,8.336543433297885,8.392079803418401,55.5363701205152,38.80774688379891,28.18783101502416,1.3767553403848036,33.81237228661954,False
2023-01-20 20:05:00,2023-01-20 20:05:00,21565.9044208046,21732.734279170458,0.33403644253284703,21481.402746233172,21734.90776994745,take_profit,1,7.203797992728967,7.259525245125758,55.727252396789915,41.26392915893519,28.22663876190796,1.4618789543805386,39.182995956297,False
2023-01-20 20:10:00,2023-01-20 20:55:00,21850.8176752812,22158.50115841532,0.18243267696268906,21695.86789785263,22160.717230138336,take_profit,10,3.9863031623251914,4.042434683810553,56.13152148536228,48.10278363922653,28.267902691066894,1.7016750115822272,70.9125762391297,False
2023-01-20 21:00:00,2023-01-21 01:00:00,22228.0585205937,22593.549012140702,0.10330836953749088,21953.966444593698,22776.242672593704,max_holding,48,2.296344483746467,2.3341027105096437,37.75822676317701,33.1277795689209,28.31600547470612,1.1699312460761107,123.30904912188434,False
2023-01-21 01:25:00,2023-01-21 01:50:00,22606.8991348671,22581.2025909063,0.3495293668721011,22525.79255000996,22769.112304581387,signal,5,7.901775141551549,7.8927934448101285,-8.981696741419299,-24.776265327780976,28.34913325427504,-0.8739690594965447,35.87691720712336,False
2023-01-21 04:45:00,2023-01-21 05:10:00,22626.7351032656,22585.697847601277,0.7304146938519199,22587.956643265603,22704.2920232656,stop_loss,6,16.526899793320233,16.496925578787653,-29.97421453257968,-62.998039904687566,28.324356988947258,-2.2241648743966436,17.13833649575056,False
2023-01-21 05:15:00,2023-01-21 08:05:00,22584.9535815312,22663.209355655163,0.7019509211202728,22544.69242067406,22665.475903245486,take_profit,35,15.853528970014432,15.908460682743726,54.93171272929485,23.169723076536695,28.26135894904257,0.8198375427846024,17.826541335053204,False
2023-01-21 08:10:00,2023-01-21 09:40:00,22682.8930625,22760.50071280095,0.70814065808383,22642.9510985,22762.7769905,take_profit,19,16.062678820523892,16.117635953080345,54.957132556454404,22.776817782850166,28.284528672119105,0.8052747863287518,17.60884905198932,False
2023-01-21 09:45:00,2023-01-21 09:55:00,22807.499271875,22918.961611072784,0.497691331879585,22750.622039589285,22921.25373644643,take_profit,3,11.351094689462133,11.406568529511894,55.473840049759126,32.716176830785095,28.307305489901957,1.155750300658461,24.93795203398421,False
2023-01-21 10:00:00,2023-01-21 10:05:00,22955.2132597968,23110.445510975278,0.35977386354223745,22876.44149636823,23112.756786653943,take_profit,2,8.258685762913094,8.314534269665934,55.84850675283967,39.27528672026064,28.34002166673274,1.385859445773268,34.315413469293134,False
2023-01-21 10:10:00,2023-01-21 10:25:00,23155.5633708046,23014.405114983176,0.20437847383511556,23016.706785661743,23433.276541090312,stop_loss,4,4.732498702517349,4.7036489936233385,-28.84970889400965,-38.28585659015034,28.379296953453,-1.3490769927438944,59.966835148538465,False
2023-01-21 10:30:00,2023-01-21 11:15:00,22924.436745453102,22720.6320055704,0.1106773997134186,22668.36810659596,23436.574023167384,signal,9,2.537217048881494,2.5146604702220072,-22.55657865948692,-27.608456178590423,28.34101109686285,-0.9741521247859249,111.70116923720299,False
2023-01-21 12:05:00,2023-01-21 14:30:00,22915.8069765625,22924.804946234402,0.23961547177023274,22797.6451465625,23152.130636562502,signal,29,5.4909818996846145,5.493137952432521,2.1560527479070335,-8.828067104210103,28.31340264068426,-0.31179816909483093,51.56346015693568,False
2023-01-21 15:15:00,2023-01-21 15:30:00,23002.0382548281,23128.21627275267,0.44056873967607824,22937.79271939953,23130.52932568524,take_profit,4,10.133979003910556,10.189569094242408,55.590090331852906,35.266542233699944,28.304574573580048,1.2459661650105955,27.930366307901096,False
2023-01-21 15:35:00,2023-01-21 16:00:00,23194.7645565312,23097.922725256354,0.2997915909512164,23100.232748531205,23383.828172531197,stop_loss,6,6.953595368141374,6.924563001472857,-29.032366668515706,-42.91052503812993,28.33984111581375,-1.514141341257756,40.75566612008473,False
2023-01-21 16:10:00,2023-01-21 20:10:00,23086.249800140602,23243.3473078125,0.19342498142472336,22939.955715569173,23378.83796928346,max_holding,48,4.465457438758719,4.495844021262026,30.386582503306993,21.425281043286247,28.296930590775613,0.7571591899183079,63.368492430736104,False
2023-01-22 04:45:00,2023-01-22 06:30:00,22832.980334726497,22931.570876871592,0.5614047008839277,22782.538370440783,22933.86426329792,take_profit,22,12.818542495105733,12.873891688928683,55.34919382295146,29.65675963891705,28.3183558718189,1.047262763882068,22.091712753326814,False
2023-01-22 06:35:00,2023-01-22 08:00:00,22936.943855038997,22892.17728807981,0.6673713387532373,22894.466734753285,23021.898095610424,stop_loss,18,15.307458927445216,15.277583003722276,-29.875923722939675,-60.46096565410717,28.34801263145782,-2.1328114404398697,18.51908456251468,False
2023-01-22 13:25:00,2023-01-22 15:05:00,22875.2462798984,23007.29688182853,0.42109747448949414,22808.070499041256,23009.59784161269,take_profit,21,9.632708436790415,9.688314611768009,55.606174977594556,36.28515192903613,28.28755166580371,1.2827250784273625,29.36614541115399,False
2023-01-22 15:10:00,2023-01-22 15:20:00,23042.9134359375,22965.30305966982,0.37607856606275963,22967.599819651783,23193.54066850893,stop_loss,3,8.665945842895672,8.636758243877331,-29.187599018340094,-46.4903031051131,28.323836817732747,-1.6413843719084995,32.68406857279472,False
2023-01-22 17:50:00,2023-01-22 18:55:00,22921.1825140625,22845.921689125807,0.38748828181817163,22848.206509776785,23067.13452263393,stop_loss,14,8.8816896296148,8.85252694187186,-29.162687742937415,-46.89690431442407,28.277346514627638,-1.6584619879437659,31.837800794502698,False
2023-01-22 22:55:00,2023-01-23 00:30:00,22621.082194031198,22761.720973722422,0.3950657966940824,22549.624604316912,22763.997373459766,take_profit,20,8.936815859067258,8.992377430612054,55.56157154479697,37.63237825511766,28.23044961031321,1.3330421149711236,31.58893509221264,False
2023-01-23 00:35:00,2023-01-23 02:35:00,22770.1283471562,22734.464607171903,0.3232617105436109,22682.681918870487,22945.02120372762,signal,24,7.360710638799277,7.349181917207571,-11.528721591705711,-26.238614147712557,28.26808198856833,-0.9282063833805033,38.4040120250938,False
2023-01-23 05:10:00,2023-01-23 06:00:00,22754.0740078828,22710.450057178437,0.682950762805767,22712.721329311367,22836.779365025657,stop_loss,11,15.539912200622435,15.51011919021229,-29.793010410144557,-60.84304180097928,28.241843374420615,-2.154358020981252,18.17374706485756,False
2023-01-23 06:45:00,2023-01-23 07:25:00,22771.8433626406,22722.661270692766,0.6007512575429527,22724.933764069174,22865.662559783457,stop_loss,9,13.68021353667748,13.650667333091226,-29.546203586254475,-56.877084456023184,28.181000332619632,-2.018277697196849,20.59982489093804,False
2023-01-23 09:40:00,2023-01-23 10:20:00,22775.226512921803,22869.230655426796,0.5841467488164394,22727.080865778946,22871.517807207518,take_profit,9,13.304074521081242,13.358986735300812,54.91221421956896,28.24915296318691,28.12412324816361,1.0044456395643004,21.139481144365927,False
2023-01-23 10:25:00,2023-01-23 13:50:00,22896.973061359302,22830.810845943764,0.440714692282395,22833.0941553593,23024.7308733593,stop_loss,42,10.091032436935253,10.061873776527673,-29.158660407580143,-49.31156662104307,28.1523724011268,-1.7515954221701533,27.898406408925343,False
2023-01-23 16:15:00,2023-01-23 18:40:00,22904.962142187498,23123.084869303737,0.2549779010880163,22794.744508758926,23125.397409044643,take_profit,30,5.840259171515442,5.895875646655135,55.61647513969272,43.88034032152214,28.103060834505747,1.5614078686989352,48.11954402909402,False
2023-01-23 18:45:00,2023-01-23 19:00:00,23113.061075,23016.12697697516,0.29743496160306787,23018.428819857145,23302.325585285715,stop_loss,4,6.874632433371988,6.845800843647941,-28.831589724046797,-42.55202300106673,28.146941174827273,-1.5117814307695498,40.943194341841014,False
2023-01-23 21:30:00,2023-01-23 23:10:00,22986.4995911171,22915.8785337963,0.4113083803406742,22918.170350831384,23123.158071688526,stop_loss,21,9.454539916523943,9.42549288381938,-29.047032704563033,-47.92706550490636,28.104389151826208,-1.7053231524084587,29.725813630240683,False
2023-01-24 01:05:00,2023-01-24 05:05:00,23018.4344252812,23063.1680615391,0.3994563994725014,22948.197818424054,23158.90763899549,max_holding,48,9.194860937016704,9.2127300742916,17.869137274893593,-0.5384537364147111,28.056462086321304,-0.01919179028196965,30.51319892546878,False
2023-01-24 05:50:00,2023-01-24 07:45:00,23121.2923660468,23075.297707453203,0.5746115906783814,23072.466473761087,23218.944150618223,signal,23,13.28576258499407,13.259333521056893,-26.429063937176263,-52.97416004322723,28.05592363258489,-1.8881631108270356,21.117285103584,False
2023-01-24 12:30:00,2023-01-24 13:40:00,22957.0318016328,22901.606094351602,0.5420491583700978,22905.370528775657,23060.35434734708,stop_loss,15,12.44383976675063,12.41379630876679,-30.04345798383974,-54.90109405935716,28.00294947254166,-1.9605468385817904,22.50346355902481,False
2023-01-24 16:15:00,2023-01-24 17:05:00,22907.097120664,22824.562762119334,0.3482550205554913,22826.845446664,23067.600468664,stop_loss,11,7.977511578623477,7.94876857389197,-28.7430047315064,-44.66928488402184,27.9480483784823,-1.5982971075151535,35.03354160384027,False
2023-01-24 18:05:00,2023-01-24 20:50:00,22922.3388796875,22934.9094046875,0.42365607191709614,22856.47559825893,23054.065442544645,signal,33,9.711188048920937,9.716513628164371,5.325579243435307,-14.10212243365,27.903379093598275,-0.5053912067906277,28.73322908899779,False
2023-01-24 21:30:00,2023-01-24 21:55:00,23017.3698658359,22896.6085471563,0.3111270613453591,22927.730356978755,23196.648883550188,stop_loss,6,7.161326646256747,7.1237545320517714,-37.572114204974575,-51.85719538328309,27.889276971164623,-1.8593954743573833,38.944288326440834,False
2023-01-25 03:20:00,2023-01-25 06:30:00,22610.3994848671,22705.321804467872,0.572827203399908,22561.80294543853,22707.592563724244,take_profit,39,12.951851904671141,13.006225991548284,54.37408687714326,28.41600898092384,27.837419775781342,1.0207845845557093,21.49300345670387,False
2023-01-25 06:35:00,2023-01-25 08:55:00,22711.0951004218,22693.04296875,0.6145009600845317,22665.748001564658,22801.78929813609,signal,28,13.955989743780302,13.944896691536407,-11.09305224389376,-38.99393867921047,27.86583578476227,-1.3993457429521394,19.966936273495833,False
2023-01-25 12:20:00,2023-01-25 13:45:00,22705.9539613593,22639.064828177477,0.43058942704923475,22641.328961073585,22835.20396193073,stop_loss,18,9.776943706828003,9.748141953295423,-28.801753532581177,-48.326839192704604,27.82684184608306,-1.7366986688612365,28.461697929844277,False
2023-01-25 16:30:00,2023-01-25 20:05:00,22652.6673832343,22848.961500286096,0.2797725962400099,22553.377762377153,22851.24662494859,take_profit,44,6.337595565568852,6.392513280323072,54.91771475422113,42.1876059083292,27.77851500689036,1.5187135056666896,43.831315393185726,False
2023-01-25 20:10:00,2023-01-25 21:35:00,22903.9620421875,23090.38491562614,0.2948167937017143,22809.595970758928,23092.694185044642,take_profit,18,6.752472652343488,6.807433246163328,54.96059381983971,41.400687921332896,27.820702612798687,1.4881251741746755,41.20076310585774,False
2023-01-25 21:40:00,2023-01-25 21:55:00,23212.2604469453,23485.52215070866,0.20218463538213044,23074.455201516732,23487.87093780244,take_profit,4,4.693162414860684,4.748411732799979,55.249317939294855,45.807743791634195,27.862103300720023,1.6440877882485783,59.36743892028102,False
2023-01-25 22:00:00,2023-01-25 22:45:00,23567.360406390602,23313.21690925848,0.110828385624565,23315.54846410489,24070.98429096203,stop_loss,10,2.6119325072725625,2.583766193768428,-28.16631350413428,-33.36201220517527,27.907911044511657,-1.1954320820345388,106.84774957548085,False
2023-01-26 05:50:00,2023-01-26 06:00:00,23171.9263359375,23168.2063846563,0.6358511053411734,23128.088165651785,23259.602676508926,signal,2,14.733894973590106,14.73152963845614,-2.365335133966549,-31.830759746012795,27.87454903230648,-1.141929137907167,18.918655984904504,False
2023-01-26 12:15:00,2023-01-26 12:35:00,22996.7447565312,23082.514398243147,0.6322277770711959,22952.7056945312,23084.8228805312,take_profit,5,14.539180817295401,14.59340676721514,54.225949919737666,25.093362335227123,27.842718272560468,0.9012540402693767,19.150128623092407,False
2023-01-26 12:40:00,2023-01-26 13:30:00,23095.9167817421,23033.35149737867,0.4624463450994453,23035.655062884958,23216.440219456388,stop_loss,11,10.680622302437579,10.651689215353603,-28.933087083976,-50.26539860176719,27.867811634895695,-1.8037081368393326,26.0919362615562,False
2023-01-26 14:20:00,2023-01-26 14:50:00,23178.4191721562,23068.9311571719,0.2621826149946097,23072.31928358477,23390.618949299052,stop_loss,7,6.076978549997109,6.048272695917956,-28.705854079152125,-40.83110532506719,27.817546236293932,-1.4678183682424977,45.77529113757883,False
2023-01-26 18:40:00,2023-01-26 19:15:00,23098.4209391328,23020.352490514342,0.3666109863102777,23022.65475598994,23249.95330541852,stop_loss,8,8.468134882705447,8.439514131757722,-28.6207509477262,-45.52839996218937,27.776715130968864,-1.6390851023067434,32.801455710982495,False
2023-01-26 19:25:00,2023-01-26 21:45:00,23060.0733547578,23063.8242459141,0.4211737162784368,22994.23072104351,23191.75862218637,signal,28,9.712296792476701,9.713876569244357,1.579776767655554,-17.846396594065503,27.731186731006673,-0.6435496889179707,28.552655796605894,False
2023-01-27 05:10:00,2023-01-27 05:45:00,22838.9926548984,22921.037376213193,0.6572043704662924,22796.824127755543,22923.329709184112,take_profit,8,15.00988578984678,15.06380593926855,53.92014942177074,23.846457692655406,27.713340334412614,0.8604685470933445,18.463391875479093,False
2023-01-27 05:50:00,2023-01-27 06:00:00,22924.9250752812,23024.922574465785,0.5422703162769764,22873.774964424058,23027.225296995486,take_profit,3,12.431506371198724,12.485732046708456,54.22567550973146,29.30843709182428,27.737186792105266,1.0566477888149146,22.312007864442474,False
2023-01-27 06:05:00,2023-01-27 09:00:00,23019.055581390603,22963.8498693516,0.36494132496678433,22942.970760819175,23171.225222533463,signal,35,8.40060464335674,8.38045779765949,-20.14684569724808,-36.92790813826431,27.766495229197087,-1.3299448790149717,33.0529722656988,False
2023-01-27 12:10:00,2023-01-27 12:35:00,22988.4353316718,22935.384309864032,0.5463173268013823,22937.6780776718,23089.9498396718,stop_loss,6,12.558980537745388,12.529997845327285,-28.982692418102115,-54.07167080117479,27.729567321058827,-1.9499644612237,22.079473121022044,False
2023-01-27 15:10:00,2023-01-27 19:10:00,23055.5357910468,23177.2425899454,0.28241266662493497,22957.539139618228,23251.529093903944,max_holding,48,6.5111753432161565,6.545546884839495,34.37154162333782,21.314819395282168,27.675495650257652,0.7701693824978969,42.50460814128145,False
2023-01-27 19:30:00,2023-01-27 20:00:00,23190.1918333046,23253.822691616813,0.839851166985981,23157.213596733174,23256.148306447456,take_profit,7,19.476309673829633,19.529750124439467,53.44045060983068,14.434390811561578,27.696810469652938,0.5211571501121822,14.220769197806097,False
2023-01-27 20:05:00,2023-01-27 20:10:00,23310.2722001406,23410.71772566601,0.5391983481799033,23258.878784426317,23413.059031569166,take_profit,2,12.568860265939731,12.623020327385097,54.16006144536372,28.96818085203889,27.7112448604645,1.0453583373068762,22.047539931332526,False
2023-01-27 20:15:00,2023-01-27 20:45:00,23333.0479144843,23241.82673508357,0.3120497496642388,23244.15115019859,23510.841443055724,stop_loss,7,7.2810717606185165,7.252606214422442,-28.46554619607465,-42.999224171115614,27.740213041316544,-1.5500682747847736,38.09907930224829,False
2023-01-28 00:45:00,2023-01-28 01:30:00,23150.7093704531,23096.099864911084,0.5295868347170538,23098.409705881673,23255.308699595957,stop_loss,10,12.260310896952696,12.231390421767236,-28.920475185459416,-53.41217650417935,27.697213817145425,-1.9284313886877522,22.590955523019876,False
2023-01-28 04:10:00,2023-01-28 04:45:00,23135.317206390602,23109.209738015878,1.1616840736494534,23111.520890104886,23182.909838962034,stop_loss,8,26.875929537492127,26.845600907277902,-30.328630214224468,-84.0501606589945,27.643801640641247,-3.040470400982258,10.285709970357651,False
2023-01-28 10:30:00,2023-01-28 11:10:00,23002.3390659062,22979.7076584141,0.6908732632990335,22962.447883334768,23082.121431049058,signal,8,15.891701053973458,15.876065619626342,-15.6354343471168,-47.403201020716594,27.559751479982257,-1.7200155471339218,17.342228743405286,False
2023-01-28 14:20:00,2023-01-28 16:20:00,22967.185159867102,23045.529929538658,0.6822690816458059,22926.860383295672,23047.834713009957,take_profit,25,15.66980032701171,15.723252541067273,53.45221405556449,22.059161187485508,27.51234827896154,0.8017912889084049,17.557561490771242,False
2023-01-28 16:25:00,2023-01-28 17:15:00,23047.9530018437,23005.398883878315,0.6840277593840802,23007.699653843698,23128.4596978437,stop_loss,11,15.765439650240733,15.736331452276305,-29.108197964427895,-60.60996906694493,27.53440744014902,-2.2012447225781626,17.4650425557454,False
2023-01-28 19:35:00,2023-01-28 20:30:00,23043.298239413998,23011.531454701628,0.9324087281716108,23013.832837985425,23102.22904227115,stop_loss,12,21.485772404291126,21.456152776959364,-29.619627331762544,-72.56155251301303,27.473797471082076,-2.641118417990403,12.786972213107417,False
2023-01-29 04:55:00,2023-01-29 07:25:00,23228.875389273402,23196.6390881016,0.743613266301214,23192.02661698769,23302.572933844833,signal,30,17.27329990072148,17.249328559513646,-23.971341207832396,-58.49396966806752,27.401235918569064,-2.134720121453637,15.863347522510482,False
2023-01-29 09:40:00,2023-01-29 10:20:00,23329.920648788997,23424.66834939823,0.5632429460816386,23281.375447931856,23427.011050503283,take_profit,9,13.14041323807477,13.193779212100376,53.36597402560603,27.031781575430884,27.342741948901,0.9886273156492041,20.808129435134145,False
2023-01-29 10:25:00,2023-01-29 14:25:00,23436.4664583046,23479.226060578203,0.265756194305071,23333.47817687603,23642.44302116174,max_holding,48,6.2283861339174775,6.239749763087708,11.363629170231295,-1.1045067267738906,27.36977373047644,-0.040354982019599764,43.94360455821905,False
2023-01-29 15:40:00,2023-01-29 17:20:00,23522.787589554602,23613.022034054502,0.5911416106673654,23476.48959812603,23615.38357241174,take_profit,21,13.90529854307562,13.958639877934965,53.34133485934578,25.477396438335198,27.368669223749663,0.9308964286881264,19.682187433061877,False
2023-01-29 17:25:00,2023-01-29 19:25:00,23627.6789376406,23775.358083483465,0.3651167400278131,23552.650477926316,23777.735857069172,take_profit,25,8.626861108135158,8.680781236435395,53.92012830023823,36.61248595566768,27.394146620187996,1.3365076292862603,31.75447741282774,False
2023-01-29 19:30:00,2023-01-29 21:00:00,23806.7632502812,23713.547350386973,0.301953525873561,23715.9189422812,23988.4518662812,stop_loss,19,7.188536103059526,7.160389233418987,-28.14686964053924,-42.49579497701776,27.43075910614366,-1.549202295590135,38.159033651467375,False
2023-01-29 22:20:00,2023-01-29 22:55:00,23801.1318281953,23743.0219443516,0.5300763342235859,23749.463301338157,23904.46888190958,signal,7,12.616416709862081,12.585614035652053,-30.802674210026456,-56.00470495554059,27.388263311166643,-2.044843235193615,21.708432704000348,False
2023-01-29 23:15:00,2023-01-29 23:25:00,23850.6504515625,23790.86543451517,0.47612453368108465,23793.24475899107,23965.461836705355,stop_loss,3,11.355879824240745,11.32741471087797,-28.46511336277495,-51.14840789789366,27.33225860621111,-1.8713567961877275,24.068816357026343,False
2023-01-30 04:05:00,2023-01-30 07:05:00,23718.7251503515,23696.680875921902,0.6414536576592806,23676.195016065783,23803.78541892293,signal,36,15.21446300270814,15.20032262224483,-14.140380463310501,-44.555166088263476,27.28111019831322,-1.6331874239860775,17.931037193660558,False
2023-01-30 14:45:00,2023-01-30 17:30:00,23193.2546395546,23173.0711321329,0.3446472278282002,23114.227295554603,23351.3093275546,signal,33,7.993490915836035,7.986534725955297,-6.956189880739328,-22.93621552253066,27.23655503222495,-0.8421114746484517,34.073417132765066,False
2023-01-31 07:20:00,2023-01-31 10:15:00,22881.3308722968,22872.3082434297,0.42527212516804924,22817.339801153943,23009.313014582513,signal,35,9.730792206734954,9.726955134182038,-3.837072552914264,-23.294819893831257,27.213618816702425,-0.8559986105021066,27.96649875830985,False
2023-01-31 12:40:00,2023-01-31 13:40:00,22901.537970804602,22989.823579668264,0.6003284800646514,22856.245560233176,22992.12279194746,take_profit,13,13.748445481156029,13.801445846536733,53.00036538070439,25.45047405301162,27.190323996808587,0.9360121657983488,19.77701699735897,False
2023-01-31 13:45:00,2023-01-31 17:45:00,23051.5060911171,23169.2941668672,0.3733982679463227,22978.619372545672,23197.279528259955,max_holding,48,8.607392447977233,8.651374311447048,43.98186346981785,26.72309671039357,27.215774470861604,0.9818973455634887,31.61907004397994,False
2023-01-31 18:05:00,2023-01-31 20:30:00,23143.8786094453,23096.893466249498,0.6097898527486975,23099.203386588157,23233.229055159587,stop_loss,30,14.112902329287378,14.084251265736633,-28.651063550744173,-56.84821714576818,27.242497567571995,-2.0867476267461336,19.30325664554329,False
2023-01-31 23:15:00,2023-02-01 02:55:00,23124.5075315312,23096.006574359402,0.19621512417394257,22985.957307816912,23401.607978959775,signal,44,4.537378116760665,4.531785797910125,-5.592318850540264,-14.661482765211053,27.185649350426228,-0.5393096400318717,59.91488619827583,False
2023-02-01 04:15:00,2023-02-01 06:15:00,23143.4547390625,23106.182394023883,0.7771689200516663,23108.493243348217,23213.377730491073,stop_loss,25,17.98637372582182,17.95740681768037,-28.96690814145612,-64.9106886849583,27.17098786766102,-2.3889705078487475,15.106429056710564,False
2023-02-01 11:25:00,2023-02-01 15:25:00,23062.0950409062,23047.7399165079,0.6430502934540764,23019.9426969062,23146.399728906195,max_holding,48,14.83008698372053,14.820855916763636,-9.23106695689553,-38.88200985737969,27.10607717897606,-1.4344388382224944,18.27776007567001,False
2023-02-01 18:45:00,2023-02-01 19:30:00,23080.3781190312,22987.215885833182,0.29788925359563584,22989.514837316914,23262.10468245977,stop_loss,10,6.87539661058325,6.84764458247259,-27.752028110660127,-41.47506930371597,27.067195169118683,-1.5323002270673178,39.368194596155135,False
2023-02-01 19:50:00,2023-02-01 23:50:00,23311.7528171875,23707.779374961,0.09777042339191332,23035.33261604464,23864.593219473216,max_holding,48,2.2791999429440497,2.317919627172007,38.719684227957195,34.12256465784114,27.02572009981497,1.262595946817149,118.57546848174172,False
2023-02-02 00:40:00,2023-02-02 00:45:00,23815.9262754921,23970.701957565347,0.344331965945814,23737.3397794921,23973.099267492096,take_profit,2,8.200584715260762,8.253878930149648,53.29421488888527,36.839751243474865,27.059842664472814,1.3614177916800014,32.997455186477346,False
2023-02-02 00:50:00,2023-02-02 02:25:00,24088.5472848671,23918.8344393438,0.18317755094276478,23940.62150315282,24384.39884829567,stop_loss,20,4.412481097410941,4.381393514004455,-31.087583406486452,-39.88145801790185,27.096682415716284,-1.4718206976795911,61.40917505939114,False
2023-02-02 09:00:00,2023-02-02 09:15:00,23818.1979876406,23777.03489064312,0.6976071246694134,23779.412831926315,23895.768299069172,stop_loss,4,16.615744612964768,16.587028943225867,-28.7156697388998,-61.918443295090434,27.056800957698382,-2.288461351801939,16.28383294756876,False
2023-02-02 10:30:00,2023-02-02 11:10:00,23819.9813689609,23808.716546234402,0.7816512064699792,23785.4456549609,23889.0527969609,signal,8,18.618917175140716,18.610112012865876,-8.805162274837677,-46.03419146284427,26.994882514403294,-1.7052932695033005,14.498631827228845,False
2023-02-02 11:35:00,2023-02-02 12:40:00,23837.510465695297,23803.24095268667,0.8450841936965952,23805.621514838153,23901.28836740959,stop_loss,14,20.14470331163626,20.115742687866987,-28.960623769271848,-69.2210697687751,26.948848322940446,-2.5686095724487807,13.377634758896589,False
2023-02-02 14:35:00,2023-02-02 14:45:00,23904.1929142734,23831.036134611462,0.3797982424096173,23833.419476559116,24045.739789701973,stop_loss,3,9.078770455061466,9.050985638725514,-27.78481633595182,-45.914572429738804,26.879627253171673,-1.708155101902356,29.607122887644028,False
2023-02-02 16:15:00,2023-02-02 18:15:00,23834.652757953103,24061.586761494164,0.23400772255080823,23719.982556524534,24063.993160810245,take_profit,25,5.577492809677946,5.630597119015926,53.104309337980624,41.89621940928675,26.833712680741932,1.561327718894259,48.110707797203524,False
2023-02-02 18:20:00,2023-02-02 19:05:00,24074.754890765602,23981.75379668727,0.2966315040477663,23984.15221190846,24255.96024847989,stop_loss,10,7.141330752829118,7.1137436984145745,-27.587054414543505,-41.842128865787195,26.875608900151224,-1.5568811490463295,37.63389462041672,False
2023-02-02 19:10:00,2023-02-02 19:20:00,23991.6372048281,23864.992654317448,0.21595235113172764,23867.379392256673,24240.15282997096,stop_loss,3,5.181050461882059,5.153701273441263,-27.349188440796368,-37.68394017611969,26.833766771285436,-1.4043477569628773,51.792135530634944,False
2023-02-03 01:10:00,2023-02-03 02:35:00,23579.2170609375,23506.5963702735,0.27421012484727386,23481.49607836607,23774.659026080353,signal,17,6.465660054080641,6.4457467254271705,-19.913328653470693,-32.8247354329785,26.796082831109313,-1.224982608087408,41.44369268872654,False
2023-02-03 04:20:00,2023-02-03 06:40:00,23545.434386007797,23534.4510065313,0.447611281201064,23485.643091150654,23665.016975722083,signal,28,10.539202051956538,10.534285767397147,-4.916284559391998,-25.989772378745684,26.76325809567634,-0.9710989703060252,25.394007974928144,False
2023-02-03 11:30:00,2023-02-03 13:30:00,23478.0428815312,23433.013520111333,0.6263734594772037,23435.357055816916,23563.41453295977,stop_loss,25,14.706022941458833,14.677817744568223,-28.205196890611546,-57.5890375766386,26.737268323297595,-2.153886361175432,18.181168647521,False
2023-02-03 15:20:00,2023-02-03 18:05:00,23625.2704938203,23515.136532171902,0.17072677791222107,23468.999288963154,23937.812903534592,signal,33,4.033466308714607,4.014663492303669,-18.802816410938863,-26.85094621195714,26.679679285720958,-1.006419377249705,66.1457844040435,False
2023-02-03 22:20:00,2023-02-04 02:20:00,23404.3675457343,23393.209273117198,0.6384252332224462,23362.619778020016,23487.863081162875,max_holding,48,14.94193880880927,14.934815086011337,-7.123722797934032,-37.00047669275464,26.652828339509004,-1.3882382845615948,17.837597035128653,False
2023-02-04 07:10:00,2023-02-04 07:20:00,23360.687397156198,23328.91453924694,0.9040784348711233,23331.247664013343,23419.566863441913,stop_loss,3,21.11989369953455,21.091168543884567,-28.72515564998471,-70.93621789340382,26.615827862816246,-2.665189234729969,12.602254652163717,False
2023-02-04 07:25:00,2023-02-04 09:05:00,23336.614678125,23309.262590625,0.8848461543546404,23306.61523526786,23396.613563839284,signal,20,20.64931375359496,20.625111364157014,-24.202389437946163,-65.47681455569813,26.544891644922842,-2.4666446347397946,12.855096281493369,False
2023-02-04 09:55:00,2023-02-04 12:50:00,23351.4169392031,23393.983557741238,1.1328204167383342,23328.963813774528,23396.323190060244,take_profit,36,26.452961868498654,26.501182203050167,48.220334551515016,-4.733809520033805,25.435358905073127,-0.18611137109174578,9.615316058563057,True
2023-02-04 12:55:00,2023-02-04 13:05:00,23399.1287409062,23446.223616058905,1.07098804746141,23374.4088749062,23448.568472906194,take_profit,3,25.06018720252129,25.110625250906526,50.43804838523618,0.26723593180836147,26.47468102084711,0.010094018945796942,10.564438648001603,False
2023-02-04 13:10:00,2023-02-04 14:20:00,23497.1639344453,23448.008073420144,0.5655731949351148,23450.353108731015,23590.78558587387,stop_loss,15,13.28936607831838,13.261564840948596,-27.801237369783912,-54.35216828905089,26.474948256778923,-2.0529659873890025,19.92190455192053,False
2023-02-04 18:00:00,2023-02-04 20:20:00,23455.4449189609,23439.681187461,0.6190195211051142,23412.763557246617,23540.80764238947,signal,28,14.51937828104256,14.509620223518661,-9.758057523898346,-38.78705602845957,26.420596088489873,-1.4680613525353858,18.19678196757661,False
2023-02-05 02:40:00,2023-02-05 02:55:00,23342.955155109303,23311.870387214276,0.9175213020275078,23314.201807395017,23400.46185053788,stop_loss,4,21.417658607085613,21.389137670373344,-28.52093671226781,-71.32773298972677,26.381809032461415,-2.703671037189367,12.31778389806508,False
2023-02-05 04:10:00,2023-02-05 06:40:00,23350.0300815312,23405.671422594532,0.9075373990089585,23321.039010388344,23408.012223816913,take_profit,31,21.191025566973764,21.241522164919754,50.49659794598688,8.06405021409336,26.310481299471686,0.30649573157961524,12.415860297236677,False
2023-02-05 06:45:00,2023-02-05 09:50:00,23413.5989377812,23379.4879883829,0.6725633458075142,23374.46724035263,23491.86233263834,signal,37,15.747128438989385,15.724186664733393,-22.94177425599048,-54.41308935971326,26.31854534968578,-2.0674808822731117,16.71323470285662,False
2023-02-05 10:55:00,2023-02-05 11:40:00,23406.02786875,23383.15695348541,1.1209887689226847,23385.495503035712,23447.09260017857,stop_loss,10,26.237894365960113,26.212256326813524,-25.63803914658746,-78.08818983936109,23.016551365129096,-3.3926972203866956,8.772255518716378,True
2023-02-05 22:15:00,2023-02-06 00:40:00,22961.3056659765,23055.86815143676,0.5406524796682705,22912.871514547925,23058.173968833642,take_profit,30,12.414086844731303,12.465212286978987,51.12544224768493,26.24614311597464,26.186044070486705,1.0022950792157137,21.09381414678954,False
2023-02-06 00:45:00,2023-02-06 01:30:00,23081.6048046875,23013.920369631174,0.4009049024989846,23016.221991830356,23212.37043040179,stop_loss,10,9.253528523743336,9.226393501906381,-27.135021836955243,-45.61494386260496,26.212290213602678,-1.7402120719285115,28.326805441130258,False
2023-02-06 07:50:00,2023-02-06 10:05:00,22861.3210595156,22831.4080368594,0.5226335437828606,22811.25409465846,22961.45498922989,signal,27,11.948093240892382,11.932459691856312,-15.633549036067361,-39.51410196881605,26.166675269740075,-1.510092572383903,21.900293831139983,False
2023-02-06 12:25:00,2023-02-06 14:15:00,22854.4453720156,22826.248396875,0.39389447446363063,22788.115014872743,22987.106086301315,signal,22,9.00223974896784,8.991133116263368,-11.106632704471943,-29.10000556970315,26.127161167771256,-1.1137836745003509,29.02295639345407,False
2023-02-06 16:10:00,2023-02-06 20:10:00,23088.9473348671,22997.0516268438,0.19250493075832684,22953.376463724246,23360.089077152814,max_holding,48,4.444736207981246,4.427045831071233,-17.69037691001303,-26.56215894906551,26.098061162201553,-1.0177828453991102,58.71678304628797,False
2023-02-07 03:20:00,2023-02-07 06:25:00,22865.9348018437,22966.95707301529,0.5046787018950197,22814.275203557987,22969.25399841513,take_profit,38,11.539950293410635,11.590934082087998,50.98378867736316,27.852904301864527,26.071499003252484,1.0683276898804248,22.592384144097597,False
2023-02-07 06:30:00,2023-02-07 07:00:00,22973.5393112187,22929.69086681218,0.6280639490752724,22931.9840652187,23056.6498032187,stop_loss,7,14.428851824040033,14.401312196885263,-27.53962715476749,-56.36979117569279,26.099351907554354,-2.1598157446728314,18.08830822149688,False
2023-02-07 07:20:00,2023-02-07 07:40:00,22963.8137297578,22915.7570231172,0.5850814673238739,22919.302010329226,23052.837168614944,stop_loss,5,13.435701832358815,13.407584743922781,-28.117088436035303,-54.9603750123169,26.04298211637866,-2.1103717986947372,19.383417733829294,False
2023-02-07 09:45:00,2023-02-07 13:35:00,22966.5210314609,22955.2686965547,0.5065924188688976,22915.221365746613,23069.12036288947,signal,46,11.634665442331187,11.628965094773132,-5.700347558054481,-28.9639780951588,25.988021741366342,-1.1145126159816732,22.33671597191989,False
2023-02-07 17:10:00,2023-02-07 17:30:00,22994.6937704531,22919.823992261285,0.35767330029897365,22922.116203881673,23139.848903595957,stop_loss,5,8.224588010242211,8.197809089583693,-26.77892065851906,-43.20131775834496,25.959057763271183,-1.66420977804015,31.56274542985491,False
2023-02-07 17:50:00,2023-02-07 18:25:00,23176.450225281198,23051.893689655953,0.21198871105668057,23054.19910956691,23420.95245670977,stop_loss,8,4.913145810126675,4.886741230685794,-26.404579440881115,-36.204466481693586,25.91585644551284,-1.3970005798501075,52.747989673126874,False
2023-02-07 19:40:00,2023-02-07 23:40:00,23100.2551065312,23251.1844140235,0.18827142956626572,22962.795843388343,23375.173632816914,max_holding,48,4.349118052252059,4.377533728737081,28.415676485021958,19.689024704032818,25.87965197903115,0.7607917107998882,59.50551736720542,False
2023-02-07 23:45:00,2023-02-08 02:50:00,23265.492331601497,23280.8337927891,0.40650257942459234,23201.77971988721,23392.91755503007,signal,37,9.45748264437908,9.463718987923984,6.236343544903,-12.684858087400066,25.899341003735184,-0.48977532229760845,27.38502620369923,False
2023-02-08 17:40:00,2023-02-08 19:15:00,22957.164626914,22912.3179140625,0.20501925980591015,22830.90011805686,23209.693644628285,signal,19,4.7066608990523315,4.697466459178789,-9.194439873542798,-18.598567231773917,25.886656145647784,-0.7184615551398985,55.00004504437522,False
2023-02-08 21:35:00,2023-02-09 00:00:00,22935.0667143437,22944.271749359403,0.4057272797641295,22871.309459486558,23062.581224057983,signal,29,9.3053822292195,9.309116963036555,3.734733817055225,-14.87976537520083,25.868057578416007,-0.5752177305966848,27.799027424353014,False
2023-02-09 00:10:00,2023-02-09 02:10:00,22992.4611252109,22931.196794196574,0.43840507544947593,22933.490143210896,23110.403089210904,stop_loss,25,10.080011654367226,10.053153060706531,-26.858593660696755,-46.991758375770516,25.853177813040805,-1.817639545729927,25.647964208295097,False
2023-02-09 06:30:00,2023-02-09 07:00:00,22613.2025001406,22726.602604020016,0.44619207536617794,22555.366004426312,22728.87549156917,take_profit,7,10.089831754213378,10.140429981910074,50.59822769669672,30.367965960573265,25.806186054665037,1.1767707903928557,25.576428510702097,False
2023-02-09 07:05:00,2023-02-09 11:05:00,22709.3312520546,22703.5087180704,0.3910661616087737,22643.264288054597,22841.4651800546,max_holding,48,8.880851005443159,8.878574009427123,-2.2769960160374425,-20.036421030907725,25.836554020625606,-0.7755067109534975,29.092430449278044,False
2023-02-09 13:40:00,2023-02-09 15:20:00,22758.8049489296,22686.0280453125,0.2564606847944388,22658.14032807246,22960.134190643883,signal,20,5.8367387023055475,5.818074287766688,-18.66441453885971,-30.319227528931943,25.816517599594697,-1.1744119791512058,44.23106621065119,False
2023-02-10 01:45:00,2023-02-10 04:05:00,21878.75015625,21841.596871875,0.3737795201370355,21809.76243225,22016.725604249994,signal,28,8.177828734601215,8.163941597796015,-13.887136805202022,-30.228907137599254,25.786198372065765,-1.1722901802518624,31.531839573702204,False
2023-02-10 06:35:00,2023-02-10 10:00:00,21881.87546875,21856.6109953125,0.3391009941741153,21805.921785607145,22033.782835035716,signal,41,7.420165725847311,7.411598517787369,-8.567208059941427,-23.398972303576105,25.755969464928175,-0.9084873444751678,34.71077387828436,False
2023-02-10 13:50:00,2023-02-10 15:45:00,21824.2114989296,21745.765500328733,0.33738251070265657,21747.94029435817,21976.753908072453,stop_loss,24,7.363107269614656,7.336640961652119,-26.466307962537257,-41.16605619380404,25.732570492624593,-1.5997646331369404,34.947977192747445,False
2023-02-10 18:35:00,2023-02-10 21:15:00,21737.454778125,21669.48236774316,0.39041575286452723,21671.64953269643,21869.06526898214,stop_loss,33,8.486644772560286,8.460107272787043,-26.537499773242963,-43.484251818590295,25.69140443643079,-1.6925603240642222,30.272746326673573,False
2023-02-11 00:10:00,2023-02-11 04:10:00,21634.1124129218,21684.046221515702,0.4472835949757689,21576.770895207515,21748.79544835037,max_holding,48,9.67658357416157,9.698918147580281,22.334573418712267,2.9590716969704154,25.647920184612197,0.11537277391972503,26.50513994742661,False
2023-02-11 04:20:00,2023-02-11 06:40:00,21701.0448875,21683.700553086,0.7496147362574369,21666.8261375,21769.482387500004,signal,28,16.267423039854112,16.254421471186802,-13.0015686673111,-45.523413178352016,25.65087925630917,-1.774731100773278,15.768249951738643,False
2023-02-11 08:15:00,2023-02-11 10:45:00,21710.721636078102,21678.522317325183,0.8526237198497901,21680.690386363818,21770.784135506674,stop_loss,31,18.511076241976234,18.48362233904449,-27.453902931742707,-64.44860151276343,25.60535584313082,-2.51699690906866,13.832451181345903,False
2023-02-11 12:10:00,2023-02-11 12:20:00,21723.9241281953,21754.798653617338,1.1745295969180851,21707.39901676673,21756.974351052442,take_profit,3,25.51539184976829,25.551654893667273,36.263043898982936,-14.804002844452626,19.409232465226065,-0.7627299467393029,7.606872188953791,True
2023-02-11 12:25:00,2023-02-11 12:30:00,21755.0092673984,21724.97717783769,0.9162482514935111,21727.149892826972,21810.728016541252,stop_loss,2,19.932989202478915,19.905472352930214,-27.51684954869801,-67.35531110410714,25.526103238773604,-2.638683643721846,12.805958493971952,False
2023-02-11 12:35:00,2023-02-11 12:45:00,21729.651262851497,21693.071582740813,0.739861450429661,21695.2411068515,21798.471574851494,stop_loss,3,16.076931300664025,16.04986740548108,-27.063895182943998,-59.190693889089104,25.458747927669492,-2.324964843410799,15.835576735106143,False
2023-02-11 13:45:00,2023-02-11 16:15:00,21762.494390835902,21734.2619024454,0.5984931962102981,21720.055216264474,21847.37273997876,signal,30,13.024704825480063,13.00780787326626,-16.896952213801743,-42.92946491254806,25.39955723378041,-1.6901658764135292,19.50106169323053,False
2023-02-11 21:15:00,2023-02-11 21:45:00,21700.6249235078,21763.067820216194,0.7847989759242806,21668.31521293637,21765.24434465066,take_profit,7,17.03062821688584,17.079633338276338,49.00512139049402,14.89485983533184,25.356627768867856,0.587414855441437,14.88883877091909,False
2023-02-11 21:50:00,2023-02-11 23:30:00,21798.031147156198,21884.31905981371,0.5735196224972232,21753.792865441912,21886.50771058477,take_profit,21,12.501598594699738,12.551086405793146,49.48781109341052,24.43512609291764,25.371522628703193,0.9630926157058388,20.294622672863515,False
2023-02-11 23:35:00,2023-02-12 00:35:00,21890.677129828102,21844.493020345006,0.5771881816071172,21846.677688113818,21978.67601325667,stop_loss,13,12.635040126713989,12.608383204542298,-26.65692217169226,-51.90034550294855,25.39595775479611,-2.043645922081714,20.099625723468808,False
2023-02-12 06:00:00,2023-02-12 09:25:00,21817.706942539,21848.531915983083,1.1604674467992517,21801.201919967574,21850.71698768185,take_profit,42,25.31873867062254,25.354510048852852,35.771378230310084,-14.901870489165308,19.153541402826516,-0.7780216815134885,7.564966664413841,True
2023-02-12 09:30:00,2023-02-12 13:00:00,21871.423251632797,21840.5012774454,0.7604645280799976,21838.1157736328,21938.0382076328,signal,42,16.632441561490822,16.608926496983102,-23.5150645077205,-56.75643256619442,25.329155538804,-2.240755025537435,15.228765689728153,False
2023-02-12 14:55:00,2023-02-12 16:40:00,21924.75475625,22037.71705900203,0.43888533772120647,21867.17160882143,22039.92105110714,take_profit,22,9.62245339565141,9.672030894044498,49.57749839308913,30.28301410339322,25.27239910623781,1.1982643189549296,26.263987017758843,False
2023-02-12 16:45:00,2023-02-12 18:10:00,22056.0081142734,21979.1866265235,0.3447646030053712,21982.616931130546,22202.79048055911,stop_loss,18,7.604130881400716,7.5776455516743395,-26.4853297263767,-41.667106159451755,25.3026821203412,-1.6467466160812634,33.274916640677716,False
2023-02-12 20:15:00,2023-02-12 20:50:00,22019.6822160468,21977.48647988768,0.6315606209483487,21979.684448332515,22099.67775147537,stop_loss,8,13.90676417345183,13.880115008121802,-26.649165330026143,-54.436044511599775,25.261015014181744,-2.154942882581675,18.164552658774,False
2023-02-13 01:00:00,2023-02-13 01:10:00,21840.1271533359,21745.937832357253,0.27394134955388355,21748.112643621615,22024.156172764473,stop_loss,3,5.982913906813254,5.9571115571107995,-25.802349702454396,-37.74237516637845,25.206578969670144,-1.4973223939588163,42.13094047862742,False
2023-02-13 03:25:00,2023-02-13 07:10:00,21809.7471626406,21814.7460412266,0.37339025398786463,21742.34091321203,21944.559661497744,signal,45,8.143547032469483,8.145413565014366,1.8665325448812247,-14.422428052602623,25.168836594503762,-0.573027203639286,30.90647907374025,False
2023-02-13 07:35:00,2023-02-13 08:05:00,21892.3120583046,21847.695709092026,0.5928260015454312,21849.88069716174,21977.174780590314,stop_loss,7,12.978331822109546,12.9518820902023,-26.449731907245056,-52.37994581955691,25.15441416645116,-2.082336144779586,19.38185470308192,False
2023-02-13 12:15:00,2023-02-13 14:00:00,21668.332631601497,21605.0560743204,0.4343482815898058,21610.54022103007,21783.917452744354,signal,21,9.411603043452425,9.384118979532463,-27.48406391996329,-46.27978594294818,25.102034220631605,-1.8436667537051787,26.671369483751104,False
2023-02-13 15:30:00,2023-02-13 15:55:00,21662.701209515602,21617.0431574922,0.35471288644312876,21592.06449065846,21803.97464722989,signal,5,7.684039274182337,7.667843774759745,-16.19549942259145,-31.54738247153353,25.055754434688662,-1.259087310811822,32.607530415511654,False
2023-02-13 18:50:00,2023-02-13 21:50:00,21647.3090454531,21611.8796108985,0.24902197313497046,21546.819089738816,21848.288956881675,signal,36,5.3906556115612245,5.381832903861382,-8.822707699842907,-19.595196215265513,25.02420705221713,-0.7830496356738461,46.42145381824845,False
2023-02-13 22:45:00,2023-02-14 00:00:00,21658.870748507798,21714.684554883745,0.8624437249235359,21629.878002507798,21716.856240507794,take_profit,16,18.679557165980476,18.727693433053513,48.136267073032755,10.729016473998765,25.00461185600186,0.42908150447548254,13.38608385296236,False
2023-02-14 05:10:00,2023-02-14 08:40:00,21744.400784656198,21707.1435215547,0.8099499758220906,21713.515740370487,21806.170873227624,signal,42,17.611876889798136,17.58170037044988,-30.17651934825648,-65.3700966085045,25.01534087247586,-2.6132003134296915,14.203676887479414,False
2023-02-14 10:00:00,2023-02-14 13:30:00,21834.640276703103,21777.574466601774,0.4545628524208294,21779.752441845958,21944.41594641739,stop_loss,43,9.92521636576089,9.899276368345525,-25.939997415365344,-45.76449014947176,24.949970775867353,-1.834250250655086,25.137961588361435,False
2023-02-14 15:05:00,2023-02-14 15:40:00,22227.367045453102,21989.02395000302,0.10546196015196274,21991.223072310248,22699.65499173881,stop_loss,8,2.344141697630625,2.319005567595773,-25.136130034852172,-29.799277300078572,24.904206285717883,-1.1965559937225514,106.24019149904706,False
2023-02-14 15:45:00,2023-02-14 19:45:00,21990.304278546802,22221.9631274454,0.08515150090697896,21698.184859118235,22574.54311740394,max_holding,48,1.8725074147194212,1.89223351340152,19.726098682098677,15.961357753977735,24.874407008417805,0.6416779201440346,132.8400988582735,False
2023-02-14 19:50:00,2023-02-14 21:10:00,22230.1778735078,22156.670829328203,0.4420700332068517,22173.87374407923,22342.78613236495,stop_loss,17,9.827295470735812,9.7948002092744,-32.49526146141234,-52.11735714142255,24.890368366171785,-2.09387648968083,25.327790784648233,False
2023-02-14 21:30:00,2023-02-14 23:05:00,22243.5581173984,22194.8720868204,0.3570380270984731,22173.990594826973,22382.693162541254,signal,19,7.9417961058861515,7.924413341581326,-17.382764304824764,-33.248973752292244,24.838251009030362,-1.3386197659490606,31.2753572087065,False
2023-02-15 00:05:00,2023-02-15 00:20:00,22200.0967406953,22183.5197071719,0.5828894053456566,22157.5414946953,22285.207232695295,signal,3,12.940201187799932,12.930538610587083,-9.662577212848127,-35.53331701123514,24.805002035278072,-1.4325061114971525,19.16894619742413,False
2023-02-15 04:50:00,2023-02-15 08:30:00,22126.1030140625,22124.5080309297,0.9789569982764265,22100.80111749107,22176.706807205355,signal,44,21.66050339020162,21.658941970301633,-1.561419899987248,-44.880865260490495,24.769468718266836,-1.8119429920348686,11.435315362740644,False
2023-02-15 10:00:00,2023-02-15 10:45:00,22176.8073019843,22227.659091490616,0.9316887952353904,22150.269913127155,22229.882079698586,take_profit,10,20.66188287735316,20.709260919853865,47.3780425007032,6.0068987034961765,24.724587853006344,0.2429524301561119,11.966280130309997,False
2023-02-15 10:50:00,2023-02-15 11:40:00,22240.878161429602,22312.22595740357,0.6722166245676365,22204.088540572462,22314.457403143886,take_profit,11,14.95068804509627,14.998649219676231,47.96117457996149,18.011837315188984,24.73059475170984,0.7283220438499025,16.54144255910772,False
2023-02-15 11:45:00,2023-02-15 12:10:00,22429.3794316718,22593.777193134974,0.2969998543756051,22346.050749100374,22596.036796814657,take_profit,6,6.661522424941718,6.710348536155955,48.82611121423787,35.4542402531402,24.74860658902503,1.4325752088548964,37.151577387719385,False
2023-02-15 12:15:00,2023-02-15 16:15:00,22649.7120097265,22864.8578165469,0.17408821471652355,22507.34705486936,22934.441919440782,max_holding,48,3.943047927616689,3.9805022770297986,37.454349413109675,29.530799208463186,24.784060829278168,1.191523835092333,62.85508389510874,False
2023-02-15 16:20:00,2023-02-15 19:10:00,22809.5190048281,23044.937495463273,0.20876035723644557,22690.65739739953,23047.242219685242,take_profit,35,4.761723335839409,4.810869384044472,49.146048205063515,39.573455485179636,24.813591628486634,1.5948298044749114,52.110527803506734,False
2023-02-15 19:15:00,2023-02-15 20:00:00,23097.7587629218,23319.30606367048,0.22202273112943152,22985.819030636085,23321.63822749323,take_profit,10,5.128227483512657,5.177416020299233,49.18853678657545,38.882893282763554,24.853165083971813,1.56450468788942,48.46346064770953,False
2023-02-15 20:05:00,2023-02-15 20:15:00,23339.0387485078,23635.01429527592,0.16687073586713727,23189.869106222086,23637.37803307923,take_profit,3,3.894602570395127,3.9439922276830015,49.389657287874606,41.55106248979647,24.892047977254574,1.6692504581288081,63.914218530208466,False
2023-02-15 20:20:00,2023-02-15 22:00:00,23678.1468739296,24151.132188318148,0.104895094425085,23440.44653935817,24153.547543072455,take_profit,21,2.483721452151877,2.5333352913663423,49.6138392144653,44.59678247094708,24.93359903974437,1.7886219474316336,100.38806492629074,False
2023-02-15 22:05:00,2023-02-16 00:10:00,24153.3740798984,24350.5470399503,0.2502721684637062,24053.56995075554,24352.982338184116,take_profit,26,6.044917306691247,6.094264210965844,49.34690427459655,37.207722756939454,24.97819582221532,1.4896080974690467,41.32098845184603,False
2023-02-16 00:15:00,2023-02-16 00:20:00,24510.9371766328,24720.945861098222,0.23546011596663863,24404.696663489944,24723.418202918514,take_profit,2,5.771348110060954,5.820796779259183,49.448669198229375,37.856524308909236,25.01540354497226,1.5133285473828728,43.344125268347504,False
2023-02-16 00:25:00,2023-02-16 00:55:00,24771.7191112187,24579.6335868204,0.1429158495812093,24596.41833007584,25122.32067350441,stop_loss,7,3.540271282366899,3.5128192164552643,-27.452065911634968,-34.50515641045713,25.053260069281166,-1.3772721120939198,70.76649801969823,False
2023-02-16 01:00:00,2023-02-16 05:00:00,24598.8424502812,24655.567399679698,0.12038033334398339,24391.01153456692,25014.50428170977,max_holding,48,2.9612168540409805,2.968045422358492,6.828568317511586,0.8993060411121134,25.01875491287071,0.03594527562398688,84.48808765467223,False
2023-02-16 06:35:00,2023-02-16 07:00:00,24723.8256503515,24629.5270349766,0.5315756910760949,24676.75868578007,24817.959579494356,stop_loss,6,13.142584706130481,13.092457854495049,-50.126851635431706,-76.36189419605724,25.01965421891182,-3.0520763207965085,19.037088044972744,False
2023-02-16 10:15:00,2023-02-16 11:15:00,24639.9617958046,24576.157372476602,0.5992061154177417,24598.334563233173,24723.216260947458,stop_loss,13,14.76441579170564,14.7261837910568,-38.232000648838785,-67.72260023160122,24.94329232471576,-2.71506260480684,16.894195257443517,False
2023-02-16 15:45:00,2023-02-16 15:55:00,24641.8057301796,24913.94913238767,0.18115364416094928,24504.488207036742,24916.440776465315,take_profit,3,4.4639529067281964,4.513252675772547,49.299769044350526,40.32256346184978,24.87556972448416,1.620970450464163,55.7254304519902,False
2023-02-16 16:00:00,2023-02-16 16:10:00,24983.966896875,24729.921291546903,0.1360789692860804,24800.86812401786,25350.16444258929,stop_loss,3,3.399792464004303,3.3652221998795966,-34.570264124705915,-41.33527878858982,24.915892287946004,-1.6589925141307225,73.28650954946781,False
2023-02-16 16:15:00,2023-02-16 19:55:00,24766.5799253515,24876.2015840547,0.0759709685756294,24439.15804992293,25421.42367620864,signal,44,1.8815410652346929,1.8898691288232419,8.32806358854914,4.556653394491206,24.87455700915742,0.18318530829769958,132.2031045123892,False
2023-02-17 02:20:00,2023-02-17 04:50:00,23813.5881517031,23764.3811362188,0.26163336394844855,23718.496633988816,24003.77118713167,signal,30,6.230429175813,6.217554978821979,-12.874196991021392,-25.322181145656373,24.87911366255191,-1.017808813011348,39.93162101759301,False
2023-02-17 09:25:00,2023-02-17 13:25:00,23756.2660140625,23809.2047784063,0.2447371152488001,23654.713000919644,23959.372040348215,max_holding,48,5.814040013364767,5.826996093835104,12.956080470337293,1.315044363137421,24.853791481406255,0.052911217353748166,42.747885161221284,False
2023-02-17 14:35:00,2023-02-17 14:40:00,23983.1832345156,24134.41017784386,0.3235486240727947,23906.36292165846,24136.823860229884,take_profit,2,7.759725936413241,7.808655205849834,48.92926943659301,33.36088829432994,24.85510652576939,1.3422146575691352,32.030907701436306,False
2023-02-17 14:45:00,2023-02-17 14:45:00,24156.9291223671,24021.484880783006,0.18707246539018366,24023.887269509956,24423.012828081384,stop_loss,1,4.519096287177139,4.493758398981099,-25.33788819603993,-34.35074288219817,24.888467414063726,-1.3801871489599074,55.07399230391338,False
2023-02-17 14:50:00,2023-02-17 17:15:00,23976.565384796802,24336.727450945808,0.13708986246625024,23795.267393653947,24339.161367082517,take_profit,30,3.2869440510148498,3.3363186191287775,49.37456811392763,42.751305443784005,24.85411667118153,1.7200895131129064,75.61466299831838,False
2023-02-17 17:30:00,2023-02-17 20:15:00,24393.0699220859,24825.184253669577,0.11457447863702636,24175.77137294304,24827.667020371613,take_profit,34,2.794823268679521,2.844332542932308,49.50927425278704,43.87011844117521,24.896867976625316,1.7620737870467533,89.08208349212872,False
2023-02-17 20:20:00,2023-02-17 21:45:00,24870.5024265625,24674.5362056094,0.1302528852189314,24679.023074276785,25253.461131133932,stop_loss,18,3.239454697904201,3.213929532219609,-25.52516568459162,-31.97854991471543,24.940738095066493,-1.2821813770235244,76.99054446170265,False
2023-02-18 04:20:00,2023-02-18 07:15:00,24625.231807953103,24589.6677403047,0.3894098804405409,24561.2664059531,24753.162611953103,signal,35,9.589308574155625,9.575459574824679,-13.848999330944148,-33.013767479924454,24.908759545151774,-1.3253878588406154,25.97555324508377,False
2023-02-18 12:20:00,2023-02-18 16:20:00,24600.219540976497,24663.9259387422,0.37613562160991226,24534.08449726221,24732.48962840507,max_holding,48,9.253018868785507,9.276981114309637,23.962245524130534,5.432245541035391,24.87574577767185,0.21837518318390697,26.883924187800655,False
2023-02-18 18:15:00,2023-02-18 18:35:00,24801.3158205937,24714.74253659647,0.2958467983526598,24717.21425802227,24969.518945736556,stop_loss,5,7.337389880455816,7.31177745156236,-25.612428893455977,-40.26159622547415,24.881178023212883,-1.6181547428305891,33.910121212840885,False
2023-02-18 18:55:00,2023-02-18 19:45:00,24716.567112570297,24623.872894446067,0.2753017864528668,24626.33552799887,24897.030281713156,stop_loss,11,6.804515081072778,6.778996197229326,-25.51888384345229,-39.10239512175439,24.84091642698741,-1.5741124220068297,36.50651976080428,False
2023-02-18 22:35:00,2023-02-19 00:55:00,24649.6502645546,24720.943548679857,0.6724490924250132,24612.76745169746,24723.415890268883,take_profit,29,16.575634948993724,16.623576053199756,47.941104206028776,14.741893203835296,24.801814031865653,0.5943877002260699,14.96281385792182,False
2023-02-19 01:00:00,2023-02-19 01:25:00,24733.6567113593,24691.47749495605,0.6249475533691451,24693.946889645013,24813.076354787874,stop_loss,6,15.457238247636331,15.43087844954209,-26.359798094240183,-57.24791479141861,24.816555925069494,-2.306843663732855,16.054974069423015,False
2023-02-19 01:30:00,2023-02-19 03:15:00,24673.8401833046,24695.596599359404,0.4099064104246896,24613.4378393046,24794.6448713046,signal,21,10.113965260930854,10.122883355339585,8.918094408730255,-11.318754207540184,24.75930801027807,-0.45715147623841307,24.480317433875886,False
2023-02-19 04:40:00,2023-02-19 05:25:00,24710.9767095859,24784.66875369619,0.6498028804593345,24672.89133015733,24787.147468443036,take_profit,10,16.057263844852447,16.10514914738225,47.88530252980411,15.722889537569412,24.747989256070532,0.6353198789155237,15.412332695775014,False
2023-02-19 05:30:00,2023-02-19 05:45:00,24812.7525111484,24759.20324035043,0.4848679786477202,24761.67940829126,24914.89871686268,stop_loss,4,12.030909154766666,12.004944828076798,-25.9643266898703,-50.00018067271377,24.7637121456081,-2.0190906911983877,20.58340880730254,False
2023-02-19 06:00:00,2023-02-19 06:30:00,24760.5871391328,24690.19990335863,0.36387589883493027,24692.669170275658,24896.423076847084,stop_loss,7,9.009780900932563,8.98416868224873,-25.61221868383268,-43.60616826701397,24.71371196493539,-1.7644523950462727,27.429870089712598,False
2023-02-19 10:45:00,2023-02-19 14:30:00,24657.6940378515,24737.513565380803,0.5995637059229773,24616.54727470864,24739.987564137216,take_profit,46,14.783858416849146,14.831715308579637,47.85689173049045,18.241318005061665,24.670105796668373,0.7394098004851322,16.687190245647837,False
2023-02-19 14:40:00,2023-02-19 15:20:00,24740.3566002812,24843.63761377288,0.46685011217855343,24687.47378742406,24846.12222599548,take_profit,9,11.550038254178693,11.598255006913199,48.216752734505455,25.06845947341356,24.688347114673434,1.0153964279979768,21.375121511603155,False
2023-02-19 15:25:00,2023-02-19 15:25:00,24934.0380754921,24833.76203978281,0.2527130202163193,24836.245664349244,25129.62289777781,stop_loss,1,6.301156068246311,6.275815008406897,-25.34105983941376,-37.91803091606697,24.713415574146847,-1.5343096061450003,39.22044670292526,False
2023-02-19 15:30:00,2023-02-19 16:15:00,24832.3560333046,25067.549921326176,0.20761804600441175,24713.50558644746,25070.05692701888,take_profit,10,5.155645237320567,5.204475732783786,48.83049546321978,38.470374493115436,24.67549754323078,1.5590516230003637,47.86112388922797,False
2023-02-19 16:20:00,2023-02-19 16:45:00,25076.900017257798,24886.712435693647,0.13166832267010795,24889.20135582923,25452.297340114936,stop_loss,6,3.3018333630383356,3.2767916831810995,-25.041679857236055,-31.620304903455487,24.713967917723902,-1.279450754679447,74.8492282935266,False
2023-02-19 21:20:00,2023-02-19 23:15:00,24559.918636289,24451.01291103474,0.2318453845956904,24453.458256860427,24772.839395146148,stop_loss,24,5.694103781869288,5.668854492113041,-25.24928975624624,-36.61224803022857,24.682347612820447,-1.4833373471821425,43.34720363090679,False
2023-02-20 03:20:00,2023-02-20 07:20:00,24349.4014926796,24484.330618070402,0.2699977855779825,24258.1202426796,24531.9639926796,max_holding,48,6.574284483172714,6.610715048238204,36.43056506549029,23.245565534079372,24.645735364790212,0.9431881495931675,37.48808775749284,False
2023-02-20 07:45:00,2023-02-20 08:40:00,24522.2801078125,24450.423853086,0.4155361550381622,24462.91347838393,24641.013366669642,stop_loss,12,10.189893988769215,10.160035116964725,-29.85887180449375,-50.208800910227694,24.6689809303243,-2.035300973803446,24.20926160518765,False
2023-02-20 09:45:00,2023-02-20 10:15:00,24678.623865625,24923.289769675925,0.1992144627345174,24555.04462448214,24925.782347910714,take_profit,7,4.916338794417723,4.965079781042683,48.74098662496016,38.85956804949975,24.618772129414072,1.5784527288861425,50.07541823067108,False
2023-02-20 10:20:00,2023-02-20 12:55:00,24915.602639132798,24762.2168896641,0.12049038786131532,24710.95866598994,25324.890585418514,signal,31,3.002090625787522,2.983609117341641,-18.481508445881758,-24.467208189010922,24.657631697463575,-0.9922772993453284,82.13486790058268,False
2023-02-20 14:00:00,2023-02-20 14:40:00,24869.0042297578,24992.503612875054,0.3910060759108172,24806.004788043516,24995.003113186373,take_profit,9,9.723931755687111,9.772220764857197,48.289009170084185,28.79285664953988,24.633164489274563,1.1688655211991326,25.332514777129813,False
2023-02-20 14:45:00,2023-02-20 16:20:00,24959.1382422578,24838.94818388223,0.20952181813456142,24841.43232711494,25194.550072543516,stop_loss,20,5.229484023589715,5.204301584037167,-25.182439552548605,-35.61622516017549,24.6619573459241,-1.4441767399318695,47.15944677271469,False
2023-02-20 19:30:00,2023-02-20 20:30:00,24854.0847689609,24796.96085202415,0.45066893626394067,24799.440796103758,24963.372714675184,stop_loss,13,11.200963944641419,11.175219969760303,-25.743974881115232,-48.12015879551696,24.62634112076393,-1.9540117047653498,21.985912321899097,False
2023-02-20 23:50:00,2023-02-21 02:25:00,24790.847976914,24911.67240967425,0.3986222554976595,24729.19005234257,24914.163826056858,take_profit,32,9.882183736257048,9.930347044163163,48.163307906116756,28.350777125696546,24.578220961968412,1.153491832039661,24.871244674183323,False
2023-02-21 02:35:00,2023-02-21 03:05:00,24976.3723875,24890.416959375,0.29650458813268943,24893.383547785714,25142.35006692857,stop_loss,7,7.405609007804364,7.380122828990393,-25.48617881397165,-40.27191065076641,24.606571739094107,-1.6366323223638557,33.22693881510973,False
2023-02-21 03:35:00,2023-02-21 04:35:00,24984.193481531198,24897.041296875,0.21916178828236849,24872.101405531197,25208.377633531196,signal,12,5.475580522205071,5.456480093563104,-19.100428641967788,-30.032489257735964,24.566299828443338,-1.222507641259176,44.86519690253818,False
2023-02-21 06:10:00,2023-02-21 08:20:00,24946.5725328125,25042.14842352362,0.5003298996831566,24897.532354812498,25044.652888812503,take_profit,27,12.481516132780667,12.52933560859229,47.819475811622716,22.808624070249756,24.536267339185603,0.9295881787945505,19.658082462229967,False
2023-02-21 08:25:00,2023-02-21 08:35:00,25080.001889413998,25014.535341423776,0.39004425790074354,25017.037045128287,25205.93157798542,stop_loss,3,9.782310725105729,9.75677587397756,-25.534851128169336,-45.07393772725263,24.55907596325585,-1.8353271024809794,25.105597903597992,False
2023-02-21 15:00:00,2023-02-21 15:15:00,24690.8965767734,24572.922297361296,0.21221168224076464,24575.37983534483,24921.930059630547,stop_loss,4,5.239696698589821,5.2146611782946355,-25.035520295184767,-35.489878172069226,24.514002025528598,-1.4477390568504676,46.785154629515375,False
2023-02-21 18:10:00,2023-02-21 20:15:00,24685.4663458046,24580.847858899935,0.23960918852646249,24583.306189518888,24889.78665837603,stop_loss,26,5.914864559515539,5.889797008763447,-25.06755075209348,-36.87221232037247,24.478512147356525,-1.506309374459034,41.38473823204745,False
2023-02-21 23:35:00,2023-02-22 01:40:00,24391.4564797578,24324.559487781302,0.3524735309794035,24322.11328718637,24530.142864900652,signal,25,8.597342791150682,8.573763372176826,-23.579418973856647,-40.750525137184155,24.44163993503615,-1.6672582218499115,28.42929557280668,False
2023-02-22 09:45:00,2023-02-22 13:20:00,24083.419819171802,24066.8645568516,0.2326738345830443,23978.5481671718,24293.163123171802,signal,43,5.603581639199991,5.599729662833421,-3.8519763665695907,-15.055287668603004,24.400889409898966,-0.6169974961033743,43.54516625438622,False
2023-02-22 18:15:00,2023-02-22 21:30:00,23801.6670377109,23822.8635683907,0.30380994496377584,23721.400296853757,23962.200519425187,signal,39,7.231183152773067,7.237622869592319,6.439716819253349,-8.029089203112036,24.385834122230364,-0.3292521864483873,33.723159277024685,False
2023-02-22 22:30:00,2023-02-23 00:00:00,23945.747850351498,24096.045593379033,0.3192743106099882,23869.394056065787,24098.455438922923,take_profit,19,7.645262136961581,7.693248345252934,47.98620829135341,32.64769780913889,24.37780503302725,1.3392386133578278,31.886159815463962,False
2023-02-23 03:20:00,2023-02-23 05:40:00,24546.204375,24406.9223446719,0.18583822884147727,24414.851139000002,24808.910847000003,stop_loss,29,4.5616231458309215,4.5357392200053015,-25.883925825619123,-34.98128819145535,24.410452730836386,-1.4330454488976112,53.51264659630253,False
2023-02-23 09:20:00,2023-02-23 09:50:00,24459.408586289,24364.3993581134,0.2633121035561077,24366.836041717568,24644.55367543186,stop_loss,7,6.4404583265940785,6.415441246865918,-25.017079728159604,-37.8729793016196,24.375471442644933,-1.553733202278121,37.8474173833145,False
2023-02-23 13:40:00,2023-02-23 13:50:00,24152.3036598671,23989.26554253906,0.15150496397967114,23991.664709009958,24473.581561581384,stop_loss,3,3.6591938960142443,3.6344928119211466,-24.701084093098135,-31.994770801033525,24.337598463343316,-1.314623168313967,66.51081947270654,False
2023-02-23 13:55:00,2023-02-23 15:30:00,23929.5665453828,24007.0404618594,0.12954390947398528,23741.942103668516,24304.81542881137,signal,19,3.0999296023067764,3.109965876329416,10.036274022639727,3.8263785440035347,24.305603692542277,0.15742783402568142,78.40695374003187,False
2023-02-23 19:25:00,2023-02-23 21:55:00,23991.066834796802,23924.4686418672,0.23410125936306603,23887.225317082517,24198.749870225372,signal,30,5.616338959489418,5.600748238653293,-15.590720836124525,-26.807808034267236,24.309430071086283,-1.1027740245606388,43.28340979137815,False
2023-02-24 00:10:00,2023-02-24 00:40:00,23975.5301252812,23908.3979830938,0.43295815697176104,23919.444746424055,24087.700882995487,stop_loss,7,10.380401335462683,10.35133592690766,-29.065408555022103,-49.79714581739244,24.28262226305202,-2.050731806389907,23.39275860182305,False
2023-02-24 01:10:00,2023-02-24 02:50:00,24060.8296703828,23965.975244317506,0.26209665876834964,23968.372081525657,24245.744848097085,stop_loss,21,6.306263063801703,6.281402035660601,-24.86102814110262,-37.44869324056492,24.232825117234626,-1.5453705071279964,38.426600463803005,False
2023-02-24 09:05:00,2023-02-24 10:10:00,23930.9338691015,23831.783711245844,0.2500381446996732,23834.16712795864,24124.467351387215,stop_loss,14,5.983646305560712,5.958854984043803,-24.79132151690803,-36.73382280651255,24.195376423994063,-1.518216627953941,40.43583993510589,False
2023-02-24 20:20:00,2023-02-24 22:05:00,23220.9644422578,23096.9576512422,0.18544088706745282,23090.68765711494,23481.518012543514,signal,21,4.306116244734066,4.283120315405745,-22.995929328321,-31.585165888460814,24.158642601187545,-1.307406480151671,56.103089717401524,False
2023-02-25 07:10:00,2023-02-25 08:25:00,23100.5383378515,23153.98498379011,0.8653541127088025,23072.657199851503,23156.300613851494,take_profit,16,19.990145856447157,20.03639613132063,46.25027487346689,6.223732885699107,24.127057435299086,0.25795656608308465,12.069475434826657,False
2023-02-25 08:30:00,2023-02-25 09:00:00,23159.643857812498,23117.961409656302,0.6498593399394992,23122.50769666964,23233.916180098215,stop_loss,7,15.050510870671905,15.023423142426058,-27.087728245848048,-57.16166225894601,24.13328116818479,-2.3685822852096443,16.034858467968668,False
2023-02-25 13:30:00,2023-02-25 15:50:00,23048.5468112187,22988.9743096563,0.3059170986520801,22969.84536036156,23205.949712932987,signal,28,7.050944568634678,7.032720321797262,-18.22424683741627,-32.307911727848214,24.076119505925845,-1.3419069347905621,34.14594920094212,False
2023-02-25 16:45:00,2023-02-25 17:50:00,23074.4146317421,23030.6439702735,0.3955576292728221,23013.630033456386,23195.98382831353,signal,13,9.127260748590025,9.109946929507801,-17.31381908222245,-35.551026760320276,24.043811594198,-1.4785936340018184,26.34285604025532,False
2023-02-25 18:15:00,2023-02-25 18:35:00,23044.4956251406,22999.477813627174,0.562022248891783,23001.777991426316,23129.93089256917,stop_loss,5,12.951519255818376,12.926218244151412,-25.30101166696199,-51.17874916693178,24.00826056743768,-2.1317141665958648,18.537022640530875,False
2023-02-25 22:30:00,2023-02-26 01:50:00,23048.5468112187,23106.903921515703,0.30470056698813297,22969.92181207584,23205.79680950442,signal,40,7.022905281630862,7.040686726226148,17.781444595285457,3.717852587428447,23.957081818270744,0.15518804066499645,34.112779337823305,False
2023-02-26 03:00:00,2023-02-26 05:35:00,23212.5163315312,23178.9611680704,0.4841657247544525,23163.02749238834,23311.49400981691,signal,31,11.238704793030369,11.222458532994116,-16.24626003625149,-38.707423362275975,23.960799670858176,-1.6154478938093653,21.319894162285816,False
2023-02-26 07:55:00,2023-02-26 08:20:00,23178.366432882798,23140.5138421875,0.772055635466632,23147.381499739946,23240.336299168506,signal,5,17.894988425417782,17.865764119454468,-29.224305963315373,-64.98505850818762,23.922092247495897,-2.716529049209318,13.368040078482142,False
2023-02-26 09:15:00,2023-02-26 09:50:00,23193.621864273402,23253.68911994412,0.764738410179279,23162.42543570197,23256.01472141626,take_profit,8,17.73705351078381,17.782989248389267,45.93573760545694,10.415694846283866,23.857107188987708,0.4365866642495401,13.450434241788255,False
2023-02-26 09:55:00,2023-02-26 12:10:00,23265.5528846562,23217.25380650836,0.5191173911544263,23219.57576408477,23357.50712579906,stop_loss,28,12.077553117248065,12.052480225804795,-25.072891443270564,-49.20292478632342,23.867522883834,-2.0615011044841043,19.761886080839147,False
2023-02-26 14:25:00,2023-02-26 14:35:00,23276.9426955234,23227.339595552938,0.5037701480072488,23229.662561809117,23371.502962951974,stop_loss,3,11.726228866880074,11.701240305866335,-24.988561013738767,-48.41603018648517,23.81831995904767,-2.032722302401256,20.312003312779336,False
2023-02-26 14:50:00,2023-02-26 16:45:00,23261.538811289,23198.576980439128,0.3919726492163916,23200.89707014614,23382.822293574718,stop_loss,24,9.117886992710861,9.093207677073122,-24.679315637738682,-42.89041030752267,23.769903928861186,-1.804399817344047,26.069531183994307,False
2023-02-26 18:20:00,2023-02-26 18:45:00,23271.0319485078,23381.820765161123,0.419474833410637,23214.468332222084,23384.15918107923,take_profit,6,9.76161224989392,9.808085370303335,46.47312040941428,26.90342278921702,23.72701351855366,1.133873117583025,24.30644949947843,False
2023-02-26 18:50:00,2023-02-26 20:35:00,23449.8740489296,23630.864521002364,0.25910472111963456,23358.19715150103,23633.227843786743,take_profit,22,6.075973075738459,6.1228685615301846,46.89548579172466,34.69664415445602,23.75391694134288,1.460670433433557,39.094835749343545,False
2023-02-26 20:40:00,2023-02-26 22:15:00,23644.9716817421,23559.78566783961,0.2871987336387832,23562.141882027812,23810.63128117067,stop_loss,20,6.790805923921221,6.76634060860469,-24.465315316530972,-38.02246184905688,23.788613585497334,-1.5983471131010836,35.03061912239285,False
2023-02-27 03:25:00,2023-02-27 03:50:00,23609.011055038998,23561.338279288408,0.5241057945747926,23563.694648753284,23699.64386761043,stop_loss,6,12.373619498126276,12.348633920111926,-24.985578014349144,-49.70783143258734,23.75059112364828,-2.0929092321872207,19.19453812786534,False
2023-02-27 11:35:00,2023-02-27 13:30:00,23434.8178564609,23523.77885874229,0.5191095146321182,23389.161048746613,23526.13147188948,take_profit,24,12.165236922959515,12.211417425674995,46.18050271547933,21.803848366844818,23.700883292215693,0.9199593153562367,19.482467495133527,False
2023-02-27 13:35:00,2023-02-27 15:05:00,23629.540451773402,23814.645355924687,0.25306007227127714,23535.79714834483,23817.02705863055,take_profit,19,5.979693214462844,6.026535874885136,46.84266042229205,34.83643133294407,23.722687140582536,1.4684858897518904,39.672080639865314,False
2023-02-27 15:10:00,2023-02-27 15:35:00,23860.2764140625,23757.669382666634,0.23702763821601816,23760.045387205355,24060.73846777679,stop_loss,6,5.655544965606597,5.631224263290478,-24.320702316118993,-35.60747154501607,23.757523571915478,-1.4987871710294245,42.00748772469059,False
2023-02-27 21:15:00,2023-02-28 01:15:00,23366.090281390603,23462.460159336,0.2833260472049511,23282.363718533463,23533.543407104888,max_holding,48,6.6202219980604236,6.647526094648315,27.304096587892435,14.036348495183697,23.72191610037046,0.5917038250954987,35.832508497933226,False
2023-02-28 03:20:00,2023-02-28 04:15:00,23501.006115625,23451.53851723444,0.5037105103700948,23453.883905625004,23595.250535625,stop_loss,12,11.83770378471219,11.812786435480097,-24.917349232092747,-48.567839452285035,23.73595244886564,-2.0461719223997745,20.05114579697412,False
2023-02-28 10:45:00,2023-02-28 12:20:00,23353.9621156953,23469.767806479216,0.4009615363003645,23294.885664552443,23472.115017981014,take_profit,20,9.3640405286097,9.410474156298742,46.433627689044066,27.659113004135627,23.687384609413353,1.1676727279188057,25.296115001896812,False
2023-02-28 12:25:00,2023-02-28 13:05:00,23491.243420453102,23442.06694788563,0.5063851171732424,23444.41138902453,23584.907483310246,stop_loss,9,11.895616052011304,11.870713818188058,-24.902233823246533,-48.6685636934459,23.715043722417487,-2.0522232327760883,19.935952554897533,False
2023-02-28 13:10:00,2023-02-28 14:10:00,23440.2461332343,23414.8965571719,0.44968873839034396,23387.617785805727,23545.502828091445,signal,12,10.540814711213272,10.529415292335042,-11.399418878230332,-32.469648881778646,23.666375158724037,-1.371973893932358,22.45213089036453,False
2023-02-28 14:50:00,2023-02-28 15:15:00,23534.628617538998,23438.94408643176,0.25320123902508085,23441.288215253284,23721.30942211043,stop_loss,6,5.9589971259559995,5.934769684124113,-24.227441831886885,-36.121208641967,23.633905509842258,-1.5283639272791563,39.660877510577215,False
2023-02-28 15:30:00,2023-02-28 17:15:00,23492.1751536171,23499.6673762422,0.15119915852843574,23336.10428304567,23804.316894759955,signal,21,3.5519971152295313,3.553129932985954,1.1328177564228448,-5.972309291792641,23.59778430120029,-0.25308771431938476,66.43525750632654,False
2023-02-28 17:55:00,2023-02-28 18:15:00,23555.048628335902,23498.186297557924,0.432779792524215,23500.536351193045,23664.07318262162,stop_loss,5,10.194149058269009,10.169540190552471,-24.60886771653663,-44.97255696535811,23.5918119919085,-1.9062782028265892,23.14250248555268,False
2023-03-01 00:45:00,2023-03-01 00:50:00,23201.7554895546,23139.109874010104,0.3902911400685819,23141.424016411744,23322.418435840318,stop_loss,2,9.055439601610743,9.030989572899584,-24.45002871116003,-42.53645788567036,23.54683943494314,-1.8064614575214253,26.002977735895588,False
2023-03-01 01:55:00,2023-03-01 03:35:00,23278.9741486484,23470.187162635368,0.2428628900890666,23182.194014934117,23472.534416076975,take_profit,21,5.65359894004942,5.700037485248936,46.43854519951567,35.08490877421732,23.50430297705747,1.4927015197372016,41.57405437898291,False
2023-03-01 03:40:00,2023-03-01 04:50:00,23475.7340566718,23649.91905281511,0.2666593933026448,23387.458944386086,23652.28428124323,take_profit,15,6.26002500088634,6.306473066280338,46.44806539399783,33.88156732683115,23.53938788583169,1.4393563456772978,37.60270587177976,False
2023-03-01 04:55:00,2023-03-01 08:55:00,23766.0013625,23795.370225,0.21821689162499786,23657.9745765,23982.054934499996,max_holding,48,5.186142943680213,5.192551725565526,6.40878188531186,-3.9699127839338795,23.573269453158517,-0.16840739006620747,45.45433804882815,False
2023-03-01 09:00:00,2023-03-01 09:30:00,23874.3071129921,23793.2707399616,0.2996472923281436,23795.6503049921,24031.6207289921,stop_loss,7,7.153871482618622,7.129589152859939,-24.282329758682668,-38.565790394161226,23.56929954037458,-1.6362722332115736,32.94621604209643,False
2023-03-01 17:25:00,2023-03-01 18:55:00,23739.3014267734,23681.4343537266,0.36533911022497023,23674.893502487685,23868.11727534483,signal,18,8.672895260619761,8.651754155641518,-21.141104978241348,-38.465754394502625,23.530733749980417,-1.6347027170172557,27.131347771285,False
2023-03-01 22:10:00,2023-03-01 22:25:00,23568.2667470156,23492.652452804698,0.32754829165688004,23496.545206729887,23711.709827587034,stop_loss,4,7.719745510298614,7.694978177404992,-24.767332893622193,-40.182056581325796,23.492267995585912,-1.710437518798773,30.431402128795288,False
2023-03-01 22:30:00,2023-03-01 23:50:00,23493.056101703103,23652.496419512536,0.28987941543807805,23412.1531997031,23654.861905703106,take_profit,17,6.810153369615668,6.8563718357395285,46.218466123859706,32.551940918504506,23.45208593900459,1.3880190019415457,34.436942409607006,False
2023-03-01 23:55:00,2023-03-02 01:30:00,23655.115275,23588.98716694127,0.368276869098872,23591.34630157143,23782.65322185714,stop_loss,20,8.711631791649902,8.6872783390546,-24.353452595300485,-41.75236272600499,23.48463787992309,-1.7778584851716575,26.957794408199288,False
2023-03-02 05:00:00,2023-03-02 05:15:00,23544.6237579531,23515.463940666596,0.8744723323651553,23517.815722238818,23598.23982938167,stop_loss,4,20.589122052277297,20.563622598843423,-25.499453433871917,-66.65219808499263,23.442885517197084,-2.843173807938376,11.386053984076577,False
2023-03-02 09:20:00,2023-03-02 10:30:00,23441.4825848671,23399.7633046485,0.3920468877613672,23381.856468581384,23560.73481743853,signal,14,9.190160291909436,9.173804377940089,-16.355913969346513,-34.71987863919604,23.376233319112092,-1.4852640357079914,25.4361540785,False
2023-03-02 15:40:00,2023-03-02 16:55:00,23359.7869161171,23282.587331391947,0.311756012376329,23284.915822974246,23509.529102402812,stop_loss,16,7.282554018929411,7.258486584238389,-24.0674346910222,-38.60847529419,23.341513440472898,-1.6540690642297868,32.051274017057374,False
2023-03-02 18:50:00,2023-03-02 21:45:00,23403.1232813203,23431.443730289102,0.3418677621747978,23334.959776177442,23539.45029160601,signal,35,8.000773384085882,8.010455232598632,9.681848512750326,-6.329380103934188,23.302904965178705,-0.27161335092736794,29.125815526196345,False
2023-03-02 22:40:00,2023-03-02 23:30:00,23529.9914348671,23467.9303152657,0.40459633495549674,23472.411636009958,23645.15103258139,stop_loss,11,9.520148296081459,9.495038594547497,-25.109701533961054,-44.12488842459001,23.29657558507477,-1.8940504051101463,24.470811651814035,False
2023-03-03 05:00:00,2023-03-03 09:00:00,22403.2264266328,22431.1023684297,0.5149586243003534,22358.07240920423,22493.53446148994,max_holding,48,11.536734660548149,11.551089617186957,14.354956638809025,-8.73286763892608,23.25245069665018,-0.3755676230800122,20.15514041088762,False
2023-03-03 09:05:00,2023-03-03 09:20:00,22452.551670663997,22415.291501052845,0.6637569683153568,22417.533254378282,22522.588503235427,stop_loss,4,14.903037627863835,14.878305930643819,-24.73169722001449,-54.51304077852214,23.243717829011253,-2.3452806121438377,15.596630975119501,False
2023-03-03 14:10:00,2023-03-03 15:05:00,22433.5439110781,22341.3964959141,0.27716673990523294,22349.87873250667,22600.87426822096,stop_loss,12,6.217832230354406,6.192292031702706,-25.54019865169978,-37.95032291375689,23.189204788232733,-1.6365512858385998,37.2946775164292,False
2023-03-03 17:25:00,2023-03-03 18:30:00,22419.409684796803,22369.14799314078,0.48207121045879353,22371.385131653948,22515.458791082518,stop_loss,14,10.807751964521595,10.783522249985268,-24.229714536325105,-45.820988750831965,23.151254465318978,-1.979201119294537,21.4209713003381,False
2023-03-03 23:15:00,2023-03-04 03:15:00,22361.4077921875,22349.4347540079,0.6144533179392531,22323.804555616072,22436.614265330358,max_holding,48,13.740041211702277,13.732684338667008,-7.3568730352684675,-34.829598585637754,23.10543347656814,-1.5074202620331454,16.816131131316723,False
2023-03-04 06:35:00,2023-03-04 08:15:00,22405.6114301093,22357.9534340547,0.5352614196732733,22362.509866966444,22491.814556395017,stop_loss,21,11.992859382728025,11.967349896101055,-25.509486626968734,-49.46969590579781,23.070603877982506,-2.1442739933222708,19.23695020656085,False
2023-03-04 12:55:00,2023-03-04 14:00:00,22384.960928265602,22358.799601552233,0.9622118901302148,22361.035705122744,22432.81137455132,stop_loss,14,21.539075565277454,21.51390282565227,-25.17273962518478,-68.2257180161145,23.021134182076707,-2.9636123692477407,10.688079027490131,False
2023-03-04 22:35:00,2023-03-05 01:20:00,22337.4425048984,22482.504297049738,0.3116267299587989,22263.787371184117,22484.75277232697,take_profit,34,6.960944163444171,7.0061492953742555,45.20513193008402,31.238038471265597,22.952908464060595,1.3609620985583488,32.97384366994238,False
2023-03-05 01:25:00,2023-03-05 02:35:00,22553.6809235781,22450.816755371943,0.2284278120988091,22453.0620615781,22754.9186475781,stop_loss,15,5.151887988147594,5.128390951260897,-23.497036886696336,-33.777315826104825,22.984146502531857,-1.4695919129467796,44.613055554408525,False
2023-03-05 10:20:00,2023-03-05 13:05:00,22384.206946875,22438.272046122373,0.8151559324675396,22356.05237144643,22440.516097732147,take_profit,34,18.24661908632627,18.29069057271721,44.07148639094087,7.534176731897389,22.950369186705753,0.328281286919848,12.577874880889249,False
2023-03-05 13:10:00,2023-03-05 16:40:00,22441.738089413997,22443.19295625,1.0219782578186878,22419.34802312828,22486.51822198543,signal,42,22.934968395042606,22.936455237317023,1.486842274417483,-44.384581357942146,22.882160935120847,-1.93970235083078,9.976975132900915,True
2023-03-05 21:25:00,2023-03-05 21:40:00,22482.4062188203,22434.287007182847,0.49947116712276096,22436.53066024887,22574.15733596316,stop_loss,4,11.229313673842194,11.205279515044609,-24.03415879758498,-46.46875198647178,22.91351878207971,-2.0280059308400173,20.40509282010258,False
2023-03-05 22:55:00,2023-03-05 23:10:00,22433.0067473671,22419.917939984403,0.35415715549536597,22368.439225081383,22562.14179193853,signal,3,7.944809858855884,7.940174364064402,-4.63549479148281,-20.520479014403097,22.867050030093232,-0.8973819966894713,28.782375458116082,False
2023-03-06 00:40:00,2023-03-06 01:20:00,22471.6903033359,22381.8670574532,0.35658527392281925,22407.619991907326,22599.83092619305,stop_loss,9,8.013073842323793,7.981044195586074,-32.02964673771953,-48.023764775629395,22.84652955107883,-2.1020157424024024,28.51156747165746,False
2023-03-06 01:30:00,2023-03-06 01:55:00,22467.4691782656,22370.225643711,0.30506049683834585,22392.734802551317,22616.937929694173,signal,5,6.8539373102219265,6.824272149256384,-29.665160965543144,-43.34337042502146,22.798505786303206,-1.9011496117899584,33.263370752314344,False
2023-03-06 06:30:00,2023-03-06 08:15:00,22420.1851533359,22384.078775309477,0.6718829834116545,22386.31740705018,22487.920645907336,stop_loss,22,15.06374088946501,15.039481628476427,-24.25926098858212,-54.36248350652356,22.755162415878182,-2.389017600181588,15.105917303577796,False
2023-03-06 13:05:00,2023-03-06 15:05:00,22404.6230502812,22461.222685092285,0.7715327120410795,22375.200059424056,22463.469031995486,take_profit,25,17.285899584241537,17.32956805398787,43.66846974633165,9.053002108102245,22.700799932371662,0.39879661223711044,13.13255339806934,False
2023-03-06 15:20:00,2023-03-06 15:55:00,22481.74795,22555.700859477347,0.5959910456924288,22443.64359742857,22557.95665514286,take_profit,8,13.398920469714119,13.44299574156552,44.075271851401034,17.233355640121395,22.709852934479763,0.758849284046065,16.94901688969,False
2023-03-06 16:00:00,2023-03-06 16:30:00,22570.7802893437,22502.820518241162,0.3458733960270547,22505.071025343696,22702.198817343706,stop_loss,7,7.8066324296558145,7.783126952831358,-23.50547682445614,-39.09523620694331,22.727086290119885,-1.72020450434683,29.112535392065205,False
2023-03-06 16:40:00,2023-03-06 18:15:00,22505.3772656953,22488.8836987188,0.31067565423748966,22432.349364266727,22651.433068552447,signal,19,6.991872805881414,6.98674865617028,-5.1241497111339935,-19.102771173185687,22.687991053912942,-0.8419771996468184,32.44909008474566,False
2023-03-06 19:15:00,2023-03-06 19:20:00,22525.9457283359,22459.999868390703,0.7026316311978351,22493.68289347876,22590.471398050184,stop_loss,2,15.827441991374561,15.781106344230523,-46.33564714403796,-77.94419547964304,22.668888282739754,-3.4383775025699115,14.322521791641101,False
2023-03-06 22:20:00,2023-03-07 00:30:00,22440.0406546875,22410.350536820402,0.7137210401649833,22408.388310401784,22503.345343258927,signal,26,16.015929157408074,15.994738695601349,-21.190461806724695,-53.201129659734114,22.59094408726011,-2.354975934349563,14.105297210815145,False
2023-03-07 01:20:00,2023-03-07 04:05:00,22484.0450546875,22462.4879015625,0.5273707656564305,22441.30900554464,22569.517152973218,signal,33,11.857428055544226,11.846059443195323,-11.368612348903572,-35.072099847643116,22.537742957600376,-1.5561496070668335,19.007277844761884,False
2023-03-07 13:20:00,2023-03-07 13:55:00,22410.5884907656,22377.679181619693,0.7336714802080854,22379.917173337028,22471.93112562274,stop_loss,8,16.44200963035428,16.41786500880058,-24.144621553703196,-57.004496192858056,22.502670857752733,-2.5332324573026663,13.686083005455497,False
2023-03-07 16:15:00,2023-03-07 16:50:00,22321.839381742102,22306.1461153047,0.12113718749849954,22136.548086599247,22692.421972027812,signal,7,2.704004842497484,2.7021038043385923,-1.9010381588916587,-7.307146805727736,22.445666361559873,-0.32554822334176053,83.00897250179669,False
2023-03-07 17:45:00,2023-03-07 18:45:00,22335.666936359303,22242.21305625,0.24194921209454304,22242.926980645017,22521.146847787877,signal,12,5.404097016858269,5.381485924198645,-22.611092659623992,-33.39667560068091,22.438359214754147,-1.4883742291959217,41.521014787034545,False
2023-03-07 23:05:00,2023-03-08 00:00:00,22122.1631661171,22226.781783934377,0.41940554381188366,22068.742406974245,22229.00468440282,take_profit,12,9.278157872980564,9.322035501279068,43.877628298502124,25.277434924242492,22.40496253915347,1.1282069711149605,24.14807211289236,False
2023-03-08 00:05:00,2023-03-08 01:50:00,22255.3639848671,22192.0579152657,0.41575289870099746,22201.413092295672,22363.26577000996,stop_loss,22,9.25273208835428,9.22641240641213,-26.319681942149124,-44.79882643691553,22.430239974077715,-1.997251321817727,24.24174801549585,False
2023-03-08 09:15:00,2023-03-08 09:50:00,22028.9976004921,22010.7381590547,0.493476572760935,21983.634877349243,22119.723046777817,signal,7,10.870794237249703,10.861783630668645,-9.010606581057054,-30.743184448975406,22.385441147640794,-1.3733562026413508,20.5922774905767,False
2023-03-08 10:25:00,2023-03-08 11:00:00,22052.5839438906,22133.00100186684,0.5410756675745112,22011.268654176314,22135.214523319173,take_profit,8,11.932116579183553,11.975628292512425,43.51171332887193,19.60396845717595,22.354697963191814,0.8769507192382967,18.7348973795573,False
2023-03-08 11:05:00,2023-03-08 11:50:00,22129.4803047578,22073.415599584463,0.4154379669006284,22075.623161900654,22237.194590472085,stop_loss,10,9.193426306376079,9.170134899243985,-23.291407132093777,-41.65496833771384,22.374301931648994,-1.861732646004561,24.337283169530984,False
2023-03-08 15:25:00,2023-03-08 18:00:00,22106.1381267734,22056.8800284063,0.17523471224517692,21978.69393105911,22361.026518201972,signal,31,3.8737627534972714,3.865131024804168,-8.631728693103316,-16.370622471404754,22.33264696331128,-0.7330354748498414,57.65104469330019,False
2023-03-08 20:55:00,2023-03-08 21:40:00,22105.2317861484,22020.5594418282,0.31332623147612687,22034.00801329126,22247.679331862684,stop_loss,10,6.926148971460171,6.899618904904075,-26.530066556097,-40.35583443246124,22.316276340839874,-1.8083587878237597,32.220323924299244,False
2023-03-09 02:20:00,2023-03-09 04:45:00,21754.8276082343,21749.5592015625,0.473815114456014,21707.813657377155,21848.855509948593,signal,29,10.307766133166387,10.305269882456189,-2.4962507101994187,-23.109286725821995,22.275920506407417,-1.0374110788900899,21.610812875092456,False
2023-03-09 12:00:00,2023-03-09 12:35:00,21677.046393890603,21624.387645431983,0.4406838174750692,21626.55030046203,21778.03858074775,stop_loss,8,9.552723556443892,9.52951769814969,-23.205858294203995,-42.288099548797575,22.252811219681593,-1.9003486405077523,23.29472960061816,False
2023-03-09 14:00:00,2023-03-09 16:10:00,21712.6554234375,21624.185021234403,0.31293741285819415,21641.681093723215,21854.604082866073,stop_loss,27,6.794702214491969,6.767016515712008,-27.685698779960884,-41.24741751016486,22.210523120132795,-1.8571114821143504,32.68800076736468,False
2023-03-10 03:45:00,2023-03-10 04:05:00,20111.1339583046,20054.743797071682,0.40763970052330495,20056.749472018884,20219.90293087603,stop_loss,5,8.198096623947356,8.175109755509908,-22.986868437447292,-39.36007481690456,22.16927570262263,-1.775433502874803,27.041979034333703,False
2023-03-10 08:05:00,2023-03-10 08:45:00,19960.0758860078,19903.0426996797,0.23161588569010003,19864.530126864942,20151.16740429351,signal,8,4.623070654779305,4.609860862814193,-13.209791965111146,-22.442723482704643,22.129915627805726,-1.0141350676685763,47.86843481383514,False
2023-03-10 12:40:00,2023-03-10 13:40:00,19850.234825,20058.949711133617,0.209826973322452,19744.874334142853,20060.95580671429,take_profit,13,4.1651146930696825,4.20890870591444,43.79401284475712,35.419989445773,22.10747290432302,1.6021726951363477,53.077705017601446,False
2023-03-10 13:45:00,2023-03-10 14:15:00,20139.2598176093,19993.263081634228,0.1537730691983824,19995.262607895016,20427.25423703787,stop_loss,7,3.0968757935374374,3.0744254273536042,-22.450366183832948,-28.621667404723986,22.142892893768796,-1.292589344221521,71.50074581607889,False
2023-03-10 16:30:00,2023-03-10 17:05:00,20129.7022219453,19985.004302502166,0.154971213992599,19987.003002802445,20415.10066023101,stop_loss,8,3.1195243906443806,3.097100378406075,-22.42401223830566,-28.640637007356116,22.11427122636407,-1.2951200930018203,70.8898808186464,False
2023-03-10 20:00:00,2023-03-10 21:15:00,20034.5325489296,19932.320925208223,0.2203754636323181,19934.31435664389,20234.96893350103,stop_loss,16,4.4151193991271285,4.392594465160918,-22.524933966210654,-31.3326478304987,22.085630589356715,-1.4186893013413986,50.02272553200499,False
2023-03-10 22:10:00,2023-03-11 01:10:00,20147.9052140625,20372.795186795494,0.19437311227361087,20034.4414860625,20374.8326700625,take_profit,37,3.91621104225104,3.95992360617028,43.7125639192398,35.83642927081848,22.054297941526215,1.6249181617947484,56.31539695789579,False
2023-03-11 01:15:00,2023-03-11 01:40:00,20385.3566908359,20560.215643648815,0.2497257089052222,20296.8991008359,20562.2718708359,take_profit,6,5.0907476509048095,5.134414426854439,43.666775949630235,33.441613871870985,22.090134370797035,1.5138710027984486,43.39271141611355,False
2023-03-11 01:45:00,2023-03-11 02:30:00,20699.4916171875,20549.530207793727,0.14957837046412317,20551.58536633036,20995.304118901786,stop_loss,10,3.096196225534684,3.0737652422850603,-22.430983249624024,-28.600944717443767,22.123575984668904,-1.2927812726687369,71.45404997982119,False
2023-03-11 02:35:00,2023-03-11 06:35:00,20536.823007953102,20514.2725855782,0.10753243462128051,20331.35035109596,20947.768321667383,max_holding,48,2.208374577431526,2.2059496756118153,-2.4249018197113292,-6.839226072754672,22.094975039951457,-0.30953762384380124,100.05084855509094,False
2023-03-11 09:20:00,2023-03-11 09:40:00,20629.744408164,20225.121816546904,0.05864616578134314,20253.110479592568,21383.012265306857,stop_loss,5,1.2098554105879225,1.1861258470010696,-23.72956358685287,-26.125544844441862,22.088135813878704,-1.1827863186184469,182.56839305405177,False
2023-03-11 13:55:00,2023-03-11 17:55:00,20228.5617159062,20431.2203446329,0.18972335649112135,20112.276559049053,20461.132029620487,max_holding,48,3.8378306257295214,3.876279700993439,38.44907526391786,30.7349649371949,22.06201026903426,1.3931171530789197,57.48562774273177,False
2023-03-11 18:00:00,2023-03-11 20:40:00,20449.1755720859,20629.363545988464,0.2424429067935224,20358.050013800184,20631.42668865733,take_profit,33,4.957757567227597,5.001442863389769,43.68529616217307,33.7260957315557,22.092745233971456,1.5265688068360077,44.56197168657811,False
2023-03-11 20:45:00,2023-03-11 21:20:00,20603.202692257797,20486.480443070403,0.22740150880366586,20505.90135311494,20797.80537054351,stop_loss,8,4.685199378407174,4.658656562831003,-26.542815576170966,-35.88667151740914,22.126471329703012,-1.621888595911548,47.226317478991355,False
2023-03-11 22:30:00,2023-03-12 03:05:00,20569.4512704531,20616.9478640235,0.2608362034659611,20484.759865024527,20738.834081310244,max_holding,55,5.365257576763077,5.377646407907546,12.388831144468535,1.6459271597979113,22.090584658185595,0.07450808501747908,41.17339073124818,False
2023-03-12 09:40:00,2023-03-12 10:05:00,20597.618148859303,20527.0798987188,0.3367122304631915,20532.006541716448,20728.841363145017,stop_loss,6,6.93546994913153,6.91171885759375,-23.751091537779565,-37.59828034450484,22.092230585345394,-1.7018779610894155,31.853977808831573,False
2023-03-12 11:00:00,2023-03-12 12:15:00,20581.4759097968,20493.7453415079,0.40592321091344846,20527.143879225376,20690.139970939657,stop_loss,16,8.354498786642505,8.318886912667413,-35.6118739750926,-52.28525967440251,22.054632305000887,-2.370715546345646,26.398510393301727,False
2023-03-12 13:30:00,2023-03-12 16:25:00,20609.7990548281,20599.9280821719,0.2624837294784716,20525.97539425667,20777.446375970958,signal,35,5.4097369197131595,5.40714594999678,-2.590969716379666,-13.407852586089605,22.00234704532648,-0.6093828334981003,40.67175053402248,False
2023-03-12 16:55:00,2023-03-12 17:25:00,20645.220565625,20770.297345309584,0.3458630672758796,20581.64355705357,20772.37458276786,take_profit,7,7.140419309414133,7.183678748080832,43.25943866669931,28.935340609204342,21.988939192740393,1.3159043442512812,30.795025109729263,False
2023-03-12 17:30:00,2023-03-12 18:25:00,20879.8045676796,21144.096196312144,0.1652954805449427,20746.601442822455,21146.210817393883,take_profit,12,3.451337329699089,3.495023541457911,43.68621175882212,36.73985088766512,22.017874533349595,1.6686374896004035,63.79519713672631,False
2023-03-12 18:30:00,2023-03-12 22:25:00,21160.7135157656,21827.930057601567,0.06589372305580402,20826.01373919417,21830.113068908457,take_profit,48,1.3943581960710674,1.4383235780970578,43.96538202599038,41.13270025182226,22.054614384237258,1.8650382879158556,158.1703643036727,False
2023-03-12 22:30:00,2023-03-13 02:30:00,22035.3497986484,22357.1390625,0.05747277177373621,21650.89388321983,22804.261629505545,max_holding,48,1.2664326299321638,1.2849267508527453,18.494120920581516,15.942761539796605,22.095747084489076,0.7215307759830494,174.47234509168192,False
2023-03-13 04:40:00,2023-03-13 08:40:00,22469.750656390603,22411.7878930704,0.1486243677376336,22320.974986676316,22767.301995819176,max_holding,48,3.3395524845283306,3.33093780547754,-8.614679050791349,-15.285169340797218,22.111689846028877,-0.6912709723785466,66.21153567272613,False
2023-03-13 13:05:00,2023-03-13 14:05:00,22352.1334268437,22846.293882112557,0.0890184843796863,22103.91077027227,22848.578739986555,take_profit,13,1.9897530403101498,2.0337424550785594,43.98941476840957,39.96591927302086,22.096404676688078,1.8087068850248427,111.05099089706043,False
2023-03-13 14:10:00,2023-03-13 15:00:00,22968.5817845156,23920.430574229948,0.04639576150199741,22491.461248515603,23922.8228565156,take_profit,11,1.0656448425135079,1.1098065919470597,44.16174943355168,41.98629799909111,22.1363705959611,1.896711017602485,207.72746897313965,False
2023-03-13 15:05:00,2023-03-14 16:40:00,23925.4919189609,25119.9216395726,0.03705836633857083,23327.0209369609,25122.433882960897,take_profit,308,0.8866396443633691,0.9309032585154743,44.26361415210522,42.44607124922638,22.178356893960192,1.9138510328862852,250.13946798966836,False
2023-03-14 23:00:00,2023-03-15 00:30:00,24790.203381460902,24444.5611584141,0.06795062701696689,24463.18943117519,25444.231282032328,stop_loss,19,1.684509863648401,1.6610232578688326,-23.486605779568485,-26.83213890108572,22.220802965209423,-1.2075233709194109,131.9125725810974,False
2023-03-15 01:20:00,2023-03-15 03:45:00,25014.012869171802,24815.2975180704,0.06009527778229383,24644.69981088609,25752.638985743222,signal,29,1.503224051822752,1.4912821975987074,-11.941854224044699,-14.936360473466157,22.193970826308338,-0.6729918044120731,147.64246753101625,False
2023-03-15 05:15:00,2023-03-15 05:50:00,24953.1532688203,24824.890956308074,0.17633255988219038,24827.37369367744,25204.71241910602,stop_loss,8,4.40005339302373,4.37743657112204,-22.61682190169037,-31.394311865836137,22.17903446583487,-1.4154949763118276,50.40628484417861,False
2023-03-15 07:05:00,2023-03-15 09:15:00,24883.4548926796,24852.3426421875,0.14282938091933808,24728.391277536743,25193.58212296532,signal,26,3.554088457455702,3.5496447139789074,-4.443743476794076,-11.547476648228685,22.147640153969036,-0.5213863223328236,62.31595082420676,False
2023-03-15 12:30:00,2023-03-15 14:45:00,24764.759431320297,24561.2272246407,0.054442477686168264,24358.163449320295,25577.9513953203,signal,27,1.3482548627429805,1.33717406512241,-11.0807976205705,-13.76622654843589,22.13609267732081,-0.6218905363790721,164.1832956736804,False
2023-03-15 18:55:00,2023-03-15 22:55:00,24442.762390835902,24514.6596168672,0.08202608934157862,24173.063729978756,24982.15971255019,max_holding,48,2.0049442116256837,2.0108416599115384,5.897448285854962,1.8816624143177396,22.122326450772373,0.08505716695325431,110.33886290948098,False
2023-03-16 02:15:00,2023-03-16 03:45:00,24471.708644171802,24340.4055590157,0.12096407633198109,24288.809648171802,24837.506636171805,signal,18,2.960197632407599,2.944314675992152,-15.882956415447286,-21.787468723847038,22.12420811318669,-0.9847795958338077,74.73895617973501,False
2023-03-16 05:45:00,2023-03-16 09:25:00,24458.818683304602,24485.3676243594,0.13922980488016815,24300.07091616174,24776.31421759032,signal,44,3.405396552875911,3.409092956758746,3.6964038828348613,-3.1180856267997954,22.10242064446284,-0.1410743952871491,64.90410236011134,False
2023-03-16 10:20:00,2023-03-16 12:45:00,24854.4812926093,24807.171377765702,0.07340967468240966,24553.440555752153,25456.56276632359,signal,29,1.8245593860904856,1.8210863806325648,-3.473005457921008,-7.118651224644058,22.099302558836044,-0.3221210807758176,121.12131140981163,False
2023-03-16 14:35:00,2023-03-16 16:45:00,24873.5769519843,24792.1240546485,0.09193042388479959,24633.262777698586,25354.205300555735,signal,26,2.2866384727270983,2.279150473348373,-7.487999378725419,-12.053788324800891,22.092183907611396,-0.5456132528684958,96.61424038433039,False
2023-03-16 19:15:00,2023-03-16 20:55:00,24932.2566473671,24757.9692674688,0.16602994782662742,24799.267807652814,25198.234326795668,stop_loss,21,4.1395012703624445,4.11056434577109,-28.93692459135405,-37.18699020748758,22.080130119286597,-1.6841834720441893,53.340073301519524,False
2023-03-16 22:10:00,2023-03-17 01:30:00,24913.5965785468,25286.697120513916,0.11736535713048371,24725.781846261085,25289.22604311823,take_profit,41,2.923993159845942,2.9677822381994896,43.789078353547644,37.89730295550221,22.042943129079113,1.719248774248661,75.38643876390087,False
2023-03-17 03:55:00,2023-03-17 06:40:00,25803.9277907656,26189.97482564281,0.11362364453349094,25609.594643622742,26192.594085051314,take_profit,34,2.9319363188658185,2.975800389929915,43.86407106409635,37.95633435530062,22.080840432034613,1.718971452745704,75.31145983612733,False
2023-03-17 06:45:00,2023-03-17 07:25:00,26194.0058566718,25952.5021462344,0.09451913759579116,25959.991906386087,26662.03375724323,stop_loss,9,2.4758348437517212,2.4530081213149946,-22.82672243672659,-27.755565401793305,22.118796766389917,-1.2548406540797283,89.33874091889147,False
2023-03-17 07:35:00,2023-03-17 10:40:00,26084.059316117102,26730.229776667547,0.06809356234626633,25759.63744068853,26732.903066974246,take_profit,38,1.7761565192857292,1.8201565678275364,44.000048541807395,40.40373545469413,22.091041200988123,1.8289647412765175,124.3755320047577,False
2023-03-17 10:45:00,2023-03-17 13:10:00,26747.2115627109,26741.2494356172,0.06346309749089804,26398.482209568047,27444.670268996615,signal,29,1.6974608950139973,1.6970825199609965,-0.3783750530007532,-3.772918467975747,22.131444936442815,-0.17047772880671963,130.37970418906363,False
2023-03-17 16:55:00,2023-03-17 18:25:00,26427.4100547578,26370.081478125,0.09835399063753031,26202.430144186368,26877.369875900655,signal,18,2.599241241099823,2.5936027468104177,-5.638494289405074,-10.831338277315314,22.12767201797484,-0.4894928968811883,85.13127472774289,False
2023-03-17 19:05:00,2023-03-17 21:40:00,26679.4313473671,27089.898424884246,0.10705763438178026,26472.84317822424,27092.607685652813,take_profit,32,2.856236806700234,2.9001804410108227,43.94363431058859,38.18721706287754,22.11684067969753,1.72661265756334,77.4334979082101,False
2023-03-17 21:45:00,2023-03-17 21:45:00,27207.8298859375,26915.712822042675,0.07654836587602373,26918.404662508925,27786.680332794644,stop_loss,1,2.082714916801357,2.060353832915706,-22.361083885650807,-26.50415263536787,22.155027896760405,-1.196304186971636,106.37571046346662,False
2023-03-17 21:55:00,2023-03-18 01:55:00,27076.6527065312,27379.2461765625,0.05841980858667911,26697.86810795977,27834.221903674064,max_holding,48,1.5818128682835397,1.5994903208823474,17.677452598807626,14.49614940964174,22.12852374412504,0.6550888607510639,139.893436118883,False
2023-03-18 05:20:00,2023-03-18 07:55:00,27448.1566502109,27393.3053165079,0.16508760460029903,27314.02774363947,27716.41446335376,signal,31,4.531350432077085,4.522295156786926,-9.055275290160205,-18.108920879024218,22.14301989353468,-0.8178162222719974,48.86627116010698,False
2023-03-18 10:10:00,2023-03-18 14:10:00,27470.125643890602,27510.822860578202,0.12563164789269946,27294.016269033462,27822.344393604882,max_holding,48,3.451117152461478,3.4562300108585875,5.112858397109494,-1.7944887662105717,22.12491097265566,-0.0811071632526971,64.10941731397111,False
2023-03-18 14:35:00,2023-03-18 15:25:00,27604.457434726497,27429.33643704771,0.12834087570422031,27432.07964501221,27949.213014155073,stop_loss,11,3.542780240512674,3.5203050583163815,-22.47518219629223,-29.538267495121286,22.12311648388945,-1.3351766021135274,62.44563586221206,False
2023-03-18 18:40:00,2023-03-18 21:50:00,27337.772565906198,27298.3558284063,0.08781313215570728,27086.174909906196,27840.9678779062,signal,38,2.40061543517259,2.3971541279933644,-3.4613071792253542,-8.259076742391308,22.09357821639433,-0.37382250450779125,92.03297576400834,False
2023-03-19 01:05:00,2023-03-19 05:05:00,27209.2616691015,27189.0093421485,0.08875274870490761,26960.42070967293,27706.94358795864,max_holding,48,2.4148967633638403,2.4130993136790915,-1.7974496847491725,-6.625445761792104,22.085319139651936,-0.29999320905880833,91.4545063569844,False
2023-03-19 08:55:00,2023-03-19 12:55:00,27111.4139953125,27315.756432171904,0.14688528057119407,26961.101495598217,27412.038994741073,max_holding,48,3.9822676513832747,4.012282547553969,30.014896170694826,22.020345971757582,22.07869369389014,0.9973572837713354,55.44251573904361,False
2023-03-19 13:00:00,2023-03-19 16:30:00,27328.947464484303,27727.123134300487,0.1102421146455994,27128.473134770018,27729.896123912877,take_profit,43,3.0128009595232417,3.0566966873642056,43.89572784096413,37.82623019407668,22.1007140398619,1.711538827471886,73.35603757693708,False
2023-03-19 16:35:00,2023-03-19 19:10:00,27934.9846251406,28417.210699298717,0.09128013657850238,27692.450585426315,28420.052704569174,take_profit,32,2.5499092119011983,2.5939268738120664,44.01766191086783,38.87382582515457,22.138540270055977,1.7559344632010048,86.82089608025537,False
2023-03-19 19:15:00,2023-03-19 20:15:00,28399.3865296875,28147.685318793476,0.08910665831922529,28150.50036883036,28897.158851401786,stop_loss,13,2.530574431976474,2.5081461781788046,-22.42825379766918,-27.46697440782446,22.17741409588113,-1.238511139715145,87.63786520422455,False
2023-03-19 23:05:00,2023-03-19 23:55:00,28236.4151551796,28003.3458693516,0.1142370906023834,28042.52062403674,28624.20421746531,stop_loss,11,3.2256459163687636,3.1990207592469977,-26.625157121765813,-33.04982379738157,22.149947121473307,-1.4920949298944988,68.66825341576354,False
2023-03-20 05:15:00,2023-03-20 07:10:00,27563.5451409062,27876.0619422092,0.14028904903515804,27405.892797763343,27878.849827191916,take_profit,24,3.8668635358553822,3.9107062207176893,43.84268486230702,36.065115105733945,22.116897297675926,1.630658885843075,57.19596022098434,False
2023-03-20 07:15:00,2023-03-20 08:35:00,27969.886551984302,28438.612718869277,0.0939540162822535,27734.101395698588,28441.456864555734,take_profit,17,2.627883176517916,2.6719218824333457,44.03870591542922,38.738900856477954,22.152962412781662,1.748700699014713,84.2996469962394,False
2023-03-20 08:40:00,2023-03-20 10:25:00,28349.0045379921,28129.264917187502,0.05659641666333056,27956.90018542067,29133.213243134956,signal,21,1.6044520728228497,1.5920155976863506,-12.436475136499261,-15.632942807008462,22.19170131363814,-0.7044499466744838,138.31327024056495,False
2023-03-20 13:00:00,2023-03-20 13:30:00,28319.4801018437,28134.348305927197,0.12163395098052446,28137.16202212941,28684.116261272276,stop_loss,7,3.4446102545015944,3.42209194271215,-22.518311789444336,-29.38501398665808,22.176068370831132,-1.3250777141952312,64.37903487586237,False
2023-03-20 18:35:00,2023-03-20 22:35:00,27958.6041738593,28007.4392099766,0.0840433288806511,27695.0891078593,28485.634305859305,max_holding,48,2.3497341656276016,2.3538384246289064,4.104259001304698,-0.5993135889518104,22.146683356844473,-0.02706109891468654,94.25186764022395,False
2023-03-21 02:45:00,2023-03-21 03:15:00,27904.6886268437,27839.9247131016,0.13202541232204604,27736.94755598656,28240.170768557986,signal,6,3.6841280216773487,3.6755775392619583,-8.550482415390077,-15.910187976329384,22.146084043255527,-0.7184199222424041,60.11214570435211,False
2023-03-21 04:30:00,2023-03-21 05:35:00,27961.5693143437,27844.0649240391,0.21720490283399177,27859.683152629415,28165.341637772268,stop_loss,14,6.073389946007949,6.047867416329271,-25.522529678677856,-37.643787041015074,22.130173855279196,-1.7010163267214946,36.43792684483466,False
2023-03-21 09:15:00,2023-03-21 10:20:00,27730.651693890602,28137.5586389087,0.10784182906616373,27525.791202747747,28140.372676176317,take_profit,14,2.990524199865874,3.0344057890763505,43.881589210476584,37.85665922153436,22.092530068238183,1.7135501956817443,73.87510881613679,False
2023-03-21 10:25:00,2023-03-21 14:15:00,28181.526854898402,27931.8354431094,0.07659510743479706,27892.599957755545,28759.380649184117,signal,46,2.1585670771275614,2.139441936616037,-19.125140511524684,-23.423149525268283,22.130386727459715,-1.058415734606413,102.52350720047562,False
2023-03-21 16:05:00,2023-03-21 16:35:00,28066.7712394843,28401.293548945207,0.13105753588131752,27898.08987805573,28404.13396234144,take_profit,7,3.6783618787914443,3.722203548366718,43.84166957527395,36.441104148115784,22.106963577934447,1.6483993389525744,60.10002361485398,False
2023-03-21 16:40:00,2023-03-21 17:55:00,28309.0552314609,28076.03194576364,0.09618559191606198,28078.839829746616,28769.48603488947,stop_loss,16,2.7229232340225575,2.700509751357541,-22.413482665016726,-27.836915650396822,22.143404682082558,-1.2571199438413911,81.32217759723709,False
2023-03-21 23:40:00,2023-03-22 03:40:00,28143.497661359303,28251.209752484403,0.15713967473488458,28002.759379930732,28424.974224216447,max_holding,48,4.422460068407986,4.439385911372399,16.925842964412528,8.063996984632144,22.115567766432168,0.36462988740772817,50.00738825075116,False
2023-03-22 03:45:00,2023-03-22 06:35:00,28249.2113566718,28251.1921762422,0.17967780368754155,28126.081892100374,28495.470285814656,signal,34,5.075756252471945,5.076112161781856,0.3559093099105982,-9.795959104343202,22.123631763416796,-0.44278259596336295,43.586867971925095,False
2023-03-22 11:00:00,2023-03-22 14:20:00,28207.238409796802,28425.839736393486,0.19972377978639697,28096.51631236823,28428.68260465395,take_profit,41,5.633656272540655,5.677316155754864,43.65988321421017,32.34891078591465,22.113835804312455,1.4628358043431902,39.25307958900305,False
2023-03-22 14:25:00,2023-03-22 14:45:00,28421.304736289,28756.360733194746,0.13106891280142885,28252.338776003282,28759.23665686043,take_profit,5,3.7251495121834997,3.769064937425535,43.915425242035134,36.4212107924261,22.14618471509837,1.644581730937862,59.450458680025875,False
2023-03-22 14:50:00,2023-03-22 15:50:00,28758.2329567421,28520.690613703202,0.09588845394188374,28526.895345027813,29220.90818017067,stop_loss,13,2.7575824963225277,2.7348049283027955,-22.77756801973254,-28.269955444357866,22.182605925890797,-1.2744199459163685,80.44222051551749,False
2023-03-22 17:00:00,2023-03-22 17:15:00,28686.833239484302,28509.10927515147,0.1266883128095158,28511.96047119859,29036.578776055732,stop_loss,4,3.634286502958203,3.611770953771058,-22.515549187145066,-29.761606643874327,22.154335970446436,-1.343376153705346,60.95924455161543,False
2023-03-22 23:05:00,2023-03-23 01:50:00,27294.4459676796,27206.1404418672,0.0975291001145686,27067.59496282246,27748.14797739388,signal,33,2.662002753353507,2.65339039488588,-8.612358467627224,-13.927751615866612,22.12457436380256,-0.6295150083724749,83.11251495112361,False
2023-03-23 03:00:00,2023-03-23 05:35:00,27380.4330815312,27562.712247223222,0.23898788298664764,27287.91522524548,27565.46879410263,take_profit,32,6.543591737412714,6.587154249334023,43.562511921309074,30.43176593456234,22.11064661218669,1.3763399356122543,33.78977096900772,False
2023-03-23 05:40:00,2023-03-23 09:40:00,27559.3396423984,27671.7130199532,0.1641063493377548,27424.420558112688,27829.17781096983,max_holding,48,4.522662618873267,4.541103803626538,18.441184753271248,9.377418330771444,22.141078378121257,0.42353033445912713,48.955848012464116,False
2023-03-23 10:20:00,2023-03-23 11:10:00,27688.7451596562,27601.411639879065,0.2619089890635705,27604.172057084772,27857.89136479905,stop_loss,11,7.251931253204387,7.229057819328194,-22.873433876192486,-37.354422948725066,22.15045579645203,-1.6863952277997074,30.54421646187625,False
2023-03-23 15:05:00,2023-03-23 17:55:00,28134.2740830937,28291.7349965547,0.06325633433820928,27784.69484166513,28833.432565950843,signal,34,1.7796710477629913,1.7896314479500803,9.960400187088855,6.391097691375782,22.1131013735033,0.2890186041038016,124.2538692827475,False
2023-03-23 20:20:00,2023-03-24 00:20:00,28206.1933833046,28355.839913421903,0.06856194799833604,27883.572846447456,28851.434457018888,max_holding,48,1.93387156397714,1.944131621593174,10.260057616034079,6.382054430463764,22.119492471194675,0.28852625975821355,114.37932530381912,False
2023-03-24 05:45:00,2023-03-24 07:40:00,28298.1947705234,28268.700190265703,0.2057943138988127,28190.680261951973,28513.223787666255,signal,23,5.823607577374832,5.8175377604669665,-6.069816907866538,-17.710962245708338,22.125874525625136,-0.8004638291334584,37.99341599112185,False
2023-03-24 13:05:00,2023-03-24 13:40:00,27972.7930926093,27827.1877059297,0.07479789895246888,27677.221106323585,28563.93706518073,signal,7,2.09230615115931,2.081415174159514,-10.890976999795818,-15.064698325114641,22.108163563379424,-0.68140885071378,105.66409486073385,False
2023-03-24 14:30:00,2023-03-24 15:45:00,28127.5702877812,27951.917418711,0.053096516056152565,27711.477095495484,28959.756672352632,signal,15,1.4934759874057344,1.4841494320228392,-9.326555382895128,-12.304180802323701,22.09309886505431,-0.5569241724521408,147.93072705126963,False
2023-03-24 16:25:00,2023-03-24 17:00:00,28009.4432422578,27878.114252765703,0.11283187355763459,27813.74681368637,28400.836099400658,signal,7,3.160357958330175,3.145539862393351,-14.81809593682413,-21.12399375754766,22.08079468425198,-0.9566681842575752,69.86801803906643,False
2023-03-24 19:35:00,2023-03-24 20:30:00,27861.6335407656,27698.36565890264,0.13744534223818275,27701.135772479887,28182.629077337027,stop_loss,12,3.8294517573253595,3.8070113474262017,-22.440409899157874,-30.076873003909434,22.059670690494432,-1.3634325473802125,57.60529728125307,False
2023-03-25 03:20:00,2023-03-25 04:45:00,27620.9532251406,27530.43316563503,0.2510016163565625,27533.18648428346,27796.48670685489,stop_loss,18,6.932903904819299,6.910183223570708,-22.720681248590825,-36.56376837698083,22.02959381749052,-1.6597568107656537,31.775420689412694,False
2023-03-25 07:30:00,2023-03-25 08:25:00,27573.9778250703,27480.79978254228,0.24320586087393434,27483.548137356014,27754.837200498863,stop_loss,12,6.706153014664998,6.6834915686174226,-22.66144604757503,-36.05109063085745,21.99303004911354,-1.639205264138242,32.79530007892638,False
2023-03-25 10:45:00,2023-03-25 12:35:00,27522.300782882798,27430.760555609402,0.20043965901385963,27412.75669831137,27741.388952025653,signal,22,5.51656058419791,5.498212292257179,-18.348291940730594,-29.36306481718568,21.956978958482683,-1.3372998568112118,39.80193568684455,False
2023-03-25 13:55:00,2023-03-25 17:35:00,27579.7459798281,27487.7646196329,0.1566320716777236,27439.751560685243,27859.734818113815,signal,44,4.319872749165845,4.305465518162736,-14.407231003109233,-23.03256927043781,21.9276158936655,-1.0503909491177978,50.75986531755978,False
2023-03-25 21:20:00,2023-03-28 00:00:00,27439.9429379218,27130.1753821329,0.18666933065950878,27322.59863049323,27674.631552778945,stop_loss,609,5.122195781556978,5.064371679257832,-57.82410229914629,-68.0106697599611,21.904583324395063,-3.1048602364518776,42.764049361925785,False
2023-03-28 06:15:00,2023-03-28 08:20:00,27063.2919955937,26971.1795653047,0.1637848055656789,26929.967218736554,27329.94154930799,signal,25,4.432556017465508,4.417469400980442,-15.086616485065761,-23.936641903511713,21.8365726546351,-1.0961721091533496,49.2640647260698,False
2023-03-28 11:55:00,2023-03-28 12:25:00,27139.0124578828,26910.208444480784,0.09646797261995853,26912.89973445423,27591.23790473994,stop_loss,7,2.6180455107197513,2.595973251419549,-22.072259300202276,-27.28627806234158,21.81263601273159,-1.250939044983611,83.31648905039422,False
2023-03-28 14:30:00,2023-03-28 16:45:00,26994.2792360078,26917.7610796875,0.1076591107828794,26791.92432543637,27398.98905715066,signal,27,2.9061800987733446,2.8979422221051565,-8.237876668188521,-14.041998989067022,21.785349734669246,-0.6445615590334342,74.96214616521708,False
2023-03-28 18:50:00,2023-03-28 21:50:00,27248.0077313203,27142.806931851603,0.12444358315396281,27073.05851189173,27597.906170177444,signal,36,3.3908397158923793,3.377748151455833,-13.091564436546207,-19.86015230389442,21.771307735680182,-0.9122167829792952,64.20624258245292,False
2023-03-28 23:45:00,2023-03-29 03:45:00,27292.4145145546,27368.8409671875,0.19667881397797152,27181.8207645546,27513.602014554595,max_holding,48,5.367839717317774,5.382871181378157,15.031464060382884,4.2807531616869525,21.751447583376287,0.19680313897630206,40.52179038282676,False
2023-03-29 04:35:00,2023-03-29 06:25:00,27552.016644171803,27776.774402650302,0.19122913041998976,27438.248787314657,27779.552357886092,take_profit,23,5.2687481841820585,5.311728414891047,42.98023070898953,32.39975410991642,21.755728336537974,1.4892516402451204,41.292025308503945,False
2023-03-29 06:30:00,2023-03-29 08:20:00,27992.724773578102,28424.668851560687,0.10022441633570663,27775.331359006672,28427.51160272096,take_profit,23,2.8055545020779404,2.84884584518341,43.29134310546957,37.63694275820822,21.78812809064789,1.7274059800650388,77.66068374187869,False
2023-03-29 08:25:00,2023-03-29 11:40:00,28480.1641376406,28305.4035515625,0.09384002317670097,28247.579316212028,28945.33378049775,signal,39,2.6725792627524414,2.656179725304499,-16.39953744794279,-21.72829643599973,21.825765033406096,-0.9955342414225947,81.66554810025777,False
2023-03-29 13:00:00,2023-03-29 15:00:00,28458.308436289,28288.1728528047,0.12128582159500004,28278.53444086043,28817.85642714614,signal,24,3.4515893198992322,3.4309542858737943,-20.63503402543824,-27.517577631211267,21.804036736970094,-1.2620405094325269,63.171005343146255,False
2023-03-29 15:50:00,2023-03-29 16:45:00,28438.1443110781,28312.162640586,0.14640116181251633,28289.398775935242,28735.635381363816,signal,11,4.163377366933836,4.144933504006711,-18.443862927124975,-26.752173798065524,21.776519159338886,-1.228487142610798,52.304937170219674,False
2023-03-29 19:10:00,2023-03-29 22:10:00,28334.4503487187,28265.4348918282,0.2026168633509741,28227.1060407187,28549.138964718695,signal,36,5.741037454431297,5.72705375903341,-13.98369539788711,-25.451786611351817,21.74976698554082,-1.170209622396051,37.88473278249207,False
2023-03-29 23:15:00,2023-03-30 00:10:00,28434.0130379921,28362.667355609403,0.19009704042911885,28319.732904277815,28662.573305420672,signal,11,5.405221726045276,5.391659122976931,-13.562603068346508,-24.359483917368713,21.724315198929467,-1.121300427392487,40.19134884744874,False
2023-03-30 02:25:00,2023-03-30 02:35:00,28682.3073969453,29076.52221964332,0.10928588128651501,28483.746014088156,29079.430162659588,take_profit,3,3.134571241205895,3.177653355520656,43.08211431476045,36.7698897180339,21.699955715012102,1.6944684220067956,69.22782749280871,False
2023-03-30 02:40:00,2023-03-30 03:05:00,29139.7183674687,28836.21782872338,0.07230712987510308,28839.10173889727,29740.951624611564,stop_loss,6,2.1070094005204862,2.0850641476482648,-21.945252872221626,-26.137326420390377,21.736725604730132,-1.2024500329848498,103.16387577274499,False
2023-03-30 04:55:00,2023-03-30 05:30:00,28620.555128335902,28494.574085617198,0.12760253284539577,28450.41282947876,28960.839726050184,signal,7,3.6520553258169426,3.635979825675532,-16.075500141410632,-23.363535292903105,21.710588278309736,-1.0761355239850765,59.447588662839365,False
2023-03-30 06:15:00,2023-03-30 09:05:00,28648.2063301796,28539.11999018941,0.20414936777194956,28541.97418760817,28860.67061532246,stop_loss,35,5.848513210106528,5.826243302764976,-22.269907341553232,-33.94466385442473,21.687224743016838,-1.5651916857344654,37.08160341595913,False
2023-03-30 11:35:00,2023-03-30 13:40:00,28640.8598926093,28553.7361368204,0.22647785832886216,28545.251075752156,28832.077526323592,signal,25,6.48652060917516,6.466789007554523,-19.731601620636848,-32.68491123736653,21.653280079162414,-1.5094669776529688,33.3819645135081,False
2023-03-30 20:00:00,2023-03-31 00:05:00,27971.1562109375,28050.4583446329,0.17651717040650408,27848.67183665179,28216.12495950892,max_holding,49,4.937389347353,4.95138753560011,13.998188247110415,4.109411364157306,21.620595167925046,0.19006929884399157,43.7895285278973,False
2023-03-31 03:25:00,2023-03-31 05:50:00,28158.0870111484,28043.002297032057,0.19259600001318034,28045.806877719828,28382.64727800555,stop_loss,30,5.42313492637027,5.400970070768802,-22.16485560146807,-32.98896059860714,21.6247045792892,-1.5255219084103429,39.87491528956429,False
2023-03-31 10:20:00,2023-03-31 12:30:00,27874.2480830937,28122.087378821096,0.17228455450385616,27748.922190236557,28124.899868807977,take_profit,27,4.802302413125765,4.845001295778709,42.6988826529441,33.051578944039626,21.591715618690596,1.530752790918983,44.96117437268344,False
2023-03-31 12:35:00,2023-03-31 13:35:00,28164.120817468698,28500.407769944835,0.12752810488392452,27994.55217832584,28503.25809575441,take_profit,13,3.59171695357367,3.6346029913201425,42.88603774647217,35.65971780157835,21.624767197634633,1.6490220438293965,60.20732556923374,False
2023-03-31 13:40:00,2023-03-31 17:15:00,28449.0536048984,28427.549538742198,0.07666408267386589,28166.516774612683,29014.127265469833,signal,43,2.1810205975591734,2.17937200805355,-1.64858950562332,-6.008982111236044,21.66042691543621,-0.27741752896632743,99.31326159723966,False
2023-03-31 19:40:00,2023-03-31 20:25:00,28488.977518890602,28347.5633971563,0.16722278792650005,28359.483098890603,28747.9663588906,stop_loss,10,4.764006245884271,4.740358582195683,-23.647663688587475,-33.15202851666743,21.654417933324975,-1.5309591150750006,45.45421818460608,False
